"","time","MR_mean_summ","MR_sd_summ"
"1",1,0.741023261415735,0.263912512853467
"2",2,0.728581494632623,0.279742907159413
"3",3,0.702031530710394,0.28687737261377
"4",4,0.736188770211271,0.279458661708814
"5",5,0.673704790704189,0.328723056041156
"6",6,0.656341517682152,0.328238007964772
"7",7,0.684248477450066,0.313512914896361
"8",8,0.699120927042365,0.293902510620796
"9",9,0.705444928648735,0.292971021936841
"10",10,0.663698376771523,0.307596959965998
"11",11,0.648721948889006,0.302756844276197
"12",12,0.665921662551566,0.302787012065776
"13",13,0.715348279321103,0.297535688881384
"14",14,0.729540256726058,0.285497567916042
"15",15,0.749337861844317,0.279692299840981
"16",16,0.741132420834721,0.294660076615546
"17",17,0.735133816415941,0.289882045359206
"18",18,0.669297543531206,0.326386048292857
"19",19,0.71297986445328,0.311874254761055
"20",20,0.668506364878305,0.33537228634085
"21",21,0.690157778168435,0.318804863531053
"22",22,0.67961953366123,0.318999651772044
"23",23,0.674912329763299,0.323045173483266
"24",24,0.70368242012365,0.300276534895562
"25",25,0.74480368675946,0.28621198759852
"26",26,0.692258668477732,0.310689536935699
"27",27,0.69984946895476,0.298507364009001
"28",28,0.692118644014035,0.301578711481273
"29",29,0.724579270929407,0.293078399205918
"30",30,0.754007960910957,0.278124806345475
"31",31,0.726838156002563,0.284342352621248
"32",32,0.668693685208988,0.305904201358925
"33",33,0.710261480396924,0.296601841742715
"34",34,0.67170901472858,0.317642407989288
"35",35,0.692423703119929,0.296227471771923
"36",36,0.707837705171272,0.285161783231698
"37",37,0.738629631821519,0.271288240247479
"38",38,0.730575518004039,0.282824192772068
"39",39,0.695317680453164,0.299812678529736
"40",40,0.732465090102307,0.281441901301182
"41",41,0.737302832590167,0.286314228080527
"42",42,0.69452148648691,0.309481883103604
"43",43,0.714136902571426,0.293219648589061
"44",44,0.727742620252292,0.283111520929325
"45",45,0.753284133253992,0.27867497922212
"46",46,0.739545088491495,0.282658172876725
"47",47,0.743413886332584,0.282082314680254
"48",48,0.735737197471373,0.286791914109924
"49",49,0.712262727143258,0.276082472818485
"50",50,0.716444076988112,0.271466404644029
"51",51,0.72621375665303,0.278144950391789
"52",52,0.728299254433685,0.288907816080937
"53",53,0.751370192152504,0.280966250250591
"54",54,0.749815492617095,0.27679199975499
"55",55,0.770759656892625,0.268464473027591
"56",56,0.749723555156918,0.286860940602669
"57",57,0.732019262236913,0.28403083609955
"58",58,0.753415754022036,0.271940942123589
"59",59,0.75701132104927,0.266108176788149
"60",60,0.72699532426508,0.285393932009294
"61",61,0.708076665304757,0.296903923223864
"62",62,0.733503338574693,0.285825278093466
"63",63,0.715907323585427,0.280386692023372
"64",64,0.734754654708442,0.280278224610173
"65",65,0.742633079140411,0.276370553997888
"66",66,0.720386845350541,0.284212464605336
"67",67,0.709924636513056,0.284057143825721
"68",68,0.748886750708336,0.269201460483979
"69",69,0.729448741305106,0.280425261196315
"70",70,0.727420351815735,0.293170946620698
"71",71,0.734635589056597,0.286081413090082
"72",72,0.744954895072989,0.273920148391213
"73",73,0.745921393860506,0.276071656602187
"74",74,0.764638824011036,0.273626865917084
"75",75,0.696484444921919,0.305634989792452
"76",76,0.645461485160254,0.34473224248069
"77",77,0.683363042960801,0.322713641885055
"78",78,0.684366744064962,0.305093696389928
"79",79,0.670053410764773,0.316210695837078
"80",80,0.667220003114615,0.309796942117345
"81",81,0.720557757453346,0.298412505278112
"82",82,0.653503480878257,0.321560658342836
"83",83,0.688041882308007,0.307666752147833
"84",84,0.71165092076945,0.292935897906889
"85",85,0.733223647577831,0.290472177320715
"86",86,0.649436352215047,0.333042235098886
"87",87,0.661039946357847,0.337101250452102
"88",88,0.683645711845246,0.312768539086083
"89",89,0.637822969211014,0.32597933374812
"90",90,0.6343310707292,0.33256560837914
"91",91,0.675767932812432,0.313061266740353
"92",92,0.631555582666127,0.333000907470801
"93",93,0.671136018245471,0.315427536127193
"94",94,0.651496765968319,0.337405716623269
"95",95,0.665798160514464,0.332669866070763
"96",96,0.67244664843059,0.33052868458123
"97",97,0.713123271113348,0.307405646498167
"98",98,0.689292813728847,0.319427671821498
"99",99,0.709828538185318,0.309697481121947
"100",100,0.713353139609243,0.320131414984982
"101",101,0.690830723799035,0.314480807048741
"102",102,0.735336122997511,0.293945261684899
"103",103,0.728452605770925,0.295229520651162
"104",104,0.733019965917291,0.285731779496167
"105",105,0.730723746302531,0.282458354104845
"106",106,0.722366868152578,0.286742042635131
"107",107,0.70894322100703,0.286614479549666
"108",108,0.678115019493071,0.316809316826006
"109",109,0.737520701694105,0.291971070532926
"110",110,0.721190379294176,0.303477008583233
"111",111,0.703268238868825,0.304245319821508
"112",112,0.722037759600699,0.292330351932861
"113",113,0.709275512244594,0.30470302330425
"114",114,0.706462201745813,0.294932732206968
"115",115,0.687262949387148,0.309162073726988
"116",116,0.708522652715278,0.29520428763138
"117",117,0.725711525951396,0.2785210098124
"118",118,0.757917113189815,0.274791361005792
"119",119,0.756881191085795,0.274281349492507
"120",120,0.742590315756778,0.277973634491881
"121",121,0.744778838050942,0.280169510636179
"122",122,0.750479725554117,0.274011414754696
"123",123,0.758898021891931,0.274525789001936
"124",124,0.767828315988656,0.267574231791566
"125",125,0.755177188289733,0.274023633467403
"126",126,0.726847437799209,0.288963085202299
"127",127,0.715264918345646,0.292291393634362
"128",128,0.718102447206287,0.287251715057476
"129",129,0.746663935203215,0.279494458427972
"130",130,0.745404970827278,0.281112695878076
"131",131,0.762166162185749,0.277132417379041
"132",132,0.765275556074495,0.275136347233834
"133",133,0.719063705090706,0.300034045759744
"134",134,0.712313630592687,0.300239069066384
"135",135,0.696437501261302,0.308137228546725
"136",136,0.724662446687317,0.296295824028232
"137",137,0.712198128201602,0.290917150964786
"138",138,0.735010939140946,0.277537892885971
"139",139,0.691935739168079,0.297456046642282
"140",140,0.71855497436275,0.283153734321086
"141",141,0.737846978101397,0.276779895836826
"142",142,0.724982149615026,0.277000753433474
"143",143,0.721519604223005,0.286164287377125
"144",144,0.723217254476247,0.283033451776569
"145",145,0.657069114092672,0.325789045199716
"146",146,0.62766578191305,0.330937499229531
"147",147,0.65887173801008,0.324375598200282
"148",148,0.672188536911322,0.313793272369497
"149",149,0.638763058199828,0.342563869296523
"150",150,0.637729404680539,0.330346014918096
"151",151,0.678135785388254,0.314562812785709
"152",152,0.593729226739522,0.351581869991702
"153",153,0.635836518558742,0.340289871151986
"154",154,0.678101296573034,0.325492881105679
"155",155,0.663831112064323,0.322225027857244
"156",156,0.657694871341061,0.326562854182967
"157",157,0.657259410659778,0.313228556647968
"158",158,0.67674135812807,0.312517879073222
"159",159,0.702027158625245,0.315459840553299
"160",160,0.698080171548288,0.307928495255716
"161",161,0.675213665927067,0.328342456638897
"162",162,0.703975001282186,0.312380867899957
"163",163,0.693281824583414,0.327567670915052
"164",164,0.70432716645813,0.310339567333809
"165",165,0.670416759099564,0.31774586366639
"166",166,0.674250442262739,0.30741599432945
"167",167,0.653764017589649,0.316111060497156
"168",168,0.659382874649234,0.309887078208124
"169",169,0.708690369011055,0.299240542681478
"170",170,0.688887040979411,0.314417973917268
"171",171,0.694527650684628,0.322681589659493
"172",172,0.685207178188432,0.303277800633805
"173",173,0.702587751691311,0.298091269472177
"174",174,0.703564136158878,0.293867014447074
"175",175,0.697036301780122,0.297145768875442
"176",176,0.718698334743461,0.294660107620919
"177",177,0.7022176608143,0.305250659128235
"178",178,0.695925350833261,0.3077270919466
"179",179,0.716765339532238,0.300858464091777
"180",180,0.702406477164582,0.302900550761162
"181",181,0.68470384728736,0.299471533084389
"182",182,0.707342874099539,0.297033599846973
"183",183,0.702181952750842,0.293391042338701
"184",184,0.708303785400928,0.294768689802444
"185",185,0.733805179478727,0.285421577339049
"186",186,0.737355268136185,0.281134575220638
"187",187,0.734412670401551,0.28474350096092
"188",188,0.717543065276649,0.291443265983953
"189",189,0.74013985994647,0.284955558072355
"190",190,0.699239118624461,0.311924655051066
"191",191,0.659606377929126,0.345814375395749
"192",192,0.713257808969287,0.318249826615164
"193",193,0.694128379814188,0.320634482131839
"194",194,0.667687632630602,0.332513121171173
"195",195,0.692954301233571,0.314852676096812
"196",196,0.705401986469186,0.300858679546595
"197",197,0.707571879093422,0.301953365741047
"198",198,0.66369974447632,0.315831929098354
"199",199,0.671269511421829,0.313145271096365
"200",200,0.676715087148103,0.317132435550064
"201",201,0.707834518349026,0.302908023365288
"202",202,0.695065705922572,0.304985896728091
"203",203,0.657817538789604,0.319505447398674
"204",204,0.680287781957819,0.31664857258246
"205",205,0.647327860265499,0.323214592749619
"206",206,0.642350521587454,0.327679777062007
"207",207,0.666249661853455,0.335243183582216
"208",208,0.668278072601863,0.329581428571593
"209",209,0.68400808946567,0.317097069111209
"210",210,0.660195689436284,0.330669122486124
"211",211,0.672028778912118,0.328361485432274
"212",212,0.669981887188472,0.321183473309018
"213",213,0.687230312624555,0.316916189747954
"214",214,0.671896745882801,0.327196230179806
"215",215,0.667485037271912,0.32240362951371
"216",216,0.653586003836934,0.322383185823804
"217",217,0.625843120448216,0.343357965927103
"218",218,0.653711887181664,0.337072459560714
"219",219,0.66306399355317,0.339133045447956
"220",220,0.674801114421198,0.32957873334897
"221",221,0.64622831055575,0.341117239553049
"222",222,0.689653629027416,0.318025432870901
"223",223,0.689958619468937,0.313327591027784
"224",224,0.681513015443627,0.328291534243796
"225",225,0.699617672649273,0.315523645663951
"226",226,0.715938654303968,0.309249977332729
"227",227,0.680967451482591,0.336397766178676
"228",228,0.683969597244312,0.329283272229513
"229",229,0.668050290706464,0.34154002323197
"230",230,0.663627393083138,0.333507130037025
"231",231,0.714065442935064,0.309813327366243
"232",232,0.686771059222257,0.311611727939627
"233",233,0.680727400637603,0.316090780266473
"234",234,0.691570532796914,0.322987776263763
"235",235,0.666436814296306,0.331117391035682
"236",236,0.727313309488808,0.30894993337781
"237",237,0.707713809370007,0.325769223681619
"238",238,0.667841232408028,0.329962491324511
"239",239,0.650475359092524,0.339851612746521
"240",240,0.678657644879128,0.320074095709241
"241",241,0.693921021654697,0.313175312429271
"242",242,0.72065429385662,0.310370258403707
"243",243,0.697482657159102,0.313363260787602
"244",244,0.713057190190206,0.309583734461987
"245",245,0.708746990767088,0.296780106146612
"246",246,0.718367059435045,0.302202011398763
"247",247,0.688501693113366,0.317592662585697
"248",248,0.677376617918633,0.333946797038152
"249",249,0.710221423432296,0.314049213256846
"250",250,0.707823095981864,0.307445654741678
"251",251,0.681306854834453,0.320329933688766
"252",252,0.661003213926856,0.314266779802477
"253",253,0.650822056383155,0.326190981632402
"254",254,0.679636589425911,0.314548756524804
"255",255,0.699555852126828,0.319526142146378
"256",256,0.672975526988255,0.331043100220209
"257",257,0.646095584132247,0.339243975616496
"258",258,0.705814895530376,0.318764020813742
"259",259,0.704722188448696,0.30820745997892
"260",260,0.702498926259525,0.316107868333404
"261",261,0.688910156724142,0.315178649304423
"262",262,0.679952829110907,0.321523065987931
"263",263,0.706828551277269,0.305354387993227
"264",264,0.706848912746544,0.304921679403107
"265",265,0.705465264996033,0.306034771156871
"266",266,0.66737573375852,0.320084849358592
"267",267,0.710948610232468,0.310008608347931
"268",268,0.681905430786288,0.321944592770959
"269",269,0.72868595679499,0.30543486531952
"270",270,0.709381819071081,0.30621249334809
"271",271,0.723484310602442,0.294844265601194
"272",272,0.669479659624966,0.313653072882559
"273",273,0.672871311292303,0.307642294771964
"274",274,0.665148998125405,0.31936495524013
"275",275,0.701848401039724,0.319152513809244
"276",276,0.707654009917492,0.312102460188116
"277",277,0.690707191373298,0.306144721109382
"278",278,0.681415253622822,0.310659625849618
"279",279,0.662585946910317,0.329244561135605
"280",280,0.65177122707437,0.327093129007833
"281",281,0.642542174901792,0.327284558555359
"282",282,0.691866428419313,0.322452405193845
"283",283,0.715339819340372,0.306041109260864
"284",284,0.739146592201962,0.295596084914827
"285",285,0.711619623123219,0.315693219291912
"286",286,0.676988567291357,0.329856500255174
"287",287,0.648341796233332,0.342808930013134
"288",288,0.658063608035125,0.329794966739965
"289",289,0.685917000814787,0.311640260553768
"290",290,0.668397575303896,0.322575758371723
"291",291,0.68346130093456,0.314412825781236
"292",292,0.704704292082499,0.300551449834896
"293",293,0.676085900177722,0.320530202364659
"294",294,0.69788549991642,0.307609682283537
"295",295,0.693449269819499,0.303317462519009
"296",296,0.701203638498254,0.299279919624956
"297",297,0.680338501609134,0.300663573552757
"298",298,0.688637513710892,0.318013344944573
"299",299,0.676149045475151,0.31951343913552
"300",300,0.660516523182945,0.316862662555473
"301",301,0.683275040963302,0.3111014760083
"302",302,0.67549853663909,0.317969478757672
"303",303,0.688884768803461,0.305175217622721
"304",304,0.724937193057276,0.291266910881717
"305",305,0.677824422235755,0.324588581109958
"306",306,0.721748235791152,0.305295620429354
"307",307,0.716856163885517,0.304506750808781
"308",308,0.678057674579157,0.317868067029969
"309",309,0.691768295482924,0.309550951422676
"310",310,0.684450927241401,0.312460579287775
"311",311,0.656918672536597,0.33144419976119
"312",312,0.662163995987338,0.326532782353402
"313",313,0.664294316995262,0.331277263232088
"314",314,0.672317875494483,0.328375869282134
"315",315,0.626985335977779,0.343109832309659
"316",316,0.632100265868106,0.342972192567901
"317",317,0.636939167117823,0.341982583776516
"318",318,0.685984583868864,0.321949237301364
"319",319,0.682199338143127,0.323264803462788
"320",320,0.68591084331911,0.312254925046872
"321",321,0.690480903263704,0.313516638320669
"322",322,0.678478403377207,0.311879392260374
"323",323,0.657339555952154,0.333668623734177
"324",324,0.605572281808831,0.349792592316277
"325",325,0.64115865110322,0.339302915169548
"326",326,0.66113812355835,0.331354292383045
"327",327,0.652101802893248,0.339753348989314
"328",328,0.665013197140489,0.319651310956438
"329",329,0.637912885587383,0.34052015556303
"330",330,0.681215226201046,0.32495827976311
"331",331,0.680319455172785,0.329025712718828
"332",332,0.653496248324624,0.335397136784872
"333",333,0.679838742988106,0.314140810942243
"334",334,0.649620445118822,0.329578520171037
"335",335,0.693020203545165,0.320190385610077
"336",336,0.691140344466825,0.319684929825728
"337",337,0.664087596444995,0.316387648047798
"338",338,0.641509910447491,0.332391723055294
"339",339,0.676056774423759,0.319416740116076
"340",340,0.649821360738661,0.337198467096126
"341",341,0.621496009484835,0.353930214372946
"342",342,0.638293110417767,0.336342047429424
"343",343,0.66823327218027,0.328667650628969
"344",344,0.667012570349533,0.329555617130216
"345",345,0.676379240432708,0.320609496377281
"346",346,0.690222402880709,0.314633887895612
"347",347,0.69703683325716,0.312702041864801
"348",348,0.693505664828823,0.316973576437053
"349",349,0.696803953354266,0.307984869236857
"350",350,0.6714145778327,0.317321269747939
"351",351,0.697026141669112,0.303365894337243
"352",352,0.682431784526546,0.303586298133205
"353",353,0.682176752199346,0.307610806485997
"354",354,0.686684634595217,0.316299341186319
"355",355,0.69582407665449,0.305364536380832
"356",356,0.649086078232624,0.337088899294122
"357",357,0.660959431202301,0.326358903347463
"358",358,0.668006333736101,0.314736650548241
"359",359,0.683232706899481,0.315075690033673
"360",360,0.674421703233071,0.32533395677684
"361",361,0.707349212334505,0.309795339708887
"362",362,0.68973792970311,0.317652018062711
"363",363,0.689758442439274,0.317058979098391
"364",364,0.638730344769856,0.335059881631772
"365",365,0.676802088376973,0.319166335321043
"366",366,0.654214803576921,0.325084237556169
"367",367,0.635040033407068,0.324571949312458
"368",368,0.645830964945733,0.323667437353286
"369",369,0.606367614709083,0.3474027624028
"370",370,0.664059306365623,0.333997646323036
"371",371,0.663504160633246,0.332564619311104
"372",372,0.67457229991824,0.32605034992087
"373",373,0.671074171799672,0.320987969092577
"374",374,0.689541221750589,0.305352331096396
"375",375,0.682058637706482,0.318113071318193
"376",376,0.677707026527221,0.324792722900896
"377",377,0.668198528409888,0.314155320061828
"378",378,0.676522265823392,0.317139037725789
"379",379,0.696008626380344,0.309781170265175
"380",380,0.679744204995177,0.324592908316694
"381",381,0.672732773218818,0.316919822264745
"382",382,0.704712451734548,0.306117484820859
"383",383,0.703891070970128,0.298042370477201
"384",384,0.690319875625072,0.320638353824813
"385",385,0.69633137734654,0.32405244991133
"386",386,0.675532316437601,0.321734679546041
"387",387,0.70304844641177,0.315630039287426
"388",388,0.692357289329261,0.318519712991651
"389",389,0.69193207006122,0.308503554110431
"390",390,0.720049977874498,0.295065675272545
"391",391,0.714743717305379,0.303179250590274
"392",392,0.672324589635875,0.322904353160586
"393",393,0.682025907021374,0.320187054446744
"394",394,0.675819352436463,0.32963938064225
"395",395,0.677456194035119,0.331958266588573
"396",396,0.615914005932248,0.357111663408116
"397",397,0.636775142534861,0.341783206107518
"398",398,0.651835149153663,0.317055140545218
"399",399,0.651932005050194,0.320097957227243
"400",400,0.634093949583286,0.33568074630904
"401",401,0.615007366442764,0.33486838474786
"402",402,0.610222826333021,0.34756338663633
"403",403,0.618508752734509,0.3335325343089
"404",404,0.657017368998691,0.321246957921461
"405",405,0.655784686802182,0.321630273750752
"406",406,0.681632521611635,0.328169367940213
"407",407,0.663713986419947,0.330757854093312
"408",408,0.648904625180834,0.333564354185827
"409",409,0.66883402539063,0.318616723451807
"410",410,0.666742045291225,0.322983060750209
"411",411,0.625913050187729,0.336884628295961
"412",412,0.668113611893951,0.332609278453068
"413",413,0.664085330394835,0.333498862533224
"414",414,0.66460730437669,0.337028307996591
"415",415,0.692216770807642,0.320708800886749
"416",416,0.658567137645388,0.325642109965653
"417",417,0.65317084594254,0.326368550893504
"418",418,0.642468412063832,0.329489557029859
"419",419,0.627315675808007,0.345532566372627
"420",420,0.633058829164351,0.334535561176839
"421",421,0.65364305065782,0.342965721808025
"422",422,0.654395425243588,0.339286217565527
"423",423,0.676550909494341,0.333948068386814
"424",424,0.672528455426534,0.327269615947782
"425",425,0.657236334037939,0.328758995567433
"426",426,0.657145190624176,0.328736391683315
"427",427,0.65981081582991,0.324006632969538
"428",428,0.663412543795183,0.319896311668146
"429",429,0.645894346549719,0.337936310860399
"430",430,0.652017863826424,0.330303049071176
"431",431,0.647404038902542,0.336407594734566
"432",432,0.673149336588686,0.322616240167544
"433",433,0.685578071589977,0.314658505399087
"434",434,0.647485817815152,0.337494136795689
"435",435,0.66116879443443,0.337808073474726
"436",436,0.660199528298247,0.333853016090149
"437",437,0.684478297348983,0.323683725734894
"438",438,0.640234785297563,0.345334280496764
"439",439,0.651289156296406,0.332274652864715
"440",440,0.684267571092161,0.32574459692568
"441",441,0.698717805695096,0.322486623861711
"442",442,0.700380915415953,0.307240201434645
"443",443,0.671169438152116,0.327059409857299
"444",444,0.678109109868231,0.317977294919813
"445",445,0.693877087072517,0.3127724218829
"446",446,0.674557555006616,0.335240286175048
"447",447,0.654042322550408,0.344420632038831
"448",448,0.644888735668508,0.336917837766913
"449",449,0.686158151996693,0.323543404080072
"450",450,0.679357723996069,0.32415821658185
"451",451,0.660778728033797,0.323959227350603
"452",452,0.654040495464191,0.334730769160826
"453",453,0.599855087739827,0.34906851014196
"454",454,0.666163850473232,0.336998212911448
"455",455,0.680867843984116,0.331470584942922
"456",456,0.682505468384553,0.334208780402434
"457",457,0.686438536175326,0.317890253481784
"458",458,0.633616342363899,0.343923717049811
"459",459,0.618412838279359,0.349880459092349
"460",460,0.583502269667766,0.369446409945548
"461",461,0.615997639925671,0.35621146350598
"462",462,0.61092468985347,0.357878861556928
"463",463,0.65082782721795,0.347182016338336
"464",464,0.651619526528471,0.337555605148447
"465",465,0.627018365196877,0.344740553931152
"466",466,0.649551118388973,0.330944620937245
"467",467,0.668630702092606,0.32249672577231
"468",468,0.678441657072861,0.321568108833684
"469",469,0.680980170770298,0.314418716878389
"470",470,0.698430079345992,0.306697569515892
"471",471,0.672932453475425,0.317121429107501
"472",472,0.679763065463577,0.313911173800307
"473",473,0.67967534733956,0.320289734564145
"474",474,0.669545832876103,0.33491360221234
"475",475,0.700227302012435,0.314254186274415
"476",476,0.689783095678933,0.32918187540168
"477",477,0.686296160878892,0.325714484747109
"478",478,0.672016576480953,0.338486193937478
"479",479,0.674367262933804,0.325218378724496
"480",480,0.67193984855798,0.327931778844721
"481",481,0.624115269055131,0.343586016555772
"482",482,0.651967239314788,0.341387920202416
"483",483,0.669467243751553,0.326947957116541
"484",484,0.697158082863954,0.320561219116105
"485",485,0.71315986348461,0.308892504154331
"486",486,0.649279826720964,0.33604125504287
"487",487,0.658056962800653,0.328571118897389
"488",488,0.610322883358955,0.33660335800245
"489",489,0.648626261801037,0.333108739318146
"490",490,0.651303154736858,0.324506426104548
"491",491,0.61093055766769,0.346194859750602
"492",492,0.620129941454162,0.351771590359725
"493",493,0.677311395401509,0.328191858718664
"494",494,0.670393343711845,0.327792291850203
"495",495,0.654661645475995,0.338396102220175
"496",496,0.648647799758103,0.335130277369246
"497",497,0.679857635541882,0.321914938733454
"498",498,0.659337143141405,0.331928742800462
"499",499,0.654757634607651,0.328404230564925
"500",500,0.679061471996945,0.326467641033444
"501",501,0.700621147079383,0.306501283751457
"502",502,0.682533998515137,0.31060269420012
"503",503,0.692001222437991,0.320547107680476
"504",504,0.676506435251551,0.326489966717748
"505",505,0.704883893199331,0.320086292718456
"506",506,0.671841315405548,0.331707695746064
"507",507,0.65739251877438,0.333097701403523
"508",508,0.666832057741881,0.323857373001143
"509",509,0.674233002587145,0.323333161393083
"510",510,0.63947777815449,0.336074727736334
"511",511,0.630095941873887,0.338126605689071
"512",512,0.647466904335597,0.336842450525378
"513",513,0.6637567493208,0.334663806256489
"514",514,0.67241913413812,0.330704714259577
"515",515,0.6977098428309,0.320086413738197
"516",516,0.703207342234872,0.310548644286731
"517",517,0.691995768624853,0.313548706238882
"518",518,0.657700978389583,0.33530821034478
"519",519,0.669387669023356,0.331960648576359
"520",520,0.669236779673496,0.334063327267638
"521",521,0.673237389474159,0.327456816568217
"522",522,0.652362049204603,0.330950059361322
"523",523,0.624656583685791,0.335665759339783
"524",524,0.653707687880456,0.332086555875976
"525",525,0.602155847474583,0.351987634447997
"526",526,0.645152164011277,0.343585690944089
"527",527,0.646245617616888,0.348345504544087
"528",528,0.648031678123457,0.33911926494349
"529",529,0.630069425466332,0.352158910273048
"530",530,0.675775167658035,0.333461210043333
"531",531,0.662429491601699,0.336196692038033
"532",532,0.675368247371137,0.323219076260112
"533",533,0.625422644575377,0.344226462130505
"534",534,0.616944737855793,0.345643679999829
"535",535,0.591634006956512,0.352224331098167
"536",536,0.643782287619117,0.339464671803774
"537",537,0.628118221263282,0.345338845033713
"538",538,0.625323756501112,0.342715376959695
"539",539,0.605531572866055,0.348020012619395
"540",540,0.644265180699654,0.333651402357428
"541",541,0.676518403408137,0.324811649521508
"542",542,0.657327806679992,0.329675716157752
"543",543,0.667441786281984,0.326923100076092
"544",544,0.667977252390164,0.327267490871775
"545",545,0.670706453487155,0.329535997579271
"546",546,0.636738125788706,0.331315857195335
"547",547,0.602673103808717,0.354161240715261
"548",548,0.63901236166677,0.347282163973385
"549",549,0.625377032458633,0.350424827437861
"550",550,0.626149387932276,0.355578104265569
"551",551,0.640322690599431,0.345941796854617
"552",552,0.660715305539543,0.335900290487778
"553",553,0.61795075388846,0.338889572475923
"554",554,0.639021573456281,0.335787457221459
"555",555,0.663117752770098,0.327732175830585
"556",556,0.676004019925722,0.33156725952994
"557",557,0.688094147942039,0.323757603104694
"558",558,0.689830906243814,0.322337098648007
"559",559,0.683235937887923,0.319084239610235
"560",560,0.637159761488828,0.337811220261414
"561",561,0.634992220224623,0.328867782643006
"562",562,0.630017099200918,0.340141731673734
"563",563,0.643716680592516,0.337160082509827
"564",564,0.652255953149344,0.326578239498459
"565",565,0.68268621773613,0.328769896687227
"566",566,0.656370555898357,0.335065203904493
"567",567,0.67029716551099,0.3247255693077
"568",568,0.684847813851905,0.3306963041206
"569",569,0.700317537589485,0.32575907019695
"570",570,0.658655080630899,0.348986152582986
"571",571,0.695848787698251,0.327542538859285
"572",572,0.671454936724678,0.336889298601436
"573",573,0.66698785358252,0.336370705019834
"574",574,0.646357005923493,0.344236836857466
"575",575,0.689316582175445,0.335848742717023
"576",576,0.671221138073181,0.331897669900011
"577",577,0.652656483912851,0.341872266067282
"578",578,0.65333971311189,0.324755102739516
"579",579,0.651523255236239,0.330333646795994
"580",580,0.636508643101699,0.336860807316952
"581",581,0.66120289010965,0.337501290314021
"582",582,0.612810595429451,0.352067288386653
"583",583,0.627944762240058,0.344474199166928
"584",584,0.651389165946094,0.335833545059931
"585",585,0.653630224428773,0.329073241987044
"586",586,0.672097997209306,0.330821071905482
"587",587,0.686870678498819,0.323914261610072
"588",588,0.686405855140176,0.328084258549393
"589",589,0.677542500507973,0.325317365613611
"590",590,0.652592352633865,0.337543543017621
"591",591,0.645719127222907,0.336404083635591
"592",592,0.62212737848083,0.344735294025374
"593",593,0.63745909850796,0.347143199892095
"594",594,0.68511649979642,0.329224310612917
"595",595,0.684026150886991,0.328124120468539
"596",596,0.675287733704883,0.328177980797568
"597",597,0.666143221629653,0.324647996676417
"598",598,0.640511603722089,0.343402123760301
"599",599,0.634560570727474,0.355932043379911
"600",600,0.627232905492054,0.348959514899128
"601",601,0.640956193071653,0.348783406358644
"602",602,0.661905531549908,0.336516517511891
"603",603,0.656817613507796,0.338432739098762
"604",604,0.652422252168555,0.337254687227675
"605",605,0.650274661349743,0.345356406016088
"606",606,0.636685957858475,0.352318205835589
"607",607,0.634218691765047,0.350599719890087
"608",608,0.68340818856835,0.332173929597598
"609",609,0.720312034623943,0.321748062591754
"610",610,0.678535178155136,0.344759394291984
"611",611,0.657287314463335,0.339287014545432
"612",612,0.694589863096694,0.330352575824326
"613",613,0.64066424937307,0.355243040123668
"614",614,0.624009192040736,0.358401556922344
"615",615,0.592742184859125,0.349087713008038
"616",616,0.585522088178563,0.349225316051817
"617",617,0.62532206629587,0.348136919783434
"618",618,0.658632053680802,0.334174516389539
"619",619,0.66026886385573,0.332405846613868
"620",620,0.631527012845242,0.331132736393852
"621",621,0.656303434698687,0.331162460958004
"622",622,0.607926263346712,0.34440320734439
"623",623,0.591021931048001,0.358631408786718
"624",624,0.637037192073835,0.347793325687636
"625",625,0.653622334802617,0.327993350484142
"626",626,0.647024324315098,0.333530449997216
"627",627,0.62572919769248,0.347950590851571
"628",628,0.636058884388303,0.344536411412854
"629",629,0.658108331809686,0.335215945562456
"630",630,0.629434598284296,0.343973729489397
"631",631,0.699475165492547,0.327808199570211
"632",632,0.706777389910341,0.328143588291412
"633",633,0.677057559556283,0.326619321528294
"634",634,0.611371521891595,0.368063938465071
"635",635,0.621176884802591,0.352262128557145
"636",636,0.65051248141728,0.339685613174417
"637",637,0.694954297439711,0.328458948429045
"638",638,0.67569883610655,0.33522934065503
"639",639,0.62357124394903,0.356375041471951
"640",640,0.679024359702459,0.333465352271121
"641",641,0.642038984251352,0.342145029086367
"642",642,0.653647889667145,0.330330637151532
"643",643,0.686518558684606,0.325528649364875
"644",644,0.588396447675905,0.366251698196098
"645",645,0.607700115567469,0.361241558007986
"646",646,0.639932554449376,0.339265910351096
"647",647,0.635545147520069,0.348132272530831
"648",648,0.621179587423304,0.351833095760685
"649",649,0.663854532493076,0.348401928475624
"650",650,0.663441395176246,0.338319398930773
"651",651,0.68269231158837,0.333492125726635
"652",652,0.688408295353901,0.324721562071751
"653",653,0.700964797419485,0.316266477937764
"654",654,0.682884604925676,0.329503470552728
"655",655,0.638583107761845,0.353155985997276
"656",656,0.627228675800673,0.364647945569429
"657",657,0.595125305859514,0.359829715415642
"658",658,0.61437143382489,0.358451785530742
"659",659,0.701151613660195,0.336920592072382
"660",660,0.675179572422958,0.33855283977122
"661",661,0.697827513829617,0.331587498692877
"662",662,0.644253394505315,0.350800654959865
"663",663,0.659762838327897,0.333360330043213
"664",664,0.592164586176119,0.360949066019985
"665",665,0.661108835032265,0.333185707553563
"666",666,0.619803133254029,0.35393616630098
"667",667,0.616634906781788,0.358545928646228
"668",668,0.592582527051691,0.371375860609391
"669",669,0.613639014642175,0.368702879919577
"670",670,0.5957011147313,0.365227154404469
"671",671,0.606306229458094,0.360964002222885
"672",672,0.627901343180279,0.349810899137348
"673",673,0.592561288208827,0.365440420092759
"674",674,0.622669163123566,0.359961204360207
"675",675,0.651946354946803,0.350197613317892
"676",676,0.633381706457488,0.35962489714105
"677",677,0.616379605369289,0.364982167679231
"678",678,0.629756701196771,0.370997620127116
"679",679,0.61744535397026,0.359558844046595
"680",680,0.656913268662648,0.350565496877334
"681",681,0.639205602447507,0.351065179392819
"682",682,0.666359491325876,0.336432437894836
"683",683,0.694007481247121,0.327770741923925
"684",684,0.695330558031727,0.335677454331445
"685",685,0.723415807999191,0.31774123870965
"686",686,0.709487168265046,0.324371021235575
"687",687,0.703429916713501,0.330800348462228
"688",688,0.669119153366015,0.338447124468048
"689",689,0.65113625349648,0.34951743931146
"690",690,0.691210474034477,0.333357699244956
"691",691,0.684592505573318,0.335620365525547
"692",692,0.691184150012224,0.331921730998372
"693",693,0.670951552527068,0.35082948593914
"694",694,0.723859344497452,0.324749377472863
"695",695,0.716051784586466,0.31809978297656
"696",696,0.680925036201824,0.331779883582828
"697",697,0.65627121918335,0.335101646266396
"698",698,0.635623583448088,0.341546773550867
"699",699,0.655864647056587,0.341356529860985
"700",700,0.641110070302983,0.354034882038444
"701",701,0.633834068634552,0.352780145491646
"702",702,0.68836369486401,0.33262105897867
"703",703,0.657569480742831,0.335515731990617
"704",704,0.622803089303286,0.352092878785042
"705",705,0.653431998366237,0.343365489932502
"706",706,0.661159103338109,0.339556322568184
"707",707,0.650257383573549,0.343511378960362
"708",708,0.68925065220113,0.337496291330375
"709",709,0.656984349201311,0.341743728893426
"710",710,0.635147164402468,0.347771187249897
"711",711,0.672179752030926,0.338030535191437
"712",712,0.677012799499514,0.337905825859854
"713",713,0.664903065986699,0.353884022650878
"714",714,0.695483154093868,0.329293942788745
"715",715,0.659101960048148,0.339716442570001
"716",716,0.662268900701787,0.331300708109228
"717",717,0.646683968617785,0.343088565255699
"718",718,0.669734231431335,0.329000883197412
"719",719,0.668676685828625,0.33709728501877
"720",720,0.673201908557391,0.341642532724754
"721",721,0.605934697225392,0.362322498241789
"722",722,0.610436972758988,0.357253454942582
"723",723,0.571341460345425,0.350514245563864
"724",724,0.635664815659037,0.335798402656771
"725",725,0.654489502081273,0.333038739077653
"726",726,0.658724180657464,0.334288597285509
"727",727,0.649952739935899,0.34448944429711
"728",728,0.634328261406716,0.346336120372394
"729",729,0.645851268035259,0.348085255123903
"730",730,0.653558695066756,0.341760084445421
"731",731,0.63462268566095,0.345608573199437
"732",732,0.659548743696078,0.341524499377041
"733",733,0.642920739592493,0.357035540806828
"734",734,0.650117775700058,0.354771934850817
"735",735,0.677409666102005,0.342838480059242
"736",736,0.673651159979964,0.338498013787755
"737",737,0.664766063995256,0.34869777652424
"738",738,0.669961967622577,0.346862960732418
"739",739,0.676533701504909,0.336901600519522
"740",740,0.67309922483386,0.330207372847781
"741",741,0.689506829826254,0.328921836176606
"742",742,0.670311040595333,0.33679018438446
"743",743,0.627370898707751,0.362693808324896
"744",744,0.665130038795817,0.353966624077929
"745",745,0.65593358663019,0.349753542851367
"746",746,0.619778872333279,0.363805843109761
"747",747,0.641154443505133,0.365243283354794
"748",748,0.62591285470867,0.366345046776028
"749",749,0.623029931203796,0.363520941248318
"750",750,0.608271973519725,0.354555975224382
"751",751,0.619570324251192,0.352357067406008
"752",752,0.620573271474705,0.350031449728876
"753",753,0.632804697143937,0.361163820939533
"754",754,0.635473388225297,0.346415596504906
"755",755,0.654182038776523,0.332622014905763
"756",756,0.665700056262945,0.333448898778934
"757",757,0.655116996782822,0.335163893585311
"758",758,0.646455842893465,0.346933205967311
"759",759,0.662713253527887,0.341260619217297
"760",760,0.683945407994374,0.337668505507582
"761",761,0.659246354657105,0.345717483839325
"762",762,0.667750684503049,0.339435711403829
"763",763,0.671185656329026,0.338723747552115
"764",764,0.666579471603359,0.333810133968713
"765",765,0.661672799669544,0.334928614591298
"766",766,0.629196100808953,0.349414904208874
"767",767,0.669214709492388,0.341569369987055
"768",768,0.642676918823215,0.344842323978212
"769",769,0.638773242986764,0.346948795907218
"770",770,0.625210360184668,0.354065722468589
"771",771,0.641384108309286,0.339446162432072
"772",772,0.669765006620856,0.329440086802801
"773",773,0.659523819242157,0.3343797907769
"774",774,0.653161952219362,0.341405352469884
"775",775,0.668314915247971,0.342206860294552
"776",776,0.627831390247182,0.351258646985437
"777",777,0.668614512819951,0.336908180864786
"778",778,0.655162567390311,0.344965432308151
"779",779,0.681602095458188,0.33128410611782
"780",780,0.674467736751083,0.326975343855168
"781",781,0.668843323542348,0.325760029914945
"782",782,0.68408706427191,0.324445281136687
"783",783,0.6515395188716,0.324040288615815
"784",784,0.675918652149505,0.329638986736519
"785",785,0.690521567174596,0.318821108987848
"786",786,0.694699926526358,0.321389854595472
"787",787,0.674647247656313,0.320391524223134
"788",788,0.638755213133949,0.336293908415958
"789",789,0.653755562750045,0.338309565733189
"790",790,0.683508272159696,0.328814501209841
"791",791,0.678624917205635,0.334870808727993
"792",792,0.669865946303233,0.345969537357882
"793",793,0.688561138355361,0.33505753414861
"794",794,0.653002588474668,0.347963193469879
"795",795,0.628929934762638,0.344532995270538
"796",796,0.628202155632424,0.351577070283268
"797",797,0.603854735829678,0.358448879960224
"798",798,0.613991667722646,0.350587998966076
"799",799,0.625238704067616,0.339643531800388
"800",800,0.635731943894772,0.341280220789177
"801",801,0.631999283048202,0.350321952637122
"802",802,0.652551053963135,0.333947304965547
"803",803,0.669786069426379,0.336385288732934
"804",804,0.657821159798796,0.345041619570585
"805",805,0.611464954920283,0.357037110897865
"806",806,0.631206986290709,0.348772854981274
"807",807,0.639226375712366,0.34864589624796
"808",808,0.625297307402972,0.355158201289717
"809",809,0.608947132652769,0.361142218784998
"810",810,0.649993675145858,0.349185669837559
"811",811,0.617278096960314,0.356983894886145
"812",812,0.614144971494443,0.357403445307741
"813",813,0.641330898159626,0.348552802846498
"814",814,0.621949638270629,0.35766991641027
"815",815,0.60598926544602,0.357524243729126
"816",816,0.623592276171657,0.347009876662069
"817",817,0.631883767587662,0.350670092544093
"818",818,0.629826834852846,0.35583423008523
"819",819,0.63106677301596,0.345131239348904
"820",820,0.652986371769107,0.334061379068207
"821",821,0.652388145081241,0.339738821727836
"822",822,0.64687810124699,0.340254577149352
"823",823,0.641988823812593,0.345362287220207
"824",824,0.632648448125371,0.345751624208212
"825",825,0.654816060220925,0.350971520736378
"826",826,0.652288397687602,0.341570258080258
"827",827,0.658751418671827,0.339307754685372
"828",828,0.644890534903019,0.344621421364313
"829",829,0.653115223069452,0.344271608844014
"830",830,0.619328724175989,0.353969433089721
"831",831,0.628064378968003,0.354860139859153
"832",832,0.610080835594269,0.36095071157921
"833",833,0.644449608415296,0.338741619540534
"834",834,0.65631053690015,0.335449964174253
"835",835,0.660139620427725,0.348691380236604
"836",836,0.642516773262055,0.347668725228141
"837",837,0.629255500251189,0.357482199154914
"838",838,0.603849110566509,0.356579898202049
"839",839,0.614135285932526,0.354566480429745
"840",840,0.611914623612234,0.359520738984946
"841",841,0.62778797118091,0.348947925334366
"842",842,0.62936239310327,0.356163894621807
"843",843,0.638715617316642,0.352681225268499
"844",844,0.600390266336327,0.366816968125148
"845",845,0.60515050999665,0.369349092608624
"846",846,0.574547383162903,0.371680131575783
"847",847,0.647340704706767,0.34980033095826
"848",848,0.680848106235794,0.339350595952005
"849",849,0.639443370551511,0.359020349580971
"850",850,0.632684079873228,0.358734331363708
"851",851,0.605215751592976,0.358300314732568
"852",852,0.645007434108864,0.350849339331879
"853",853,0.629690644834724,0.354927072388546
"854",854,0.597795286397397,0.356605406581636
"855",855,0.650469128167645,0.352858278325548
"856",856,0.645391258632276,0.344677766173138
"857",857,0.652530869372399,0.347812453475147
"858",858,0.649864509466104,0.340459009521328
"859",859,0.642420477864301,0.352366037273315
"860",860,0.622367422053006,0.361150130789207
"861",861,0.692179931412925,0.341409485602447
"862",862,0.657457650542512,0.355086383377268
"863",863,0.667348013763942,0.353016166327954
"864",864,0.654950747885387,0.347247304627064
"865",865,0.669859548274477,0.331929391888732
"866",866,0.685939049339296,0.33797579330771
"867",867,0.658002891117934,0.347282863251434
"868",868,0.669039650310337,0.331180718961305
"869",869,0.661470096143879,0.32974173841085
"870",870,0.659670933232305,0.341138133899108
"871",871,0.669527013681522,0.340244466701553
"872",872,0.670753871583666,0.339683605852848
"873",873,0.664907194730241,0.339369551671238
"874",874,0.683713235432529,0.330823272513155
"875",875,0.671398823133142,0.323898637468791
"876",876,0.662082493672836,0.335994591696652
"877",877,0.665098980719002,0.344399160577936
"878",878,0.629206666839902,0.341639830324509
"879",879,0.685198349149402,0.325540107576909
"880",880,0.646390642051919,0.355875389736131
"881",881,0.628140048316524,0.349188936979026
"882",882,0.646560857991182,0.344429641400928
"883",883,0.625613947790128,0.360040798259928
"884",884,0.595652385344534,0.362976625455232
"885",885,0.602234991418779,0.369910931058436
"886",886,0.628749337479066,0.344182077844519
"887",887,0.648578948400833,0.346758966565028
"888",888,0.654808271493286,0.336504584439327
"889",889,0.670545814134164,0.328167121774066
"890",890,0.648337089592086,0.34469067646517
"891",891,0.634028951467749,0.349060199906109
"892",892,0.629440776988966,0.348187321525995
"893",893,0.609772495514038,0.362929965610026
"894",894,0.620622227827419,0.361767935212446
"895",895,0.650699379108665,0.344882127164562
"896",896,0.629965521425598,0.359714520181205
"897",897,0.638024151618658,0.353542589884907
"898",898,0.649824280374554,0.350443545727171
"899",899,0.641101151042457,0.352730520518845
"900",900,0.632684620644072,0.340366353288114
"901",901,0.62305210855738,0.34163267282241
"902",902,0.618823731036313,0.344820925895218
"903",903,0.633529071067131,0.346566595948651
"904",904,0.64241295200447,0.343313491751254
"905",905,0.622915208185604,0.345929043103381
"906",906,0.594926949732462,0.36552248104141
"907",907,0.616810596235986,0.354311178643256
"908",908,0.657563261072372,0.346621550669488
"909",909,0.628376042570677,0.349763185434622
"910",910,0.638980884411415,0.34743210527959
"911",911,0.642015964828838,0.349161237217597
"912",912,0.643077720791107,0.339846280032075
"913",913,0.626654268524973,0.3484494657195
"914",914,0.601465370462655,0.349287885154884
"915",915,0.601865902731368,0.347843264931
"916",916,0.603718875167363,0.340034588610443
"917",917,0.611023018197221,0.346120990660133
"918",918,0.648506407866316,0.344795512133604
"919",919,0.680517092107623,0.337989616943118
"920",920,0.678683910337958,0.328724503694085
"921",921,0.620360927093294,0.344500450194867
"922",922,0.638187554682039,0.350467647624212
"923",923,0.57493071397717,0.37508658008977
"924",924,0.557613112469855,0.3651700845321
"925",925,0.597397086376589,0.364906884171665
"926",926,0.609899444232318,0.358412359817965
"927",927,0.650876232221209,0.344236020398762
"928",928,0.66500139694788,0.340657890653937
"929",929,0.633808704335974,0.342153495757919
"930",930,0.614054909182264,0.344661616747554
"931",931,0.636162758468626,0.338760194211141
"932",932,0.637933630935121,0.346035450913598
"933",933,0.633476788969908,0.351801769369827
"934",934,0.646033706308672,0.344805100774254
"935",935,0.629376566726516,0.34948338933001
"936",936,0.60213385679077,0.355151214407223
"937",937,0.644335310989351,0.344493255014375
"938",938,0.625157239029963,0.357170439142062
"939",939,0.599042435147431,0.356952203818822
"940",940,0.616015665814554,0.352895438415258
"941",941,0.566610002485161,0.379272762463712
"942",942,0.601105268106537,0.37056980391365
"943",943,0.593499227355764,0.366898302534928
"944",944,0.570173444329924,0.363438735618264
"945",945,0.609717600228,0.359665430433853
"946",946,0.603799948219196,0.36488698613385
"947",947,0.616606137129725,0.355458647027076
"948",948,0.625523257703858,0.361581700357637
"949",949,0.635916139650336,0.349974913709677
"950",950,0.633588281448466,0.353222107498801
"951",951,0.599986005736717,0.364400385123915
"952",952,0.628218798452844,0.351988634149276
"953",953,0.631269150378716,0.342181785158749
"954",954,0.604840253609299,0.34941710714029
"955",955,0.612152742777876,0.353712670960312
"956",956,0.619789917633645,0.343603167232782
"957",957,0.586625914341668,0.353650966042427
"958",958,0.59843576922146,0.35730088585185
"959",959,0.623241911119823,0.350857189932127
"960",960,0.636290282399405,0.342081543517535
"961",961,0.633256045787007,0.342487392780329
"962",962,0.608090133808753,0.35361003923354
"963",963,0.607561015044012,0.352015111026246
"964",964,0.608966322149767,0.351448850819031
"965",965,0.639597578068374,0.350194542786553
"966",966,0.63707184991143,0.351001099302153
"967",967,0.638694849261351,0.349267192748635
"968",968,0.602215311244825,0.356843536638467
"969",969,0.612235218722032,0.355490098847428
"970",970,0.632843328621508,0.355727863621534
"971",971,0.593692402708117,0.361222148465855
"972",972,0.656060314402144,0.34427066223969
"973",973,0.635521763327658,0.348964849999256
"974",974,0.635168021959141,0.363302025403369
"975",975,0.602381689134329,0.364123502461047
"976",976,0.594338149155343,0.360927179909708
"977",977,0.540004845447696,0.358308833461562
"978",978,0.586288507048836,0.370238340809962
"979",979,0.597411159593283,0.357967231392985
"980",980,0.62461833680221,0.353289382849463
"981",981,0.63686628773023,0.347995043313184
"982",982,0.568852763974832,0.371823461891106
"983",983,0.598814311378454,0.373066549575818
"984",984,0.609991803307784,0.367934555520036
"985",985,0.563554558015317,0.373473527629005
"986",986,0.581851535811852,0.368541794788503
"987",987,0.626754438679336,0.349493308747942
"988",988,0.623150112663017,0.355771533025381
"989",989,0.579324526916758,0.369649726121298
"990",990,0.619203973054412,0.355493594817517
"991",991,0.63053561953153,0.353021269966588
"992",992,0.629359561564309,0.353106322837435
"993",993,0.594591781412189,0.368117434155408
"994",994,0.589067700168644,0.369081277863835
"995",995,0.620439936430183,0.347910096218572
"996",996,0.61612591987133,0.349486716969262
"997",997,0.648748226501534,0.341362898470997
"998",998,0.625170998980772,0.347930184950311
"999",999,0.663806281504169,0.337121821937257
"1000",1000,0.671903181329232,0.333564089321942
"1001",1001,0.627935996455876,0.350901692285118
"1002",1002,0.606126687108864,0.344051634667725
"1003",1003,0.606326786581604,0.348464909180316
"1004",1004,0.591166064092707,0.357725446636845
"1005",1005,0.553821508884772,0.363221043525073
"1006",1006,0.589504054874512,0.351452443435195
"1007",1007,0.610160492153304,0.350314799381162
"1008",1008,0.587652349799194,0.352171808629496
"1009",1009,0.516007697978733,0.362830479710771
"1010",1010,0.551136139248542,0.358265273024117
"1011",1011,0.56189338360973,0.366131621162825
"1012",1012,0.557379757183191,0.372486848652935
"1013",1013,0.525410777938537,0.383288602777996
"1014",1014,0.578113689524808,0.360247702698302
"1015",1015,0.56184900890455,0.362045733264048
"1016",1016,0.545181915992971,0.355240674957629
"1017",1017,0.540486440489441,0.361684477508607
"1018",1018,0.521125356822176,0.366827017771357
"1019",1019,0.545736967199931,0.350011380014451
"1020",1020,0.528928014222998,0.364024787487509
"1021",1021,0.506569444546196,0.361980100707786
"1022",1022,0.549947008345277,0.359636831916829
"1023",1023,0.536502939229392,0.35723788539644
"1024",1024,0.519215028349683,0.355731808178127
"1025",1025,0.406093411723615,0.362492506758848
"1026",1026,0.434528682773084,0.360227817148735
"1027",1027,0.42998167336152,0.369784758660895
"1028",1028,0.477743338815808,0.38139963359698
"1029",1029,0.499308500847017,0.3656820389446
"1030",1030,0.4785041857403,0.367377742977066
"1031",1031,0.41532668219608,0.350343494006894
"1032",1032,0.428739241441617,0.36066012085614
"1033",1033,0.429623124009903,0.365835273265175
"1034",1034,0.465948737537872,0.384124568786122
"1035",1035,0.416021529980331,0.363969473695683
"1036",1036,0.460426032526911,0.36689798403768
"1037",1037,0.431867489484322,0.366716342807059
"1038",1038,0.43737520261997,0.363449525656812
"1039",1039,0.435828106156286,0.368936542487832
"1040",1040,0.403121878194541,0.352414366071051
"1041",1041,0.410728362639772,0.34703541826431
"1042",1042,0.363732258675135,0.350968309650882
"1043",1043,0.381373323354258,0.354728655502366
"1044",1044,0.420130211101725,0.370854056503475
"1045",1045,0.368500241276393,0.348615742838781
"1046",1046,0.436345777561523,0.380606754611425
"1047",1047,0.368488394860127,0.357108536853714
"1048",1048,0.339621156439856,0.352427909172405
"1049",1049,0.368189774064931,0.363216056363188
"1050",1050,0.366809184808034,0.341593275982358
"1051",1051,0.296852776283289,0.323525622527919
"1052",1052,0.357794575442986,0.352717356965449
"1053",1053,0.369797943646904,0.349989749945908
"1054",1054,0.370892732729303,0.35120991461323
"1055",1055,0.371380004363221,0.341854757934735
"1056",1056,0.34695265294582,0.337839098868401
"1057",1057,0.370274048098789,0.351924163086544
"1058",1058,0.382324410172826,0.342929851732317
"1059",1059,0.353115239407243,0.341349253992908
"1060",1060,0.376117999033358,0.371671510750473
"1061",1061,0.358085930402686,0.356697727926335
"1062",1062,0.369974967035467,0.349621605398146
"1063",1063,0.412512711318158,0.364876935108649
"1064",1064,0.374314010648062,0.354474598982903
"1065",1065,0.36369349045635,0.350364999947334
"1066",1066,0.343593670097116,0.340759873539594
"1067",1067,0.304699730324303,0.342596702147651
"1068",1068,0.336673379636945,0.34385038121045
"1069",1069,0.30324366073467,0.335107952005837
"1070",1070,0.304091107339164,0.322644183538896
"1071",1071,0.313501493103742,0.346181451132594
"1072",1072,0.355866086755225,0.370754251712456
"1073",1073,0.337480330428542,0.352066835581646
"1074",1074,0.332487014096605,0.360841775255027
"1075",1075,0.31862602293956,0.347109019325262
"1076",1076,0.333285550269964,0.338121156518384
"1077",1077,0.360839905579022,0.347900635648938
"1078",1078,0.356089987645157,0.347550930592364
"1079",1079,0.354514503061633,0.360156412184842
"1080",1080,0.321346394472514,0.337046647378734
"1081",1081,0.321491162101555,0.348792353090597
"1082",1082,0.331867943558405,0.35382763913866
"1083",1083,0.358153797243484,0.369651045937681
"1084",1084,0.34046177858536,0.363613228149383
"1085",1085,0.305062976752403,0.338011668657584
"1086",1086,0.273717954334994,0.322134150368644
"1087",1087,0.244667804135388,0.299290635891412
"1088",1088,0.252581606796813,0.298116092834153
"1089",1089,0.270742480717617,0.308200608463603
"1090",1090,0.26049482443856,0.307342525077821
"1091",1091,0.270821516432827,0.300203494056254
"1092",1092,0.256623993618304,0.293095905917557
"1093",1093,0.2624362997857,0.301264651447873
"1094",1094,0.241116821375913,0.298428807931284
"1095",1095,0.246451148459245,0.3040750025475
"1096",1096,0.299298658371569,0.348529149612823
"1097",1097,0.256734986465521,0.31751181553694
"1098",1098,0.248992070823324,0.307913239159312
"1099",1099,0.241321937390917,0.291397323237943
"1100",1100,0.24964754901926,0.296834982489486
"1101",1101,0.193491769455483,0.271266097835877
"1102",1102,0.253958072245369,0.308574161909064
"1103",1103,0.253266405809432,0.297282741899677
"1104",1104,0.238142559853173,0.296191121339161
"1105",1105,0.210588628166731,0.280392081377347
"1106",1106,0.200302299977476,0.274473445152836
"1107",1107,0.224684469149832,0.282943516254917
"1108",1108,0.317855332459456,0.348733023011472
"1109",1109,0.259640202183701,0.321260851871914
"1110",1110,0.261022891039542,0.306438641539192
"1111",1111,0.269202865309787,0.316415382717135
"1112",1112,0.227923487811871,0.292595995091483
"1113",1113,0.244585108197128,0.313628485167799
"1114",1114,0.292100817084102,0.348661423255663
"1115",1115,0.247936425955772,0.311304606739322
"1116",1116,0.287183943520302,0.336279180548895
"1117",1117,0.233000518525748,0.293158572826055
"1118",1118,0.270953482253117,0.321167909159034
"1119",1119,0.265640732014947,0.301728101717545
"1120",1120,0.209438090555481,0.267640548278774
"1121",1121,0.229189197989744,0.288152940323447
"1122",1122,0.261002951188227,0.301790399692589
"1123",1123,0.249555237455191,0.30545419350085
"1124",1124,0.218908977811432,0.276689712518687
"1125",1125,0.24843133983815,0.295376042193309
"1126",1126,0.226817511117167,0.289357385810329
"1127",1127,0.230954079996918,0.286390705293028
"1128",1128,0.194120271376218,0.269380978883734
"1129",1129,0.221652762194949,0.294890908105536
"1130",1130,0.185401786148871,0.261710193205546
"1131",1131,0.184264817106259,0.261754033775135
"1132",1132,0.160768342958151,0.247461409213781
"1133",1133,0.156878505506,0.245079476471097
"1134",1134,0.209503747141327,0.293270156074959
"1135",1135,0.229715804775402,0.318619488127991
"1136",1136,0.216312782799705,0.294416594983577
"1137",1137,0.177877648111408,0.257453336674496
"1138",1138,0.177041470939865,0.25105821131471
"1139",1139,0.152860849515299,0.234233484853106
"1140",1140,0.187551973005147,0.26229487089578
"1141",1141,0.171783146159075,0.248230214516778
"1142",1142,0.17065629737478,0.24027500388741
"1143",1143,0.167903526085761,0.233776615472144
"1144",1144,0.152896108400559,0.22434978656086
"1145",1145,0.118266547804168,0.194696272651635
"1146",1146,0.138825545014825,0.212360503399493
"1147",1147,0.142123643630694,0.219434774462492
"1148",1148,0.151249271904193,0.223369953029758
"1149",1149,0.157996240390336,0.224709123166027
"1150",1150,0.146870952687493,0.219168090871712
"1151",1151,0.155520327828175,0.237097497268568
"1152",1152,0.218280353561528,0.308799638424577
"1153",1153,0.175073110277522,0.267754947730582
"1154",1154,0.162802437355885,0.247552438471632
"1155",1155,0.149162254657556,0.230074234665669
"1156",1156,0.147448849073052,0.220310300966588
"1157",1157,0.142780015140784,0.220374233875478
"1158",1158,0.247720209577077,0.336157484464261
"1159",1159,0.18962296230729,0.279588351930864
"1160",1160,0.163181814390888,0.237956964152965
"1161",1161,0.14047277284347,0.221515471387219
"1162",1162,0.145537709803245,0.222397123981847
"1163",1163,0.169495949962907,0.230670194824596
"1164",1164,0.140955629526205,0.212449711399855
"1165",1165,0.133715981820755,0.208385311116579
"1166",1166,0.121733461539705,0.198174988116343
"1167",1167,0.126922309869764,0.197527207439735
"1168",1168,0.119697344298868,0.192603059245841
"1169",1169,0.148249748879643,0.238220664114167
"1170",1170,0.119888231324507,0.204483918914622
"1171",1171,0.212931408221112,0.319577368798806
"1172",1172,0.179736341434279,0.265226758001623
"1173",1173,0.133257858555476,0.219333213989049
"1174",1174,0.11547164705395,0.198473435818344
"1175",1175,0.115352463454326,0.195283506515579
"1176",1176,0.106799563051473,0.176891732217691
"1177",1177,0.133353931375561,0.187339425244962
"1178",1178,0.144726566318245,0.198969136444629
"1179",1179,0.131092334704579,0.194684634029047
"1180",1180,0.120675308526473,0.184914448166822
"1181",1181,0.113449907451145,0.172853701452298
"1182",1182,0.105336431569074,0.169314564392943
"1183",1183,0.136099242486057,0.215387082176396
"1184",1184,0.126257683075976,0.193946929362844
"1185",1185,0.108075264733729,0.177925248574065
"1186",1186,0.101345239431159,0.173991835118188
"1187",1187,0.109556916690303,0.175637994931358
"1188",1188,0.101395496523933,0.168737263259179
"1189",1189,0.0972392139402136,0.167297877160982
"1190",1190,0.111348622568699,0.175833446501494
"1191",1191,0.113851699151933,0.175382893619464
"1192",1192,0.110821877017624,0.168123932640031
"1193",1193,0.12002194486829,0.172065040022615
"1194",1194,0.118604186656113,0.176920422874894
"1195",1195,0.124762212159623,0.179605811304305
"1196",1196,0.11212283963183,0.164885673774483
"1197",1197,0.106041754416983,0.162435834606479
"1198",1198,0.0987954957009802,0.155302540429478
"1199",1199,0.0902963997639831,0.149855763091613
"1200",1200,0.114587908690416,0.170798750093575
"1201",1201,0.123939028641697,0.176386460975583
"1202",1202,0.116085661211739,0.171478935485586
"1203",1203,0.114289674406668,0.169213848255824
"1204",1204,0.111009347547387,0.163029159702773
"1205",1205,0.1291213907606,0.175659809955769
"1206",1206,0.116245247692342,0.167602329750171
"1207",1207,0.101866515084539,0.158536488159875
"1208",1208,0.0961232416419867,0.155698258517285
"1209",1209,0.0910822322977802,0.147212833572499
"1210",1210,0.107412361433913,0.168628104788303
"1211",1211,0.0961350839002303,0.157175636967565
"1212",1212,0.0942798408926586,0.153438311610574
"1213",1213,0.0903873883689449,0.148371931465642
"1214",1214,0.0867567230230357,0.146396770444086
"1215",1215,0.108697117917662,0.162497831889658
"1216",1216,0.127786306457501,0.176060071919997
"1217",1217,0.106756012113089,0.156825162133155
"1218",1218,0.0859925134152127,0.13790839250896
"1219",1219,0.0827291531945002,0.136438093404182
"1220",1220,0.0784883274016974,0.131748864962432
"1221",1221,0.0760868923669454,0.13049028637758
"1222",1222,0.0796656004216057,0.133526833686395
"1223",1223,0.0799208800286354,0.133177074223387
"1224",1224,0.100863492344929,0.177012357785221
"1225",1225,0.0889585919457714,0.154192571395722
"1226",1226,0.122071277893409,0.178881374894657
"1227",1227,0.102398036956305,0.161428326949572
"1228",1228,0.0892983859776446,0.148062914097946
"1229",1229,0.0809042117949442,0.138980220972163
"1230",1230,0.0960290739433074,0.148850877134187
"1231",1231,0.0914243228465477,0.147552451048486
"1232",1232,0.0855883099528194,0.142628904532703
"1233",1233,0.0835190721879516,0.140435722980032
"1234",1234,0.0786046022921303,0.135923982049843
"1235",1235,0.0771451041859297,0.135715080161826
"1236",1236,0.086828954983667,0.141466811852539
"1237",1237,0.114824656572827,0.168693973638921
"1238",1238,0.0999341697136115,0.155553946950088
"1239",1239,0.0915018679460808,0.148628313463081
"1240",1240,0.0912181476185464,0.144787003561939
"1241",1241,0.0886154600980922,0.140379484414491
"1242",1242,0.0851375175421874,0.136297464390301
"1243",1243,0.0808295652587769,0.133136870897267
"1244",1244,0.0860102265177103,0.135880740095276
"1245",1245,0.0824900197924502,0.133003774043427
"1246",1246,0.0869347198314683,0.138630468664853
"1247",1247,0.089781424703421,0.143017107812788
"1248",1248,0.0900481330818845,0.142924983515539
"1249",1249,0.115484379255472,0.172144625067456
"1250",1250,0.0890049424411009,0.149202775438264
"1251",1251,0.157582216993397,0.276052508886128
"1252",1252,0.110963010037457,0.20933191645803
"1253",1253,0.0918735898778092,0.175963549803344
"1254",1254,0.101057204160544,0.173308956027378
"1255",1255,0.0894117933572985,0.157788484419845
"1256",1256,0.0785590507087452,0.135720128314599
"1257",1257,0.0763904945499996,0.133330103926573
"1258",1258,0.0744552526636822,0.12939157695459
"1259",1259,0.0701917862004977,0.126886623672428
"1260",1260,0.123493191463286,0.22903182630516
"1261",1261,0.115117003175006,0.195755864308785
"1262",1262,0.0900671918300249,0.162307551767791
"1263",1263,0.0802780479418398,0.148186916587504
"1264",1264,0.0779540467914,0.145095435873322
"1265",1265,0.0742161255314128,0.140594870997783
"1266",1266,0.0968673561549427,0.160282446442921
"1267",1267,0.082252186362861,0.143543184830683
"1268",1268,0.0850627978935142,0.142790328603623
"1269",1269,0.0845609910514274,0.142762039381504
"1270",1270,0.0727548828126733,0.12833425612657
"1271",1271,0.0732080322897518,0.129122615267191
"1272",1272,0.0867846542228011,0.143510771524002
"1273",1273,0.0872064593485909,0.143970625369772
"1274",1274,0.0781722900323849,0.135194684693174
"1275",1275,0.0951197296784874,0.154549540670312
"1276",1276,0.0964108185099259,0.15079205498671
"1277",1277,0.0910079609475472,0.146051746516526
"1278",1278,0.0807050045892414,0.135575913223675
"1279",1279,0.0898737376419527,0.142997006000465
"1280",1280,0.129431610193941,0.232172868045815
"1281",1281,0.10862766669059,0.194761593140158
"1282",1282,0.0905775217739705,0.167423858825661
"1283",1283,0.139610644899504,0.231689475930022
"1284",1284,0.109084446044356,0.196625690325526
"1285",1285,0.094738483112463,0.17680100995347
"1286",1286,0.0843925763820658,0.156193552181868
"1287",1287,0.0762533328466305,0.141440124355576
"1288",1288,0.0876099007620178,0.139213434251028
"1289",1289,0.0835153423219598,0.137107735018457
"1290",1290,0.0824274175814801,0.135051206264252
"1291",1291,0.0734782743630447,0.125264811553933
"1292",1292,0.0692481853492166,0.121415652701592
"1293",1293,0.0718760010089063,0.123500989580149
"1294",1294,0.0741091823027209,0.126566567312473
"1295",1295,0.076584733838118,0.130004815574865
"1296",1296,0.0742067998357966,0.125412093035434
"1297",1297,0.0718311810341622,0.124541982884123
"1298",1298,0.0755032434759026,0.127398876608425
"1299",1299,0.117443803380674,0.174649009164278
"1300",1300,0.0950507809139355,0.15090217034505
"1301",1301,0.0874459935551754,0.138400543593469
"1302",1302,0.0960336916538919,0.144536244953472
"1303",1303,0.0862130113413032,0.135688253261493
"1304",1304,0.0806060498939167,0.132682807683143
"1305",1305,0.0725296729218579,0.124350094453697
"1306",1306,0.0906621947961756,0.161801072159155
"1307",1307,0.0803442290983896,0.146660218169198
"1308",1308,0.0732158487097665,0.135193605810019
"1309",1309,0.066814873499937,0.124909450683002
"1310",1310,0.0675377134149085,0.125459283949792
"1311",1311,0.0665413449001001,0.12520974803991
"1312",1312,0.0643712072953334,0.121243165017316
"1313",1313,0.0801633592021251,0.136475694619361
"1314",1314,0.0749932160388571,0.127729890890518
"1315",1315,0.125253603376303,0.231037698582786
"1316",1316,0.0982061341586263,0.181269605952545
"1317",1317,0.0815301290974154,0.151920798838672
"1318",1318,0.075051124583901,0.132012800835701
"1319",1319,0.0819677731309505,0.138668812659432
"1320",1320,0.110571777116928,0.191231021662844
"1321",1321,0.0835235994850194,0.157380314791079
"1322",1322,0.0732645811434246,0.141162533065406
"1323",1323,0.0697231040783205,0.132647777203193
"1324",1324,0.0669772650926383,0.127652640172953
"1325",1325,0.0648692748498872,0.127120767349785
"1326",1326,0.0622697078531572,0.122643500449362
"1327",1327,0.143078810548113,0.260949811556558
"1328",1328,0.0981079670396511,0.200835358644777
"1329",1329,0.0938369483305667,0.176064561898996
"1330",1330,0.099885359070068,0.167822442825521
"1331",1331,0.0881424965808871,0.15551487726784
"1332",1332,0.0815244142359367,0.149369821651732
"1333",1333,0.0692856652032591,0.127451898000479
"1334",1334,0.0672614358792693,0.124454693414463
"1335",1335,0.0642358634111127,0.117917543414922
"1336",1336,0.061138307991028,0.116521929327599
"1337",1337,0.0880326084260092,0.187579682894475
"1338",1338,0.0714233892793309,0.148146758273427
"1339",1339,0.065541629144182,0.130215641636524
"1340",1340,0.0637827088374935,0.120674539370047
"1341",1341,0.0673681982492285,0.123144607886446
"1342",1342,0.0625276947256301,0.114455493703303
"1343",1343,0.0594824741845567,0.110602449021014
"1344",1344,0.0570982550736655,0.1062347272073
"1345",1345,0.0534044338055591,0.100226184707809
"1346",1346,0.0534068763111941,0.0999567177300277
"1347",1347,0.0541829507851814,0.100437758051441
"1348",1348,0.067209394083218,0.123192883586678
"1349",1349,0.0681930023165549,0.119928789162377
"1350",1350,0.0613445248099864,0.113179426773515
"1351",1351,0.0607591301404191,0.111717216791077
"1352",1352,0.0751568075362519,0.129775387925266
"1353",1353,0.064794477362663,0.119975391619251
"1354",1354,0.0684395545718111,0.122994591702271
"1355",1355,0.061017744023182,0.111598915059184
"1356",1356,0.0648438957440188,0.11782979375855
"1357",1357,0.0581812513760858,0.109502627904335
"1358",1358,0.05793385656756,0.105390701065125
"1359",1359,0.056674826252596,0.104653767869395
"1360",1360,0.053386838633202,0.0996814882742896
"1361",1361,0.05452327105612,0.102663843882113
"1362",1362,0.0545032815037464,0.102150725526709
"1363",1363,0.0520424019076084,0.100098397813501
"1364",1364,0.0554878094651604,0.10287559990236
"1365",1365,0.0510694449736135,0.0978378679058264
"1366",1366,0.0525382522741262,0.098817340031286
"1367",1367,0.054568359869196,0.10400309557612
"1368",1368,0.0556319789710708,0.106331634563376
"1369",1369,0.0756042564149444,0.136737154954863
"1370",1370,0.0790249604592296,0.140568776399617
"1371",1371,0.0771100038629625,0.136768162117737
"1372",1372,0.0596373192362824,0.114265505579116
"1373",1373,0.0811850139675723,0.143269079575243
"1374",1374,0.0710600319345999,0.131431521945415
"1375",1375,0.0611527889060924,0.119271238829062
"1376",1376,0.0592720691258901,0.113715858098465
"1377",1377,0.0563435344100409,0.111197905591993
"1378",1378,0.0550439887240688,0.110155500972997
"1379",1379,0.0566997837870542,0.110660742057466
"1380",1380,0.0573760930581953,0.109909309056211
"1381",1381,0.0542951851103031,0.105650906750544
"1382",1382,0.067081461687994,0.118214044562116
"1383",1383,0.0620745398540438,0.112141682030379
"1384",1384,0.0606377175822184,0.11086409313078
"1385",1385,0.0591572383851712,0.108821740951378
"1386",1386,0.0580414955300981,0.108979971018177
"1387",1387,0.072545295705947,0.12464005430523
"1388",1388,0.0861678475874751,0.140028029529645
"1389",1389,0.0814211176818881,0.133962497197526
"1390",1390,0.0695460109991654,0.123319736807119
"1391",1391,0.060962906379849,0.116156802458521
"1392",1392,0.0664681779609047,0.121358304860336
"1393",1393,0.0595465465715611,0.111618381198558
"1394",1394,0.0573597018340801,0.107921097476256
"1395",1395,0.0642572294717301,0.115776078390299
"1396",1396,0.0607342791466162,0.111093448104935
"1397",1397,0.073936878190976,0.128240041494208
"1398",1398,0.0659987785631981,0.121239345561829
"1399",1399,0.0612411156008251,0.112672140417563
"1400",1400,0.0558501711740159,0.10662384200469
"1401",1401,0.0526578809577334,0.102501424072177
"1402",1402,0.0548747262677523,0.105753079399401
"1403",1403,0.0543911946432905,0.106363181398722
"1404",1404,0.0541389322794793,0.105568552170575
"1405",1405,0.119278662814384,0.185618335313165
"1406",1406,0.0914940135013385,0.163078974673773
"1407",1407,0.0726927217960169,0.136858696553353
"1408",1408,0.0903765305002197,0.162989955544304
"1409",1409,0.139950780554051,0.242069142479305
"1410",1410,0.0980012821329547,0.189978581035357
"1411",1411,0.0870462566570924,0.1702819573229
"1412",1412,0.0721789549659774,0.144949658740086
"1413",1413,0.0941642931658331,0.181623001494491
"1414",1414,0.0757293112981404,0.148011539906255
"1415",1415,0.067413523366652,0.134156746914998
"1416",1416,0.0610718103691945,0.123004747252534
"1417",1417,0.0612881267224858,0.117888021147395
"1418",1418,0.0600605736303459,0.11447901680564
"1419",1419,0.0680698820450846,0.12355386363162
"1420",1420,0.0605692046992332,0.114556430693664
"1421",1421,0.0569585161890045,0.111144949896145
"1422",1422,0.0719616045451289,0.132929090631346
"1423",1423,0.0645589031310729,0.123653649948823
"1424",1424,0.0623879088485718,0.118882147730578
"1425",1425,0.0646874478513329,0.118192902606069
"1426",1426,0.0699719035344428,0.12455506237922
"1427",1427,0.063310409903462,0.116743633140137
"1428",1428,0.0895848335220485,0.153060516746871
"1429",1429,0.0845047171193034,0.146828064360613
"1430",1430,0.0687223181744638,0.124749998359841
"1431",1431,0.0647476034993804,0.120464282689358
"1432",1432,0.0806226468634972,0.14056100327669
"1433",1433,0.078083042206465,0.135660218013874
"1434",1434,0.065906428977933,0.120714851683213
"1435",1435,0.0593042296375787,0.111883400769352
"1436",1436,0.057417634561355,0.108320617370319
"1437",1437,0.0592345355914361,0.109441979155519
"1438",1438,0.0536495776943776,0.10412537915714
"1439",1439,0.0590171730600871,0.110897894694854
"1440",1440,0.0555273931681563,0.106123918491185
"1441",1441,0.0544317088325562,0.106204846612664
"1442",1442,0.0570349442785696,0.107657803701599
"1443",1443,0.0558007457195355,0.105840518441956
"1444",1444,0.053270454676086,0.103732727665637
"1445",1445,0.0554783914706402,0.10564075690772
"1446",1446,0.0519039274387155,0.101053074085534
"1447",1447,0.0516755921005017,0.0994828369813438
"1448",1448,0.0758157257045414,0.137613539955079
"1449",1449,0.06216350030837,0.115615702259915
"1450",1450,0.0564440411675578,0.10647487515386
"1451",1451,0.0743000077707518,0.133975032208575
"1452",1452,0.0725736429312118,0.126487205713427
"1453",1453,0.0676419732482396,0.119544046418544
"1454",1454,0.0949371737931433,0.151835584414821
"1455",1455,0.0807140084084106,0.13604067959518
"1456",1456,0.0798110104187771,0.13388044568708
"1457",1457,0.08510655290267,0.140329990008696
"1458",1458,0.0719110982155953,0.127378271328179
"1459",1459,0.0666064865359211,0.118224628161467
"1460",1460,0.0627576013004,0.116279979097914
"1461",1461,0.0951584792489535,0.169043877378643
"1462",1462,0.111511717083773,0.188001190000122
"1463",1463,0.0893956299257153,0.165460379709595
"1464",1464,0.0719435571172915,0.138540496406635
"1465",1465,0.077219579582388,0.135765535710532
"1466",1466,0.090459567513426,0.149830223804449
"1467",1467,0.0772503103766186,0.137410829157774
"1468",1468,0.0760322526648431,0.134083673807632
"1469",1469,0.06563570273753,0.123793110598512
"1470",1470,0.0692744689154539,0.126795354579903
"1471",1471,0.0698206196775987,0.12285324476325
"1472",1472,0.0647911733548952,0.118825467873043
"1473",1473,0.0726117482258715,0.129638797391504
"1474",1474,0.0739412364793695,0.131844974654394
"1475",1475,0.0673139181424347,0.123765584268909
"1476",1476,0.0634118521332528,0.118668157878907
"1477",1477,0.0621191491062351,0.119209818827213
"1478",1478,0.0601534271386703,0.115326115609998
"1479",1479,0.0586966648420847,0.11256770794877
"1480",1480,0.0589103580466451,0.110123450776661
"1481",1481,0.0549448692647168,0.106079617122903
"1482",1482,0.0563598362994159,0.105384315276388
"1483",1483,0.0570489510441382,0.105288517587824
"1484",1484,0.0560435103258279,0.103834667576145
"1485",1485,0.0586834401201492,0.108037601925571
"1486",1486,0.109267560954667,0.212727291240032
"1487",1487,0.0873081164629717,0.165124745954847
"1488",1488,0.0838055477172015,0.15296022644498
"1489",1489,0.0724735652303126,0.137614988905328
"1490",1490,0.0592516775876914,0.114048767912007
"1491",1491,0.081722458976966,0.133490830421244
"1492",1492,0.0858610695427852,0.137379107304209
"1493",1493,0.0739139446511858,0.127861842026458
"1494",1494,0.0688968943432166,0.116686863179832
"1495",1495,0.0639390965238463,0.113487189272915
"1496",1496,0.0617108172493629,0.111802252039997
"1497",1497,0.058188874881181,0.108035921697504
"1498",1498,0.0635209793143383,0.113320140938174
"1499",1499,0.0643624489985082,0.114544558797616
"1500",1500,0.0614846110046692,0.111365799618156
"1501",1501,0.0698057039809841,0.121089699699619
"1502",1502,0.0670598818935214,0.117338170890073
"1503",1503,0.0843053114358984,0.138195673905868
"1504",1504,0.0754947658322133,0.127389409559533
"1505",1505,0.0680550495471027,0.118854979119275
"1506",1506,0.0642572116392655,0.115835682926914
"1507",1507,0.0595731032684653,0.111023917579334
"1508",1508,0.056889309819645,0.107618059152883
"1509",1509,0.0550474001462698,0.106112668362199
"1510",1510,0.0712672752170943,0.125068578386436
"1511",1511,0.0610441709924244,0.110453995068567
"1512",1512,0.0641679415125999,0.113849533184884
"1513",1513,0.0707174313547804,0.123360805908403
"1514",1514,0.0813795275565171,0.135111957643688
"1515",1515,0.0681665268890398,0.121889774722155
"1516",1516,0.0725814155604954,0.126906974037489
"1517",1517,0.0637837002040602,0.118398835971585
"1518",1518,0.0792177868099416,0.137616554715035
"1519",1519,0.0739904012410737,0.129463345288914
"1520",1520,0.0642863851662762,0.11820133089698
"1521",1521,0.0655872568267403,0.11624352522877
"1522",1522,0.0694556885647863,0.122201996798558
"1523",1523,0.0672383382354939,0.118483701755272
"1524",1524,0.0593914604244729,0.110940781826679
"1525",1525,0.0573564665702143,0.10831652853105
"1526",1526,0.0542313294413859,0.103564412673454
"1527",1527,0.0541914624664998,0.103463285890667
"1528",1528,0.0578415147288268,0.107065820325381
"1529",1529,0.0577447644530568,0.105722451184692
"1530",1530,0.0688379294241241,0.118309972876257
"1531",1531,0.0607340948853696,0.109429964213804
"1532",1532,0.0721733914143737,0.123650347050636
"1533",1533,0.105806955617677,0.166381852577893
"1534",1534,0.0853063248810104,0.146901107973738
"1535",1535,0.0959467129868747,0.160288478868682
"1536",1536,0.0789085351496297,0.137230812255719
"1537",1537,0.0662005426480138,0.119578887200704
"1538",1538,0.0709047879337038,0.124443091909785
"1539",1539,0.0619820282842186,0.112534671153939
"1540",1540,0.0737268353007643,0.123880083784264
"1541",1541,0.0723118570627417,0.12421017746195
"1542",1542,0.0648678621596065,0.114102298883058
"1543",1543,0.064247899172343,0.113678897388536
"1544",1544,0.0642236762374074,0.113955670956305
"1545",1545,0.0586837980038542,0.106594046373256
"1546",1546,0.0673772055328617,0.116916194362886
"1547",1547,0.0645914683405521,0.113404356674159
"1548",1548,0.0604942864393339,0.110274131983374
"1549",1549,0.058259037665679,0.107717975276735
"1550",1550,0.0615149504988344,0.11170164402122
"1551",1551,0.0614932750913766,0.110927004616523
"1552",1552,0.0894739544529765,0.149441007070939
"1553",1553,0.0809121896812568,0.136656970825013
"1554",1554,0.0732126346339947,0.127423678873768
"1555",1555,0.107897617711412,0.174175165575163
"1556",1556,0.0852935862053395,0.150951992786319
"1557",1557,0.076878318518954,0.134979078484893
"1558",1558,0.107414930740763,0.164405456393905
"1559",1559,0.114100232806171,0.171015090691513
"1560",1560,0.0871836870438378,0.146811400321441
"1561",1561,0.0760359834169868,0.135936073088317
"1562",1562,0.0783587627029724,0.133343243815506
"1563",1563,0.0715095655773006,0.127177951925336
"1564",1564,0.0744165390411364,0.128805767939344
"1565",1565,0.0670995921767463,0.120341141281618
"1566",1566,0.0633291876356046,0.116352028453167
"1567",1567,0.0728864722056429,0.124873118798446
"1568",1568,0.0667105635087814,0.117878188373261
"1569",1569,0.0725433221032847,0.122944209878477
"1570",1570,0.065242153108767,0.116224364327875
"1571",1571,0.0701780920220754,0.122068529119953
"1572",1572,0.0639296388645145,0.115146122585882
"1573",1573,0.0601305277153877,0.108165230513202
"1574",1574,0.0824456484328494,0.141298374746879
"1575",1575,0.0718368573903935,0.125725666649311
"1576",1576,0.0680091544290005,0.116654395456519
"1577",1577,0.0613897745449129,0.110464725149966
"1578",1578,0.0611205703099434,0.109142523024365
"1579",1579,0.0576594369474873,0.107883633923049
"1580",1580,0.0640816259918213,0.116362107308877
"1581",1581,0.0932610954327964,0.147459151470025
"1582",1582,0.0892799197215494,0.143150194266899
"1583",1583,0.0764647300211967,0.128416281893513
"1584",1584,0.0681553523884609,0.12151238325821
"1585",1585,0.0623919983410963,0.113006269269594
"1586",1586,0.101018884477312,0.17647381113891
"1587",1587,0.0782036483548822,0.141311627923681
"1588",1588,0.0680347262119713,0.122141246206911
"1589",1589,0.0631130606740052,0.118409835940766
"1590",1590,0.063165661079359,0.116383312758029
"1591",1591,0.104433461390231,0.172278805557886
"1592",1592,0.079437893716272,0.140107364521813
"1593",1593,0.0926692772782382,0.15228670803873
"1594",1594,0.0772724582725245,0.134909717656685
"1595",1595,0.0656384065045122,0.118175828929296
"1596",1596,0.0647197205704022,0.115395057562402
"1597",1597,0.0820946881432642,0.13395757006336
"1598",1598,0.0734973438010003,0.126266351029385
"1599",1599,0.0685000507231961,0.121013095225193
"1600",1600,0.0771836047816643,0.131084736969332
"1601",1601,0.0929621440589885,0.148628805069972
"1602",1602,0.0825126130774614,0.138080082941071
"1603",1603,0.0801818290540817,0.132469281453594
"1604",1604,0.0715461572012831,0.122918212717706
"1605",1605,0.0877514500045286,0.148167781632053
"1606",1606,0.0738672521878976,0.1299323896031
"1607",1607,0.075893303686239,0.128369450611272
"1608",1608,0.0867960950583255,0.140059724824118
"1609",1609,0.0763813589230391,0.129732779960707
"1610",1610,0.0721572054046074,0.125775680232384
"1611",1611,0.0679856017915028,0.118582826923129
"1612",1612,0.0632273290464953,0.114030923948901
"1613",1613,0.0801969658632893,0.136917257212001
"1614",1614,0.0779841727682788,0.134556220088915
"1615",1615,0.0890888623127145,0.151172528365502
"1616",1616,0.120266826686339,0.181889627737106
"1617",1617,0.0931829703264818,0.15520214495079
"1618",1618,0.0784910407709493,0.137469735488933
"1619",1619,0.0705220729734138,0.126763807255201
"1620",1620,0.0790001292360297,0.134326871333164
"1621",1621,0.0727699268604202,0.128425008390581
"1622",1622,0.0818473703563993,0.135518455571652
"1623",1623,0.0754642309017861,0.130700459215373
"1624",1624,0.0675114722995802,0.123048666850415
"1625",1625,0.0655414061871582,0.117174113162476
"1626",1626,0.0764838713634884,0.134613970871554
"1627",1627,0.0691612606756001,0.122305719512627
"1628",1628,0.0655651383452378,0.116019603620643
"1629",1629,0.0619117297871586,0.112321007821311
"1630",1630,0.0584838570321823,0.109374344993079
"1631",1631,0.0658405458141776,0.119188219309868
"1632",1632,0.0725168476122705,0.127763287483644
"1633",1633,0.0659594704714239,0.118846134760341
"1634",1634,0.0769312673838779,0.132975043643293
"1635",1635,0.0720993869730537,0.125970051913332
"1636",1636,0.0689547688697386,0.121228287920119
"1637",1637,0.066722926968648,0.118553360341214
"1638",1638,0.0871531550841568,0.148058278577724
"1639",1639,0.0754091974678511,0.134636584001237
"1640",1640,0.0761976199545087,0.13119097055557
"1641",1641,0.0654559723774892,0.119108173230169
"1642",1642,0.0634927663824286,0.115522135517042
"1643",1643,0.063494101452123,0.117290741677779
"1644",1644,0.0691823069041013,0.125209494844084
"1645",1645,0.0699525146820526,0.125068564643391
"1646",1646,0.0649774667657368,0.119996441668263
"1647",1647,0.0706744424293516,0.124451068865078
"1648",1648,0.0751558154815263,0.131431099776349
"1649",1649,0.0734615621497682,0.126466342989141
"1650",1650,0.0854392283311161,0.141648049496617
"1651",1651,0.075445428176312,0.129240321897989
"1652",1652,0.0712372175791954,0.12345772491715
"1653",1653,0.0755346178294617,0.124467319908287
"1654",1654,0.0771529942766609,0.127913871802129
"1655",1655,0.0729905963602773,0.123356351607111
"1656",1656,0.0843573282966465,0.144774089544816
"1657",1657,0.087352659169597,0.142259992746994
"1658",1658,0.0890092572765883,0.145441486731625
"1659",1659,0.0757766914721403,0.131700746940939
"1660",1660,0.067315602130493,0.12121060687504
"1661",1661,0.0638374036955481,0.115201627373187
"1662",1662,0.0813007407663517,0.136071857892036
"1663",1663,0.0833423113437154,0.136520955169
"1664",1664,0.121723351203168,0.216107776861986
"1665",1665,0.102337655452382,0.181857077775935
"1666",1666,0.0900571816441281,0.158509136617136
"1667",1667,0.0805942207063844,0.142141043379525
"1668",1668,0.0737174543121088,0.131864543184294
"1669",1669,0.0909256789217177,0.147956888521996
"1670",1670,0.10693167988313,0.161301111047687
"1671",1671,0.0859514404598613,0.141382705838968
"1672",1672,0.0756381541255811,0.130136245161384
"1673",1673,0.0788745628818609,0.131872527971219
"1674",1674,0.0963214289249854,0.154203795285624
"1675",1675,0.083541617311582,0.142813237234966
"1676",1676,0.0887814470495915,0.144499282506489
"1677",1677,0.0937394503668717,0.154266415327249
"1678",1678,0.0819205358240684,0.134521555432521
"1679",1679,0.0905703141434172,0.146808269308417
"1680",1680,0.098835052648811,0.158494439571779
"1681",1681,0.103850901442785,0.167192898366854
"1682",1682,0.0823816891646448,0.142310478460037
"1683",1683,0.0730147442998524,0.133585912204896
"1684",1684,0.0691926889900367,0.126873582168538
"1685",1685,0.0665497620169198,0.124114145309951
"1686",1686,0.0679961487238884,0.123096490557646
"1687",1687,0.064645493550961,0.118904129823049
"1688",1688,0.0650836859166153,0.120046398440791
"1689",1689,0.0638944491824467,0.117538280912385
"1690",1690,0.0634070507737073,0.116514541177101
"1691",1691,0.0603483526123629,0.113364652377709
"1692",1692,0.0628619200377099,0.115245408070858
"1693",1693,0.0733076580404491,0.124557759210519
"1694",1694,0.0877274772829168,0.150992564097904
"1695",1695,0.074698057136419,0.135263075218634
"1696",1696,0.068748888478403,0.123279168824063
"1697",1697,0.073306910681889,0.128060069342592
"1698",1698,0.0713887865785205,0.125442809392562
"1699",1699,0.0898758374144933,0.151577918191394
"1700",1700,0.0775806905859941,0.138733851374938
"1701",1701,0.0777723118349534,0.134802532295085
"1702",1702,0.0725775353864688,0.130135411455723
"1703",1703,0.0738558987351889,0.129626669905152
"1704",1704,0.0667220191882672,0.123237046342848
"1705",1705,0.0621514085401383,0.116658983586291
"1706",1706,0.0619498924946404,0.11406436139616
"1707",1707,0.0724341040295895,0.127086833611882
"1708",1708,0.0811752227687137,0.137658204264189
"1709",1709,0.0713077713670284,0.126663663624882
"1710",1710,0.0615309615653793,0.115206094126708
"1711",1711,0.0598061960690097,0.111425729868344
"1712",1712,0.0570709997943939,0.107437617526556
"1713",1713,0.054964809238124,0.105773620459983
"1714",1714,0.0596534126229844,0.111550538265324
"1715",1715,0.0693073204801277,0.122489219011981
"1716",1716,0.0633453310614254,0.117036402244555
"1717",1717,0.060820075096617,0.112213878401737
"1718",1718,0.059944819942152,0.111444004602274
"1719",1719,0.0710352407752597,0.124453223841108
"1720",1720,0.0652734809439333,0.11639078257679
"1721",1721,0.0607810739431273,0.112811687930852
"1722",1722,0.0759825538955652,0.151812999230473
"1723",1723,0.0728609164444417,0.138812154627617
"1724",1724,0.0815926592242206,0.14937649939454
"1725",1725,0.0720541208311627,0.136142515523176
"1726",1726,0.062416948188385,0.120359814001572
"1727",1727,0.0591133339915915,0.114620543335304
"1728",1728,0.0622739215023543,0.114895026393511
"1729",1729,0.0600993193987404,0.11331664533064
"1730",1730,0.067026879213042,0.120434427432506
"1731",1731,0.0753906772449648,0.132309761557778
"1732",1732,0.0651194262899599,0.120094329067579
"1733",1733,0.0743864466595635,0.144282027773813
"1734",1734,0.0954392704450035,0.155608631208577
"1735",1735,0.0823454519131155,0.136951481528522
"1736",1736,0.0920802078864032,0.141200542120666
"1737",1737,0.0824108743893781,0.137219577528488
"1738",1738,0.0701569161755567,0.125822992934528
"1739",1739,0.0764198535470053,0.13830384463188
"1740",1740,0.067933371141034,0.128477127119692
"1741",1741,0.0631881622360973,0.119602431236905
"1742",1742,0.0599959361078395,0.115811777821242
"1743",1743,0.0955181085427934,0.187318385917265
"1744",1744,0.0766090524030021,0.149249503808006
"1745",1745,0.0677017541120685,0.130264444517368
"1746",1746,0.0720393555995042,0.132654667457634
"1747",1747,0.0655453692754625,0.123344667327567
"1748",1748,0.0616502250918604,0.118246845705777
"1749",1749,0.0580780289073353,0.114644601827541
"1750",1750,0.0598715284797313,0.113792355004245
"1751",1751,0.0634542267500923,0.117764637239788
"1752",1752,0.0585263411288799,0.11354568102269
"1753",1753,0.0565031563934776,0.109959254659393
"1754",1754,0.074344256971792,0.131044867989336
"1755",1755,0.0753059549058999,0.129839453243835
"1756",1756,0.095006478632206,0.151946047318692
"1757",1757,0.0786649295490009,0.137148249945211
"1758",1758,0.08665084445982,0.143707298590281
"1759",1759,0.070312051162428,0.125731855264522
"1760",1760,0.0638807710630332,0.119214182239783
"1761",1761,0.064948861413715,0.119589873526963
"1762",1762,0.0638215672102521,0.116085119410441
"1763",1763,0.0604844840409262,0.113502986794108
"1764",1764,0.0974671865598853,0.1730200037396
"1765",1765,0.0875327506542137,0.148477497823731
"1766",1766,0.0778972314304388,0.13677596503194
"1767",1767,0.0663174551381088,0.123856486733215
"1768",1768,0.072223986879377,0.128682358255757
"1769",1769,0.0813097306309568,0.137570984682539
"1770",1770,0.0660783385682337,0.121084084490952
"1771",1771,0.0614767339961047,0.114670708592193
"1772",1772,0.0688256211925358,0.12266823755039
"1773",1773,0.0595912941855707,0.113850610047432
"1774",1774,0.0645592731451045,0.115734924797856
"1775",1775,0.065571515584873,0.117689672876667
"1776",1776,0.087367447509371,0.152419430975031
"1777",1777,0.0717321798443774,0.135156173061078
"1778",1778,0.0635540842149434,0.12450071493271
"1779",1779,0.0693166901073261,0.129233894137747
"1780",1780,0.0626909872865884,0.118518770156201
"1781",1781,0.0598243428861886,0.113993929220775
"1782",1782,0.0582723841314111,0.111563007073797
"1783",1783,0.0595272074424023,0.111052814398303
"1784",1784,0.058965129941514,0.111837620310191
"1785",1785,0.0661512245736311,0.120178405535026
"1786",1786,0.0683139717392691,0.122407447350301
"1787",1787,0.0634088633687976,0.116794812067838
"1788",1788,0.0656247397399264,0.1173350562843
"1789",1789,0.0617976582441773,0.116585067376351
"1790",1790,0.0602972832120827,0.11354029201021
"1791",1791,0.0572903454156768,0.108836581927929
"1792",1792,0.0624010415057628,0.11554519459307
"1793",1793,0.059769708411396,0.112883854372833
"1794",1794,0.0585223747170781,0.1105973368994
"1795",1795,0.0684504971477042,0.123981628812659
"1796",1796,0.0735429168531443,0.131140192628379
"1797",1797,0.0685247859189918,0.125805047284366
"1798",1798,0.0600119213686187,0.114363442904755
"1799",1799,0.0702004502832769,0.12274368463711
"1800",1800,0.068562320784581,0.120397502097065
"1801",1801,0.0648553580554585,0.119265316396396
"1802",1802,0.0633776874343505,0.116599181837226
"1803",1803,0.0658326303827508,0.117880055599006
"1804",1804,0.0599326727704805,0.111665811857379
"1805",1805,0.0597036328407738,0.112837841063544
"1806",1806,0.0567239243463643,0.110076770528428
"1807",1807,0.0542510437471224,0.106661571940532
"1808",1808,0.0764138883871796,0.133661979037434
"1809",1809,0.064663528282243,0.11931056461654
"1810",1810,0.0836399913932812,0.149027270444969
"1811",1811,0.0716955470722391,0.135358802874048
"1812",1812,0.065120961818943,0.123090914029386
"1813",1813,0.0603422457476773,0.115867752529394
"1814",1814,0.064323069435264,0.118808830291912
"1815",1815,0.0701888748887317,0.126356658182476
"1816",1816,0.0638387204567978,0.118329150621901
"1817",1817,0.0647015188854027,0.115450102696939
"1818",1818,0.069681162372785,0.122349652513898
"1819",1819,0.0629852121603739,0.114649434010654
"1820",1820,0.0669441914044645,0.126338940157995
"1821",1821,0.117404606995955,0.202381512266139
"1822",1822,0.0902825595257544,0.1690091055352
"1823",1823,0.0725772564445878,0.141975994035274
"1824",1824,0.066851403919199,0.129704486761773
"1825",1825,0.0769625319037989,0.135987883367348
"1826",1826,0.072619607944216,0.131375213141296
"1827",1827,0.0820818890553044,0.137434286258327
"1828",1828,0.0768520040781275,0.133483117259559
"1829",1829,0.0684337997222557,0.123874537943293
"1830",1830,0.0693520561519318,0.127116307267191
"1831",1831,0.0926187700427457,0.163475778164372
"1832",1832,0.0849280483375223,0.149875698206903
"1833",1833,0.0724111197135108,0.128767103846867
"1834",1834,0.090106174649125,0.149504979471527
"1835",1835,0.0750810021941805,0.13049199126479
"1836",1836,0.0704838346986088,0.124175120160767
"1837",1837,0.0762655717382675,0.132847409086622
"1838",1838,0.0673706476989209,0.119419519901782
"1839",1839,0.0678578899487546,0.122567384578727
"1840",1840,0.0695981081669525,0.1243112512823
"1841",1841,0.0732210031626403,0.127796830923798
"1842",1842,0.0647436271239178,0.11775696866596
"1843",1843,0.0674661602161706,0.120564935135127
"1844",1844,0.0623311316211224,0.11269117225991
"1845",1845,0.0707550223598042,0.122048589779747
"1846",1846,0.0624041880486979,0.112759667848578
"1847",1847,0.08506985334589,0.153680569704336
"1848",1848,0.0716681621010702,0.131891377649932
"1849",1849,0.095600390570614,0.174371641099546
"1850",1850,0.0766080318036107,0.149578120287946
"1851",1851,0.0688769615696347,0.135481009280163
"1852",1852,0.0635524047573098,0.127150153426498
"1853",1853,0.0732379147823358,0.135207196631114
"1854",1854,0.105368581359201,0.187153850556919
"1855",1855,0.0873910173106845,0.161109155545592
"1856",1856,0.0770995860798168,0.146325913007458
"1857",1857,0.0742167103810688,0.141692991128013
"1858",1858,0.0776020625900248,0.134482805983549
"1859",1859,0.0707960070910568,0.129549123676445
"1860",1860,0.0957125089476166,0.161702449860424
"1861",1861,0.0827385120115092,0.142355508736793
"1862",1862,0.0706916484003606,0.129196421211517
"1863",1863,0.0825113638798703,0.144264512237113
"1864",1864,0.0699425647820332,0.128039449208151
"1865",1865,0.0695547441197141,0.126868063236865
"1866",1866,0.0716576968053644,0.128445856219675
"1867",1867,0.0785817338598429,0.1338392598627
"1868",1868,0.069985779382664,0.123882042748888
"1869",1869,0.0631530325419234,0.11789100451754
"1870",1870,0.0614404049342174,0.114649042083077
"1871",1871,0.068510006430303,0.124677475669
"1872",1872,0.0861990850725273,0.14697547811699
"1873",1873,0.079074221120793,0.137004955962711
"1874",1874,0.0681145053977004,0.12485465745729
"1875",1875,0.072085637646257,0.130430331346611
"1876",1876,0.0657926367132735,0.120978096229999
"1877",1877,0.0690100280362022,0.122457746815538
"1878",1878,0.0884444845388966,0.162651854382065
"1879",1879,0.0807001471762534,0.143526324702889
"1880",1880,0.0681247610759899,0.126842946598821
"1881",1881,0.0779653865454876,0.13679600796945
"1882",1882,0.0889745788205859,0.147530250698151
"1883",1883,0.0741546833175019,0.133824901133155
"1884",1884,0.071384422798444,0.132370317403559
"1885",1885,0.0736151196440416,0.131963342624603
"1886",1886,0.0739431222496096,0.12997564844611
"1887",1887,0.0649501977182235,0.118154986233439
"1888",1888,0.0601984882732739,0.112226843487117
"1889",1889,0.0584233950159458,0.11017697551813
"1890",1890,0.0586098295516711,0.112844044257242
"1891",1891,0.0609707143983656,0.11438514956538
"1892",1892,0.0576844531835666,0.111630426789354
"1893",1893,0.0759182859086694,0.155100551297503
"1894",1894,0.0686411984454596,0.13589762841157
"1895",1895,0.0625731906830002,0.127451974054923
"1896",1896,0.0620602487767479,0.125268276287377
"1897",1897,0.0602455525510613,0.119065235406198
"1898",1898,0.0727486249392904,0.133180229908918
"1899",1899,0.0628736672665447,0.119356115141832
"1900",1900,0.0632280453961609,0.119284911115335
"1901",1901,0.0744989226862819,0.129414620859502
"1902",1902,0.0925473555075882,0.159089784756739
"1903",1903,0.0774412167047787,0.137548267725867
"1904",1904,0.0716497933752057,0.127555095100137
"1905",1905,0.0693041290356504,0.12488291693869
"1906",1906,0.0620259865462881,0.116322398464379
"1907",1907,0.0683677247087051,0.124094899976685
"1908",1908,0.0680807239365541,0.121289473507572
"1909",1909,0.108152323288936,0.170356762696236
"1910",1910,0.105174595692009,0.161311974286247
"1911",1911,0.0829644308874335,0.142944666076473
"1912",1912,0.0955959710460991,0.157895082405829
"1913",1913,0.0792058845355985,0.139498591845864
"1914",1914,0.0758306906765705,0.134856077841592
"1915",1915,0.0729221667404979,0.131913146510299
"1916",1916,0.0688110849074289,0.125605860547004
"1917",1917,0.0905611385697036,0.149571018640952
"1918",1918,0.0846062786718259,0.143713744362504
"1919",1919,0.0826471542983199,0.141831720275015
"1920",1920,0.0693833151745551,0.1251254679219
"1921",1921,0.0699489979881174,0.125782229588204
"1922",1922,0.070024194145184,0.125452223034433
"1923",1923,0.0706544731135169,0.125863311511786
"1924",1924,0.0865289606758893,0.15199241892867
"1925",1925,0.0715608709458332,0.132487003070045
"1926",1926,0.0672302470037781,0.122311270111327
"1927",1927,0.0668193746537779,0.122946349872555
"1928",1928,0.065267198859565,0.120355065959824
"1929",1929,0.102022856232484,0.194743612638995
"1930",1930,0.075759888609008,0.150599793667203
"1931",1931,0.0760093538309878,0.137005509212597
"1932",1932,0.131321151215384,0.201915074565167
"1933",1933,0.0935179120241223,0.163215652170948
"1934",1934,0.0881439579879801,0.150909404913048
"1935",1935,0.085707916417755,0.143666310156839
"1936",1936,0.0762997364430316,0.134220197338923
"1937",1937,0.0928672144048794,0.158731047600011
"1938",1938,0.0764332911752715,0.140050801309159
"1939",1939,0.0679707502519585,0.126973659566181
"1940",1940,0.0695471776303823,0.124162768904993
"1941",1941,0.065976299339705,0.122107027200586
"1942",1942,0.070207843985046,0.125497249759048
"1943",1943,0.0970989958303372,0.176299064519946
"1944",1944,0.0852712200012185,0.151596769280869
"1945",1945,0.0816574976782278,0.141727270216876
"1946",1946,0.0871315549496935,0.14216017444786
"1947",1947,0.0791432016851757,0.134255150859343
"1948",1948,0.0937294374290878,0.173253646333404
"1949",1949,0.113569546607375,0.202123325574553
"1950",1950,0.0837501201528223,0.158733374722895
"1951",1951,0.122920734924852,0.196914049647039
"1952",1952,0.120655592873255,0.196371193311993
"1953",1953,0.0943583497719084,0.163427015072322
"1954",1954,0.0901181788153608,0.150034114143591
"1955",1955,0.102754969183545,0.163246839356814
"1956",1956,0.0926455885149951,0.153060707722328
"1957",1957,0.0836211385424347,0.143633274643258
"1958",1958,0.0745923846143774,0.133757660712099
"1959",1959,0.08522342779583,0.142373845801736
"1960",1960,0.0731296535457989,0.130351537456608
"1961",1961,0.0766942455269405,0.136600928246391
"1962",1962,0.0696592679866206,0.124128821475044
"1963",1963,0.108647369336499,0.166014071267858
"1964",1964,0.0849264671439314,0.142687294190377
"1965",1965,0.0775811899239339,0.134865077368729
"1966",1966,0.0728729458417449,0.128800622118894
"1967",1967,0.0671721470884964,0.121525800999859
"1968",1968,0.0755360045223439,0.129067243724779
"1969",1969,0.083901317773862,0.138992937811208
"1970",1970,0.0717918306369179,0.127397231042738
"1971",1971,0.0810005879965867,0.136702163345368
"1972",1972,0.0702946440037879,0.125357468050266
"1973",1973,0.092159631545599,0.156434329620087
"1974",1974,0.0742234655490244,0.133884080346459
"1975",1975,0.0695163593778335,0.128447526387555
"1976",1976,0.0665067086903329,0.123967003840375
"1977",1977,0.0682861892268638,0.124447406144964
"1978",1978,0.063104971475223,0.119199567519982
"1979",1979,0.0747129124915604,0.128372236810575
"1980",1980,0.0735603554339795,0.12761279434745
"1981",1981,0.0660533106836424,0.117908546317099
"1982",1982,0.0631754673156857,0.114868569048217
"1983",1983,0.0625122363182215,0.113658527247609
"1984",1984,0.060887107746959,0.111989809418114
"1985",1985,0.0625796394149659,0.114295489212414
"1986",1986,0.0690047180353335,0.121438074792208
"1987",1987,0.121345612013441,0.236950158694915
"1988",1988,0.102468906084708,0.193774280267058
"1989",1989,0.0837594837241007,0.156942713531365
"1990",1990,0.078194862146345,0.141075156436421
"1991",1991,0.078899123657141,0.135726010652835
"1992",1992,0.0702700391609769,0.127442278555761
"1993",1993,0.0742820792964228,0.131522099237848
"1994",1994,0.0752586365269814,0.131227599401353
"1995",1995,0.0886644497452107,0.142654862577967
"1996",1996,0.0739682938998322,0.129702060265184
"1997",1997,0.0685115190431594,0.120245955656144
"1998",1998,0.0700817987401177,0.120025285511602
"1999",1999,0.0660070487386178,0.11609914002146
"2000",2000,0.0599757537413229,0.108891575776708
