"time","MR_mean_summ","MR_sd_summ"
1,0.680687993435487,0.319182629643196
2,0.756249298444969,0.289020592722691
3,0.6863047768845,0.29854679388684
4,0.664864488724756,0.283467345959766
5,0.628947579449924,0.351640278181307
6,0.708145439425365,0.3187529128302
7,0.708714884527562,0.310757855420432
8,0.719425951678046,0.300476374273149
9,0.722593630695991,0.300074875109858
10,0.673976445565218,0.287589697260754
11,0.590152095617729,0.358504615244796
12,0.627382615154021,0.334488303980711
13,0.696325851024774,0.319726913431339
14,0.691430321157182,0.318355370689311
15,0.692664217635695,0.31793742514458
16,0.595649175701864,0.329353410944557
17,0.633763216962398,0.328655682942463
18,0.640416809211234,0.316522320406789
19,0.685096022486877,0.31150364682096
20,0.718468492536993,0.306090534139819
21,0.72560728876347,0.305166943578579
22,0.707678454728538,0.31184988027206
23,0.701688135156711,0.313186538466725
24,0.685684534920288,0.303681559564304
25,0.709958956580335,0.291135581280568
26,0.672326373794872,0.32643405610213
27,0.701866021022888,0.314049417075006
28,0.708221155013365,0.302060104036902
29,0.708661491066188,0.303938148752557
30,0.701144306643014,0.311551014947177
31,0.679519847840376,0.3130632948978
32,0.698009514453926,0.311253519897019
33,0.673494272227434,0.330373301748809
34,0.693903952933297,0.321244084688688
35,0.70326858369975,0.312435145639397
36,0.694441473155647,0.317081969454922
37,0.717713971754727,0.309437237151983
38,0.705502657767536,0.312932820940401
39,0.607500387997363,0.354561439073758
40,0.658973511510387,0.334500725247351
41,0.676485675822393,0.33032539416827
42,0.68297477398054,0.327372727560213
43,0.651241403402516,0.330450589518358
44,0.679581180848685,0.319485687709137
45,0.697527243680738,0.318497899064139
46,0.673376381586921,0.320445335781744
47,0.701992588520551,0.312476902238857
48,0.691431482558709,0.317199481514742
49,0.717612340429745,0.302287731795833
50,0.698806318565652,0.312433931064833
51,0.705344467850714,0.302190328966162
52,0.661356709104984,0.339798388856602
53,0.621967429550674,0.330181586516219
54,0.64269159618935,0.328441311904322
55,0.660938862372181,0.326963169043259
56,0.641527588387979,0.318216840566875
57,0.65233223817436,0.321463059170336
58,0.608536087122339,0.341226762017216
59,0.636753271251788,0.333754941408584
60,0.628028871935309,0.334381450285033
61,0.635882587522507,0.334048312742641
62,0.589812835808477,0.351682745405442
63,0.664850040730797,0.329354284658771
64,0.653756290598358,0.332444102143021
65,0.669041592251704,0.329311194365027
66,0.630853816281381,0.322915655954517
67,0.636289372507725,0.326333922521762
68,0.590669411681076,0.351452270183109
69,0.614034000503922,0.340645381055558
70,0.620987530074037,0.337553149799078
71,0.680754277293667,0.317266338770374
72,0.676142217882452,0.320205359776575
73,0.687782004237367,0.319538247589042
74,0.65956995637372,0.325822481790959
75,0.553001514841611,0.368102018737278
76,0.635878269374242,0.352015055209276
77,0.634603845234473,0.338052471725813
78,0.635566442893003,0.338118417520162
79,0.631971287364422,0.340446545769184
80,0.634585949003886,0.34007664993853
81,0.660014722695868,0.320506397707129
82,0.648966691663916,0.329372883652444
83,0.666772902695726,0.327483252482111
84,0.659283301145683,0.330602139944242
85,0.650969622439066,0.320764819151968
86,0.68695489265409,0.316148512339409
87,0.69777209682609,0.319762643415919
88,0.680771199873992,0.326247096281
89,0.716039412751529,0.319816922730635
90,0.708988007137162,0.330574802413738
91,0.687993199888472,0.333634134813653
92,0.711773909562711,0.324677485888915
93,0.731582309670725,0.317321502829631
94,0.686359076683056,0.316593971261683
95,0.678421582435543,0.313185231371923
96,0.673231010095973,0.320562282688721
97,0.66265577567532,0.313274890342875
98,0.663400698305501,0.320448751423713
99,0.679211768230947,0.319782380721042
100,0.576669731094613,0.342322174347467
101,0.645510799056497,0.338678777526878
102,0.681342053995539,0.323986718090805
103,0.599562993483413,0.35098160740281
104,0.584729390920384,0.351702563118825
105,0.651735375227219,0.336956794079792
106,0.560560436680511,0.357908417294649
107,0.581797132449129,0.356611619800488
108,0.51757208554584,0.367056958183937
109,0.544573983633738,0.358453632290789
110,0.554633318377154,0.358088216678474
111,0.606850972671886,0.353031115964525
112,0.616788425697875,0.331990367814738
113,0.537991415074791,0.372525128176857
114,0.574266259416509,0.357701234397483
115,0.578527377767362,0.364907414077251
116,0.581850220846598,0.363470898635619
117,0.645111925332522,0.34011181137166
118,0.614289672298654,0.344306946221184
119,0.6118300675782,0.341154762608473
120,0.637158290563165,0.334790761969463
121,0.611804143579751,0.330959672031751
122,0.600874864048749,0.35954526050443
123,0.604511947033407,0.354236536828872
124,0.574887033184977,0.369209517574422
125,0.602091664616522,0.362103284183546
126,0.610688088942716,0.352366290406276
127,0.622275163918156,0.354772113979905
128,0.671090049264527,0.340958131448006
129,0.623375047961665,0.361871840651103
130,0.625540368166775,0.354378310138175
131,0.663837207787076,0.333059849670264
132,0.594564973083949,0.352929170581856
133,0.581516969353242,0.352471711793095
134,0.629272848886143,0.34743312694251
135,0.652251915504941,0.347427759193101
136,0.664264018034712,0.34767974639755
137,0.62567264584184,0.341746679251815
138,0.626473268199637,0.347378283683052
139,0.649887492450952,0.331830440578899
140,0.621910251636753,0.343299126970136
141,0.627577362097181,0.354845608551171
142,0.639873251780357,0.342592003146639
143,0.612434499838599,0.341548290769496
144,0.628748136601334,0.338159402613116
145,0.605765583837433,0.352181932416829
146,0.580530361791928,0.357096190305249
147,0.60749786392104,0.347617739281679
148,0.646246045277001,0.346339105254371
149,0.598683646006878,0.347560095616096
150,0.591358823344232,0.356667805423188
151,0.611568625179918,0.359577968848838
152,0.633642908456141,0.353539919785927
153,0.544101954268607,0.378158708907417
154,0.579698695430371,0.368317765353818
155,0.544974388988292,0.372038698942756
156,0.635090672731243,0.360335458782866
157,0.598227793681886,0.359374467679763
158,0.60104127519739,0.36132642932455
159,0.619879542014558,0.353878100390229
160,0.562993359449393,0.3785585936265
161,0.57111979586932,0.369609275744338
162,0.623597060559307,0.352663185175181
163,0.605555869431564,0.359250432101705
164,0.559581683148578,0.359816955664801
165,0.597171576830669,0.349850533967997
166,0.602075803411738,0.346056446883719
167,0.579737192904175,0.352601473375489
168,0.548564886698513,0.355655344032384
169,0.609413802731887,0.356445378993235
170,0.519997849955237,0.372059120843247
171,0.578188903160384,0.370219292925374
172,0.603621152019063,0.366958448362631
173,0.637612829203573,0.362721562122361
174,0.655920462016933,0.357917489630599
175,0.626591613149181,0.377468935101864
176,0.612236942393024,0.373290476991378
177,0.551514901584655,0.387393938787257
178,0.599421916742096,0.369784045189572
179,0.584143512924769,0.361279275324352
180,0.578496583656359,0.362647685924243
181,0.603122723924989,0.362999973070536
182,0.638201675000931,0.353713737988897
183,0.609233548847212,0.352321245916832
184,0.579594481965111,0.365955358267797
185,0.608888797089264,0.358005618261951
186,0.628541159794796,0.355880793089958
187,0.616131336675461,0.34869962794847
188,0.610039960996106,0.361933008263464
189,0.607316816984814,0.360440737498199
190,0.60253419994754,0.368483657768624
191,0.60705717191868,0.352062754719333
192,0.567785648170693,0.356732934835813
193,0.542042081787641,0.355689821577907
194,0.588321501722219,0.365490836517652
195,0.554453831662556,0.359500871941165
196,0.561010940347989,0.374610429165771
197,0.613434231921167,0.365249689263932
198,0.62718575846644,0.351928645569024
199,0.610990508152126,0.350717069992429
200,0.644742682508948,0.351878568335451
201,0.605942342661826,0.355188468733419
202,0.573239767445104,0.367104134958091
203,0.634879382486943,0.356723701249491
204,0.630577621167637,0.356188952073
205,0.645166164799318,0.355332778088192
206,0.580545144198735,0.3727097084474
207,0.619584222612801,0.359515418180876
208,0.665693000922368,0.351253480014478
209,0.642197155022906,0.345135040617573
210,0.639263880914618,0.354457275914818
211,0.60667259444638,0.369506676970375
212,0.603369656599018,0.37704708979084
213,0.586271788445708,0.370531881673786
214,0.589156748364283,0.382108208909523
215,0.610974387805276,0.382141028576937
216,0.634036026100085,0.357248814853352
217,0.599175982583192,0.374016653731141
218,0.621292989761625,0.365676594303995
219,0.465142840763751,0.399623454898464
220,0.519022528765534,0.393468196072123
221,0.571598262108205,0.387430360938526
222,0.538267475204909,0.395284004447811
223,0.558713284527116,0.388606965198027
224,0.6137208447711,0.378597965537928
225,0.573486896405538,0.376289666296682
226,0.568874880903818,0.381641167253583
227,0.523182745132935,0.398551283327952
228,0.585966086021486,0.365675427483767
229,0.563666249694568,0.379506498683308
230,0.619406246742842,0.364406655090341
231,0.634116385238721,0.353798039733971
232,0.585073795918525,0.34930984546462
233,0.614066303269584,0.358181431981023
234,0.63704144330448,0.365528485104336
235,0.587371331132855,0.369993435493641
236,0.632908760739895,0.362454026561653
237,0.621186408157757,0.365917993739632
238,0.649779467328365,0.358186295607345
239,0.597290171269165,0.377950263582229
240,0.62914299496354,0.367918238475063
241,0.618248651460419,0.368444492420889
242,0.552812162065237,0.388288014332544
243,0.55900090053227,0.379607271571562
244,0.551932006928977,0.385503617908661
245,0.560258380678417,0.378432054141318
246,0.564632718995586,0.375848604634111
247,0.618586058684375,0.373057399579432
248,0.614383427119007,0.366968237797417
249,0.54124892690129,0.392256752109377
250,0.58019344184425,0.379766485060481
251,0.619924866429464,0.374184711833227
252,0.634858810657392,0.363191140111523
253,0.573428951336529,0.367533582877537
254,0.506422835004278,0.381171812208487
255,0.550561036520383,0.385756644257767
256,0.56796910815266,0.385760716172124
257,0.517979719989803,0.383320183930012
258,0.590295684491666,0.378497538676388
259,0.607285704736232,0.376989161019779
260,0.583642038964006,0.373085420242715
261,0.591205448577518,0.368127537173423
262,0.540989276742751,0.380523176146085
263,0.57976842829959,0.378380225854288
264,0.596627689188536,0.372485064621495
265,0.590319792107843,0.376058372758596
266,0.568524098178032,0.385143520584027
267,0.562558467873065,0.376542779607052
268,0.591279350399931,0.368933823889045
269,0.588127473063003,0.359845013351449
270,0.540761699133573,0.373641093159921
271,0.556606745458036,0.374753124867983
272,0.544768469166059,0.37326768784702
273,0.57058122139373,0.36616466136599
274,0.62012505480375,0.360860554093379
275,0.651261151185126,0.36288568351574
276,0.610895205730848,0.372429567049086
277,0.603101463795558,0.373884848455238
278,0.625592001753008,0.366642546089451
279,0.55859682911361,0.38655262428413
280,0.593634677749967,0.380210462904599
281,0.595281220446153,0.377814270067831
282,0.597403834674579,0.372704098173792
283,0.576415139597257,0.378435112631244
284,0.568919425314595,0.38053213185068
285,0.593472320776768,0.375194742038523
286,0.581792302395491,0.364098182157509
287,0.592876833069714,0.364093974295401
288,0.563748151445518,0.383863568486292
289,0.589181239680304,0.372118461195297
290,0.558483788771673,0.380393186728013
291,0.564392656131315,0.37658069043481
292,0.578031235379951,0.375702986396509
293,0.591370635649815,0.366732450199826
294,0.61618293882852,0.365979127212429
295,0.570668452032979,0.383051999509149
296,0.589468067636984,0.378638721196974
297,0.565717639845782,0.373208495360211
298,0.540245064686593,0.376660685342521
299,0.57889620511556,0.375355258694337
300,0.583297253083069,0.374811878627689
301,0.583522792942218,0.376138734209415
302,0.596881340655929,0.372251967600608
303,0.538730962373078,0.378068641031232
304,0.618619916667319,0.374138961485133
305,0.556354341096949,0.375924771896701
306,0.505772537479829,0.381548335567016
307,0.527037551622144,0.389218603942032
308,0.527419192553814,0.392004481705335
309,0.548801590250877,0.375699898515764
310,0.542568345699427,0.360341957229536
311,0.556322503896435,0.35735613162628
312,0.542325640006818,0.349727481792407
313,0.593469635941862,0.356508525669838
314,0.576677263847858,0.362899175578734
315,0.570842168339172,0.376398140263538
316,0.597251850229964,0.366281678931022
317,0.601363264400454,0.367582300931972
318,0.574414109828394,0.362837788208302
319,0.575955990201485,0.367656674097361
320,0.617391282437584,0.368742315451204
321,0.611156417398329,0.370459141241245
322,0.539286453530638,0.367280801235738
323,0.581647035660778,0.371202783426792
324,0.571641218739278,0.374062807772366
325,0.579353725138528,0.374332078326176
326,0.568411807707531,0.368017936018597
327,0.575672046415913,0.370126081006019
328,0.576768081226871,0.358898051835533
329,0.585706521278969,0.366125477151813
330,0.582338081714017,0.377207042634794
331,0.51012652438141,0.392272857268991
332,0.606285240825756,0.374984624828713
333,0.569582692021693,0.372966455302201
334,0.592101469280542,0.372497159990067
335,0.587772843579211,0.364145739370338
336,0.587575252389035,0.364224992715245
337,0.595328703308281,0.358212875792157
338,0.605733693128324,0.358770682038551
339,0.563306507066908,0.374348813588665
340,0.607378696195252,0.380730793916165
341,0.593932119288468,0.379463487267081
342,0.587750963839548,0.378497288557895
343,0.574861535467147,0.380370407634955
344,0.607629208944104,0.378812546193319
345,0.554871347811445,0.366527495297949
346,0.627271311031591,0.369762354945067
347,0.555838579296622,0.384032743706479
348,0.604243304187371,0.367503099017177
349,0.600047542459426,0.38025411347413
350,0.56729267516293,0.368681350931727
351,0.61964400123253,0.370802671624736
352,0.654750309902596,0.362082860450662
353,0.622348839208232,0.366023633947296
354,0.573527294156946,0.357710475976862
355,0.590947984601442,0.364717505344264
356,0.621170017174753,0.361482709159556
357,0.637244259647191,0.355798473341581
358,0.628434311645287,0.365242866353424
359,0.627401812730639,0.361665360607481
360,0.645126598033693,0.354394040226307
361,0.632493389251758,0.352363439231834
362,0.618464289495788,0.359783615290588
363,0.623428023349626,0.356615550633632
364,0.62873145236619,0.356017431696939
365,0.605748131091392,0.37550049915207
366,0.524334457369099,0.371742854703404
367,0.597596131407838,0.361562235128056
368,0.587458956044811,0.367921921779004
369,0.589671190199882,0.369592268360227
370,0.558533623821294,0.354849572229339
371,0.590047327141147,0.36954201372468
372,0.586308454743016,0.361976572884403
373,0.588296034867015,0.363082447879013
374,0.583483778877852,0.374537170616991
375,0.543715403018415,0.381752165775135
376,0.48387991557066,0.376253060911961
377,0.556617003790483,0.372201751393526
378,0.580930995290137,0.362801253905383
379,0.602106344914373,0.354541928372221
380,0.605371040448167,0.359507496981907
381,0.576584837390025,0.361532812084831
382,0.564409428381536,0.370139251422804
383,0.545085341684588,0.365161775494502
384,0.532071906698846,0.368780370843057
385,0.524054742477078,0.381143674167366
386,0.544660151887793,0.376015300752561
387,0.518610489658699,0.358279004347087
388,0.581270108060028,0.350931031229676
389,0.536778055961978,0.364432699228198
390,0.559023247615593,0.342905841749117
391,0.53385152399155,0.353500101658892
392,0.570544787874367,0.354885894877511
393,0.57658534355327,0.351984741871751
394,0.590317445529429,0.353347503802093
395,0.577184780026385,0.355456422132798
396,0.575888724221551,0.34915539846872
397,0.529097739259846,0.372001805754861
398,0.537364849434078,0.354866564067296
399,0.54549750303688,0.346878234563113
400,0.575793387635825,0.356019383914556
401,0.549468326015952,0.359817333430148
402,0.5547213019184,0.359212036507662
403,0.535637496302851,0.37410329459519
404,0.536221400479414,0.367751502874968
405,0.584215191995489,0.363465622261834
406,0.611036216428269,0.355163161570316
407,0.614864620424109,0.352315785731835
408,0.595768915170732,0.374001522914142
409,0.554112282765877,0.377789625084511
410,0.565420313880387,0.367377500604775
411,0.600044967652293,0.364402486817704
412,0.590207463632488,0.352068813310237
413,0.56753043007893,0.359657922473111
414,0.5613074355325,0.3542974502693
415,0.59364232627404,0.353801121191207
416,0.562584989481001,0.362875644141311
417,0.607034800739194,0.360695628650965
418,0.611322514512974,0.351535078346508
419,0.587155567690412,0.351378300672905
420,0.615761099840019,0.355250368208035
421,0.587506294891652,0.341926827368675
422,0.589893230856706,0.355068955280994
423,0.614298459576397,0.344937472940965
424,0.597241556634218,0.353258185648216
425,0.572012954894812,0.350108769363686
426,0.571725902913545,0.366704262023865
427,0.595496020030525,0.354181197318046
428,0.574557162851677,0.361307547575372
429,0.562522678805196,0.369764788994703
430,0.58311527223397,0.363642297139433
431,0.605124615374382,0.363233557750499
432,0.533247589617703,0.371636745708648
433,0.49377427035411,0.375519898473572
434,0.508876124455177,0.362802784883093
435,0.520731607241489,0.3556660603263
436,0.587086670058193,0.359955115578346
437,0.561654637962632,0.362260693675524
438,0.570627622894228,0.366049532650746
439,0.544641700407141,0.365561077738156
440,0.566331584765005,0.362454134711494
441,0.618318129825591,0.351575094739017
442,0.602005185341113,0.355632888728338
443,0.578625266537883,0.357062562555871
444,0.576895757390164,0.358562052111942
445,0.525436374218466,0.35483039474918
446,0.545770686317414,0.361706095817994
447,0.532025644563842,0.365418816527323
448,0.583648739411861,0.356037230489949
449,0.540598868828496,0.362365109185947
450,0.578179796766362,0.353473865981826
451,0.556110585794488,0.362232259546876
452,0.557091559474381,0.34473929098021
453,0.500817975282846,0.355884732640606
454,0.555737756559289,0.352834724579379
455,0.553728591936562,0.348287232932791
456,0.573333427978423,0.341808580399951
457,0.588251734359536,0.341441715400585
458,0.576465124824147,0.343173751255755
459,0.548655462611893,0.357117199422481
460,0.550371363344229,0.3491172636033
461,0.563132900515794,0.344060815800309
462,0.559723276069603,0.347153542622479
463,0.579973739329179,0.331092001652352
464,0.557992114364721,0.344581692104836
465,0.532284138950992,0.366993024439575
466,0.537919165677817,0.348503407817046
467,0.510394913474892,0.360009471277662
468,0.521058243463936,0.338164641964149
469,0.516583240774271,0.337856535756516
470,0.555320130428722,0.342031954514645
471,0.552245168998386,0.359183175054965
472,0.619972052505222,0.354988612020153
473,0.576201297536374,0.36888521681247
474,0.587335605855134,0.371126351779678
475,0.594395052527853,0.354711403735376
476,0.601374878123113,0.34408931235059
477,0.604791703054424,0.348880837490318
478,0.636932390330284,0.349487458834712
479,0.614551947460189,0.352887928195672
480,0.581639138782438,0.360024348733372
481,0.622652574638711,0.331952638432036
482,0.599012211945338,0.361336176515273
483,0.571195671367943,0.367822047306567
484,0.608957197645028,0.3611193572463
485,0.569067180137589,0.370579895522997
486,0.575262500711366,0.36354652425812
487,0.629599004666097,0.336863657396563
488,0.566015898305752,0.356155465478583
489,0.578090737694004,0.354898313995101
490,0.563009616961563,0.357314636838514
491,0.558127970434932,0.343231491005596
492,0.579318809384486,0.344964411015852
493,0.661797130711211,0.340599106440084
494,0.573160706101185,0.365684662126959
495,0.565896956360444,0.367624745401514
496,0.570837504308762,0.364112705635289
497,0.575056910963443,0.360043583971361
498,0.55952186747004,0.361022125592964
499,0.576504981239943,0.358273421391788
500,0.605059302358315,0.349719778736614
501,0.587630342093162,0.368194671994969
502,0.589609085258917,0.350046597102794
503,0.605770306729646,0.337148229760475
504,0.605661006955441,0.34694154844412
505,0.595103402474681,0.34857563757137
506,0.609928780436956,0.349449173253822
507,0.606014632796974,0.350892150640048
508,0.571839607613079,0.363583552106979
509,0.57626822931144,0.362135054602498
510,0.553531514585014,0.36346698109771
511,0.563500314027313,0.362379359560443
512,0.571840480665408,0.361297950672049
513,0.600908057524061,0.363027074281281
514,0.559746527033348,0.380209784771946
515,0.583302506002466,0.372482244466911
516,0.612005476596769,0.359233294838696
517,0.565574825465847,0.374868689450237
518,0.573340220555557,0.362417558979773
519,0.580490206439229,0.356887780562641
520,0.609779135163077,0.350969134518778
521,0.615054723299391,0.359112617809661
522,0.549670559924014,0.374158137042751
523,0.502882220855989,0.385065923928396
524,0.555446529804035,0.371563690937931
525,0.547488254158506,0.372821861476496
526,0.541785136724158,0.3764403938813
527,0.572031563056829,0.36698179685118
528,0.573675218655917,0.367039847502163
529,0.60860862071359,0.356055307967754
530,0.59849154654547,0.359201144844664
531,0.576279278589164,0.347544307812343
532,0.579240325649359,0.353996076807256
533,0.556166067829243,0.368054299976329
534,0.534086587664506,0.375236432207056
535,0.505392856854154,0.372950113043771
536,0.539999192447304,0.368470797222272
537,0.586624483520565,0.36353190463076
538,0.589869185015175,0.372674999327301
539,0.608531347442665,0.360288761493369
540,0.563725466901991,0.35685333361437
541,0.532434545662147,0.370924504395812
542,0.562103889363634,0.369976907106012
543,0.5346434781074,0.375866883306373
544,0.606190024798085,0.360958180368772
545,0.590727671335226,0.363417145974961
546,0.606831306730039,0.364960293410835
547,0.592060551361136,0.366638543504571
548,0.586745392433114,0.366203314156828
549,0.595285163929444,0.363720704062191
550,0.565507359466642,0.365220006899221
551,0.548509028960249,0.357824428926175
552,0.563707678135512,0.364358962600819
553,0.542544507915246,0.371236777383784
554,0.526982807430976,0.369403143945024
555,0.528247426800913,0.357820154398834
556,0.538451708739103,0.362093596502285
557,0.612387791663941,0.361824049755133
558,0.591876436992964,0.365176870674877
559,0.549760585986014,0.370104080666555
560,0.547420221996632,0.37820690772694
561,0.532758540497753,0.381869094876169
562,0.547247438565658,0.375330222002094
563,0.621757166231392,0.370451314973345
564,0.634519864404353,0.360951170205731
565,0.608411392862136,0.365796252747657
566,0.513260501695525,0.382621506852565
567,0.508240086946577,0.387130097524045
568,0.595535115787496,0.382191638284872
569,0.531638226920451,0.385092888005512
570,0.549995315360931,0.380114467430871
571,0.59343488347462,0.368172594550319
572,0.553998556347086,0.380316224785501
573,0.588962999801233,0.37860115273495
574,0.538405448981775,0.384297540322775
575,0.546476948878624,0.399229092523763
576,0.60886254052335,0.38050824230021
577,0.565802276994154,0.38466162457605
578,0.575405128909571,0.371400117613298
579,0.595040709913071,0.366552109754003
580,0.619312257355671,0.360570165629012
581,0.531006739176011,0.381930230773348
582,0.550567079031285,0.381961993926824
583,0.559850622056244,0.380701445622751
584,0.598978302258563,0.372447576614615
585,0.585902229530279,0.36349167979575
586,0.58108417212463,0.368010760717404
587,0.593027831849982,0.364391466289612
588,0.58492512271874,0.367506947676156
589,0.585472531122453,0.358610355393674
590,0.584586061779837,0.359001216760797
591,0.58164150032328,0.373976610621335
592,0.583298659409762,0.37090175851196
593,0.613737959814944,0.369155715710472
594,0.617656664721044,0.354279404825251
595,0.560254161552111,0.371240697094928
596,0.579957630626291,0.353764763851747
597,0.584617732728685,0.371182893778482
598,0.551302456583829,0.380455878311125
599,0.566143438271218,0.375735445536618
600,0.566151580289529,0.353322090589975
601,0.573165363145397,0.358456865659624
602,0.590726165678224,0.362400259755473
603,0.546193271296156,0.390299223342232
604,0.555263908138807,0.3826414650238
605,0.575452864093877,0.376016631210096
606,0.571024807192984,0.375674647207836
607,0.550862256373175,0.370179123438046
608,0.561328363156663,0.377967202572926
609,0.614437800724992,0.359012800272489
610,0.593952545018152,0.351889110473401
611,0.584880253945804,0.366802644866012
612,0.577217166166772,0.38415347647621
613,0.582753209901432,0.36717710151047
614,0.569287178226011,0.364795594361708
615,0.547819707274888,0.370745645397179
616,0.564192437759583,0.357984678146399
617,0.537122346670159,0.369537688981105
618,0.53364068553797,0.366745051190563
619,0.569699895102522,0.35489683995076
620,0.539345429498314,0.365000742461099
621,0.55730887574219,0.363162439592111
622,0.569445437581249,0.357415574097072
623,0.557617410766521,0.348914185059277
624,0.556852898856903,0.352018332116777
625,0.521120110550928,0.360808324439413
626,0.583545050080124,0.334573394686473
627,0.604795217888851,0.337892592623247
628,0.593030324965473,0.342054965187148
629,0.563767469934468,0.356656606398867
630,0.608425524498581,0.348710425172643
631,0.59040159647791,0.364788272798853
632,0.580262823762239,0.355128599490511
633,0.557403460341753,0.353881503817261
634,0.621234978485664,0.343511165409059
635,0.627732285125301,0.351622708348033
636,0.613638152304717,0.342542431531253
637,0.605109057831965,0.351062824449015
638,0.566821152405966,0.365302285114576
639,0.581547016958421,0.361384605984237
640,0.60127669792301,0.355727107926191
641,0.614489984154021,0.355890591852594
642,0.658648992611364,0.352430459274297
643,0.608248766092156,0.366275194004662
644,0.566440452849417,0.381359550578379
645,0.594975224200853,0.377574271927845
646,0.542897680791682,0.393058373551323
647,0.535931615024145,0.376899578519722
648,0.550817429352736,0.358965177659009
649,0.568265006440267,0.370828364023229
650,0.554349523793696,0.369983348907407
651,0.533971733892052,0.359523573046815
652,0.565501728714092,0.35696236183008
653,0.614652313501132,0.350174729771409
654,0.60861788405651,0.345622692673935
655,0.638126867019321,0.350937535331622
656,0.615241734193147,0.364843992855935
657,0.617647724975438,0.360608110232216
658,0.612079411680648,0.356946696709549
659,0.616242088248381,0.348011425271415
660,0.604700665477394,0.353545292659491
661,0.55911753223597,0.357014827349101
662,0.503698385174914,0.366967114363284
663,0.543622274656182,0.363743381124457
664,0.59529850052229,0.363801162034908
665,0.600702713844301,0.360899569878046
666,0.588523382313241,0.358933565954596
667,0.594984830964096,0.357586788206244
668,0.625365844339072,0.354076166508847
669,0.588502685316803,0.366313495102942
670,0.586954957359157,0.374977002402483
671,0.572809649593738,0.36788234205094
672,0.580969571734549,0.366767245019648
673,0.63589522542581,0.348636027926507
674,0.627266915591966,0.362957888180872
675,0.611979706892521,0.361774939275734
676,0.554098378383415,0.367616745521152
677,0.571479093093394,0.366236990498091
678,0.57662444524709,0.366347058383103
679,0.553701480283964,0.369682287582928
680,0.585042836970772,0.361719131117815
681,0.570689523180106,0.34964937900471
682,0.564100084106478,0.356977563735245
683,0.562994627354602,0.351417680075445
684,0.549938209091468,0.36767049302526
685,0.565637548699232,0.364449464366256
686,0.590949557896932,0.356566199183436
687,0.583649403771198,0.357615797958688
688,0.599005504273217,0.356916683072053
689,0.578314904066477,0.350679191012592
690,0.639844756925681,0.351450475722631
691,0.624235552665228,0.352573303277624
692,0.536265951795179,0.38049863584564
693,0.526023346340806,0.383905119748659
694,0.558844525121089,0.359315867106775
695,0.506706645504825,0.370018043198047
696,0.508382375200345,0.366757573335213
697,0.558126505745621,0.35922981729164
698,0.562101817396472,0.355018117285149
699,0.581428450595112,0.355700061020686
700,0.578089631132287,0.352429742855094
701,0.593139251802455,0.357799996663327
702,0.55625296126003,0.363206492246872
703,0.525038403146356,0.377199948953541
704,0.546099190622866,0.382742582542226
705,0.517966382130877,0.390348542507117
706,0.60525499475344,0.379339549681476
707,0.591066265127064,0.371634583346977
708,0.609904299066492,0.362742816578645
709,0.593510571873798,0.354066861992007
710,0.590408368689142,0.356600559540255
711,0.60610175994116,0.356821515600661
712,0.602697644703907,0.355151365509593
713,0.608735384578846,0.352460799779788
714,0.62306859156617,0.346891732043768
715,0.592409567710929,0.358383753094295
716,0.52173127027706,0.373248018803728
717,0.531779827950024,0.375071963401261
718,0.575817631795643,0.369364028320353
719,0.569854257614753,0.363340321643258
720,0.567652971074001,0.363831781831272
721,0.570708024127002,0.356932039036997
722,0.597453352132721,0.363056607221963
723,0.592311726747161,0.359076770079717
724,0.594691049283553,0.36518367557147
725,0.595384584325686,0.358616457442134
726,0.606133397512814,0.359683553921646
727,0.601587665445114,0.350933571725537
728,0.632366949668285,0.349612691725023
729,0.612237413299942,0.349933704506607
730,0.610884227586392,0.35097923388618
731,0.641694053023642,0.345568286444774
732,0.604367056093477,0.358771692508945
733,0.637247372410107,0.354619913016632
734,0.616187253412517,0.356068608276505
735,0.611085528796024,0.353739420472395
736,0.619723865362135,0.344593134169365
737,0.614373301676199,0.347795262620526
738,0.58914444566646,0.356429621153134
739,0.548846898651567,0.36002240506725
740,0.595431000501669,0.340431214639693
741,0.631232537152295,0.344566658038651
742,0.623153929720172,0.342771480531913
743,0.621931826438767,0.336138325564337
744,0.567804312466327,0.354958307495904
745,0.563731001499269,0.367167987237331
746,0.581827052781803,0.357748964396818
747,0.591039214844092,0.338111346885618
748,0.538086548986453,0.363314528596828
749,0.546879912454741,0.351117178874581
750,0.594253310369563,0.352243622312429
751,0.594877129780642,0.331078589037274
752,0.598944970237426,0.351397013409814
753,0.640267857824719,0.345974229688111
754,0.651817909773797,0.340992642153459
755,0.634690935773786,0.343753494948366
756,0.587145848315032,0.364854241209882
757,0.595507651441734,0.355802926855788
758,0.628300526557657,0.343709893262409
759,0.646408288060051,0.355657213558909
760,0.58202409579521,0.371913366666366
761,0.561793701984216,0.381585064287995
762,0.593702714863951,0.366149234269261
763,0.603770941799293,0.361193625248053
764,0.565248441348968,0.368714822600548
765,0.560606659746445,0.377143411113455
766,0.564770835855082,0.370156968491471
767,0.575875377224526,0.374140383747829
768,0.608735381319998,0.35709295761087
769,0.596586205269987,0.364204979366643
770,0.586122809572011,0.355118154065447
771,0.550398399993315,0.365850828374742
772,0.585644175511253,0.361786792334794
773,0.605899674126959,0.3602737480594
774,0.598945461031983,0.359686396973075
775,0.560749766329737,0.37639218254415
776,0.55286869021526,0.370502299866612
777,0.578785181339317,0.378653662416215
778,0.548549380310398,0.383162045267356
779,0.604086050943597,0.375713956409571
780,0.592390713747616,0.369145843549375
781,0.543692443389815,0.374587177067255
782,0.576296890437284,0.372457913435794
783,0.593278268085014,0.379782455235151
784,0.560409082711723,0.373035668607758
785,0.579475864043921,0.372848667837833
786,0.585767848637036,0.362155060919991
787,0.585866959489726,0.361822718069989
788,0.551636440804626,0.357739794171101
789,0.566497002378727,0.36188418500429
790,0.590898039009416,0.36169686753698
791,0.606853192620798,0.346284206639429
792,0.5486990495675,0.364983565981853
793,0.587920526745046,0.35847071238994
794,0.533724409939371,0.370409485761109
795,0.540547110606487,0.364469122064308
796,0.552450662871896,0.37069899367208
797,0.572754437510631,0.369144582634997
798,0.570243134949913,0.363797709315582
799,0.535509225569369,0.377428100484441
800,0.586302279757121,0.371437605454058
801,0.578581562454267,0.368999341514116
802,0.528044385764189,0.372211717149207
803,0.529533625932373,0.386175051565825
804,0.534449330746108,0.372941672215523
805,0.582735748718298,0.370432085520191
806,0.597560809276056,0.357150644876159
807,0.554528071644059,0.369822523117492
808,0.556838347975429,0.372368608740276
809,0.586817713459739,0.371094915125319
810,0.549442250146362,0.360344091848716
811,0.609024623092005,0.363244709926346
812,0.643976863478717,0.344142018283866
813,0.629410719025574,0.348526817327856
814,0.546662536224677,0.369152401014406
815,0.599516311847519,0.362583706948731
816,0.617668448627248,0.356731651290247
817,0.616468939479008,0.365105993461415
818,0.624714863784035,0.357031462055279
819,0.606244826882922,0.35970454842373
820,0.600830267447175,0.361920280059204
821,0.615891724521536,0.348748508606877
822,0.63404941912569,0.346146334648927
823,0.622234830521697,0.357485134195185
824,0.635071149073652,0.346774576113916
825,0.565445325185889,0.366931074119731
826,0.583881495319165,0.363175827156662
827,0.591028954733312,0.361378139872723
828,0.643571984265243,0.354232169340303
829,0.657375307921833,0.35058265976649
830,0.637358784201086,0.355088086351574
831,0.630045202559243,0.34805887441121
832,0.624344735318192,0.352026754297113
833,0.626118655927135,0.349322220921716
834,0.592238052236061,0.35879428702662
835,0.596623316050571,0.353608695686656
836,0.532768693668918,0.386770903104707
837,0.581880954507218,0.371252758653381
838,0.610754922270283,0.353953183952684
839,0.617243688770837,0.369256817899317
840,0.645998599779115,0.362602522127446
841,0.658650874570506,0.353529879637352
842,0.669119312043412,0.351219343532589
843,0.646413436584253,0.36015615713524
844,0.636994480732337,0.35299030564374
845,0.656069309522018,0.351308895084704
846,0.593272420911945,0.379430239567668
847,0.62141483408263,0.374298363818804
848,0.608495361023802,0.373984322346386
849,0.608972308036398,0.362879566241848
850,0.606000558769038,0.366732809179875
851,0.565952449306357,0.388623913568869
852,0.538022279961232,0.389158563398059
853,0.541722234748579,0.392990850416046
854,0.530943392410124,0.385499046850219
855,0.549126584355996,0.378481195456702
856,0.584484169592851,0.373456311214299
857,0.600632561933238,0.372490329833211
858,0.641568779010685,0.368152352022119
859,0.630535715815474,0.369571279546057
860,0.633242730133595,0.367481870744576
861,0.594157201408114,0.367331781395385
862,0.618746152630361,0.353827642812763
863,0.614966386536035,0.367392101790614
864,0.636187054323329,0.363590496868438
865,0.597875051682409,0.363985461710406
866,0.559463491449519,0.37449666398453
867,0.561065340532842,0.36714369030772
868,0.550466974238324,0.364797526544174
869,0.510780205091006,0.382532274136404
870,0.579142366105649,0.379279146631567
871,0.609381867224864,0.375194295104897
872,0.595312067523443,0.360796104267163
873,0.595815662369881,0.366598435711845
874,0.573107923582207,0.379776790864344
875,0.573600590115903,0.37407023495863
876,0.60492594707275,0.373909872230849
877,0.592830286573741,0.372450177056042
878,0.591758425110229,0.373713105803496
879,0.591297786680565,0.374861755104644
880,0.60055705888382,0.359496932526005
881,0.607327365332174,0.34294456040412
882,0.588114032697093,0.363711356356687
883,0.560087644929388,0.369879221859173
884,0.580249652004821,0.380971097081898
885,0.659810437605194,0.357648359393474
886,0.637436272415249,0.362807541063497
887,0.594676748717988,0.370142322147464
888,0.640122683213546,0.358117831808865
889,0.60750110976593,0.37497579474705
890,0.635602528964813,0.368602607842733
891,0.598367697894251,0.378248669126128
892,0.596433001377592,0.386268989675162
893,0.63284752867912,0.375810114899772
894,0.684590011620237,0.356355888007849
895,0.599767193131759,0.383023066155917
896,0.569778993427033,0.386181745557596
897,0.63218076530882,0.366584705755292
898,0.613138573741382,0.373972243338421
899,0.63852076980187,0.353728430473948
900,0.549263666682535,0.373806678262173
901,0.594201701933388,0.379184045076483
902,0.558285037819432,0.378555556362971
903,0.519171942833589,0.381284613896964
904,0.510332329650405,0.383436636839939
905,0.548553131220965,0.383986091294783
906,0.609493023722603,0.380612260617284
907,0.570823937084868,0.385232470509718
908,0.567532429565735,0.374381378713299
909,0.566945622835013,0.366329340638897
910,0.602476247717986,0.367835178534071
911,0.597068153882631,0.369029918039746
912,0.556656287376009,0.365698619357825
913,0.526959012217135,0.388953024712038
914,0.540883357778801,0.373592023703958
915,0.60083335273794,0.374121095209599
916,0.593400155514463,0.372688441162162
917,0.613361390668214,0.369154135072958
918,0.58573782806982,0.371626707168402
919,0.594261817592286,0.356718587849452
920,0.514378804361539,0.386056901525183
921,0.539236152193885,0.385494966865158
922,0.488922975122442,0.391277679277215
923,0.564821347304497,0.391265681384303
924,0.578488471771529,0.387717955947416
925,0.601845983470801,0.382180011743462
926,0.563984405085374,0.375456828781755
927,0.536033572559971,0.377469509893273
928,0.527045428344849,0.388012412679805
929,0.547999937678409,0.387708435956343
930,0.500469323870228,0.389198009807915
931,0.574555844657934,0.376002482650752
932,0.568086845330444,0.372711998864348
933,0.590787138543541,0.376341660646138
934,0.603674743338873,0.375516875254182
935,0.594217627717696,0.375043580205077
936,0.611243133377512,0.36182597771276
937,0.616650804779348,0.362729741434486
938,0.647037800095356,0.351999352966414
939,0.658906183167848,0.351553885254811
940,0.615155577514239,0.373701133675516
941,0.617939410830137,0.359004130312897
942,0.603178010070145,0.358721855739013
943,0.572169624002341,0.368832658585603
944,0.546875018925841,0.382544621287964
945,0.552927382681963,0.368980601348317
946,0.567677907125802,0.372517184435876
947,0.58783593740657,0.376127157237968
948,0.544672640848598,0.37202204808843
949,0.521273134681462,0.385902862130955
950,0.547334269614154,0.382719481508179
951,0.542733128703758,0.368768523067551
952,0.607804173234884,0.367609044437388
953,0.565701518168481,0.361063446944197
954,0.598042750104646,0.360002060426715
955,0.554597570466876,0.380912944173902
956,0.58733165079148,0.364392987783848
957,0.589764704215988,0.369628037513103
958,0.521714958366234,0.389679353984889
959,0.559662026782451,0.367752357534037
960,0.570594256762083,0.377902215477735
961,0.557720145049704,0.381795622973595
962,0.528320894350813,0.369559350905849
963,0.507051797948204,0.374681346709059
964,0.48833479354075,0.384159367795051
965,0.548799526608466,0.376018542991663
966,0.545744466459575,0.377793443992779
967,0.562621600191827,0.36925732138142
968,0.597094106062281,0.370197423949901
969,0.609062245291778,0.368023019741707
970,0.57492967535639,0.369536908099274
971,0.52340413958491,0.381990988616918
972,0.559021545429926,0.369721669035185
973,0.571212768246157,0.359958081734751
974,0.57769053050458,0.367305070099057
975,0.569659267814483,0.370598181348931
976,0.552104288742074,0.379401778495768
977,0.54195327985648,0.371965693551014
978,0.544940633414439,0.373201188253748
979,0.516065292951932,0.380319365044735
980,0.507538603727588,0.369122235863115
981,0.524881550229751,0.372229855361713
982,0.520717711331764,0.379993427277974
983,0.534822607258233,0.389041689824247
984,0.541412326258803,0.379313010253365
985,0.566447498438314,0.37917070688566
986,0.521464173478467,0.370259053595948
987,0.54432703594013,0.375886190629836
988,0.582892842282687,0.369885083643944
989,0.568619124543902,0.373473324755462
990,0.554505064482742,0.367219645672915
991,0.571715645741211,0.371976623243261
992,0.48859324269737,0.388313840209659
993,0.519085629015941,0.373637860132547
994,0.558477159987683,0.362346419925274
995,0.559186327189997,0.373910287928645
996,0.579462347854302,0.369505013846698
997,0.477068793908393,0.390311171650139
998,0.508095473911855,0.383087836985301
999,0.519507856701642,0.371779079911755
1000,0.549115100286861,0.375931265006586
1001,0.484482056576252,0.386391866735884
1002,0.435645408272232,0.392564149297065
1003,0.440210748901644,0.390376237580288
1004,0.431718504972622,0.379078177918308
1005,0.427023410995215,0.381865851468881
1006,0.500619741469394,0.393835057655568
1007,0.518389216955178,0.39836297585655
1008,0.476645695885994,0.403115316063962
1009,0.519487627794019,0.402407751200495
1010,0.494297904278633,0.386600580351444
1011,0.493783903420764,0.396192750717105
1012,0.462764878989652,0.381741995724922
1013,0.486000936105291,0.399739050880826
1014,0.439585874123575,0.391945213173085
1015,0.404335065191902,0.374072569084196
1016,0.458666420164759,0.392760822648731
1017,0.379683677546056,0.374115022219657
1018,0.438238408715396,0.389222715496967
1019,0.407625292866367,0.374872825338472
1020,0.38646083512605,0.373284201261042
1021,0.32265271392304,0.361694407627781
1022,0.274213262432083,0.33932685099969
1023,0.269688409154677,0.32201669231647
1024,0.31081291163029,0.353284636042869
1025,0.270961800541875,0.336765694210692
1026,0.311493631449637,0.350768080887155
1027,0.265264137030994,0.336264501143308
1028,0.314123071608023,0.367989218823157
1029,0.2740224042797,0.343615094620712
1030,0.313581122892189,0.352969037707624
1031,0.285430200069365,0.341023078822511
1032,0.302607150537085,0.35737309213567
1033,0.277034856768188,0.344671048855421
1034,0.230028150556407,0.316338489498367
1035,0.296426618176917,0.338411674440491
1036,0.250347086783798,0.322541268189615
1037,0.254154594617026,0.327242474237881
1038,0.215095853777747,0.303646353216991
1039,0.209868206866372,0.302298894421906
1040,0.271471815245102,0.350802020493669
1041,0.200983607301152,0.302348771024561
1042,0.188076388588596,0.289550980602438
1043,0.187580138699231,0.273839873898031
1044,0.191791365728015,0.291700160953216
1045,0.217587681648854,0.319875900711277
1046,0.192377996668404,0.298629830875618
1047,0.203329096448157,0.292482109741791
1048,0.157721645919605,0.26019714766622
1049,0.144848843891988,0.241150625652203
1050,0.151811286159193,0.245166966561914
1051,0.135940734373553,0.237028183515355
1052,0.164511269507934,0.26656599264005
1053,0.153060319503194,0.258272761515674
1054,0.134015542748365,0.240812432007033
1055,0.218423507938612,0.330612668136157
1056,0.168677850550125,0.280229767792663
1057,0.14201203959981,0.252189659246982
1058,0.128121665591132,0.237046131621611
1059,0.128610900379476,0.238264279375229
1060,0.116510005295265,0.220226984191505
1061,0.11271786180996,0.215341183274162
1062,0.147004655820315,0.265921394768695
1063,0.119023841470039,0.228450975981656
1064,0.107248564554815,0.209979569941841
1065,0.100128546973381,0.197364821329372
1066,0.105803850518917,0.189095633792969
1067,0.0971941645553773,0.181042418319763
1068,0.0990665042417752,0.188006243546157
1069,0.0956101823182489,0.188145526526614
1070,0.0899447111405621,0.181142243458222
1071,0.0884384173362725,0.172066095263571
1072,0.0859535165377076,0.171416239389005
1073,0.0788714766311784,0.155518757552963
1074,0.07871896412,0.15719281795267
1075,0.0764184691862273,0.15931737425432
1076,0.0738594978894217,0.151473067258511
1077,0.0702752207536164,0.150809729957562
1078,0.0699539874050762,0.14546971289628
1079,0.0829551463339893,0.15431165028741
1080,0.0817925641751975,0.154712130020451
1081,0.124896305126074,0.214561608917153
1082,0.0922660387028964,0.174401565789022
1083,0.116264300842326,0.192227937212723
1084,0.085925509352401,0.162096030547323
1085,0.0728534883058458,0.139410702724974
1086,0.0661539047565413,0.130957676255057
1087,0.0672915914299157,0.133291801651059
1088,0.063938622162738,0.126079570160047
1089,0.058377599813853,0.121985152709903
1090,0.0544391159244442,0.118420583342057
1091,0.0521483584076817,0.11601085233385
1092,0.0707446664227518,0.135192912130889
1093,0.0728184704349372,0.130018356994807
1094,0.0643036584221332,0.124326573013068
1095,0.0597963970245965,0.119614078390239
1096,0.0644773804966734,0.124615064344739
1097,0.0584967805167507,0.116236076024192
1098,0.0584892408925945,0.115747839520367
1099,0.0613034743685721,0.11829134209064
1100,0.0590442917220132,0.114991398396758
1101,0.0576947424166154,0.115045985378784
1102,0.0536838721216179,0.112226097898881
1103,0.0501942171938158,0.10826904434419
1104,0.0730106580237233,0.139473077719981
1105,0.0660007367865236,0.126963370200444
1106,0.0599030859225286,0.120679394432215
1107,0.0525221209699097,0.110491105990501
1108,0.0517773016781458,0.108318246229537
1109,0.0562654572770949,0.111454012412451
1110,0.053481826003318,0.110569102658536
1111,0.0527572744086892,0.107630767337367
1112,0.09259084064031,0.162077608077464
1113,0.0685501002394491,0.131957705574047
1114,0.0823331842355524,0.153777621658139
1115,0.107221935579562,0.192369710561072
1116,0.0786822188411159,0.15557860174788
1117,0.0616582996416203,0.12698677912946
1118,0.0594460883312095,0.121024316551671
1119,0.0704524996645492,0.130604871924411
1120,0.0595290355083443,0.11477660317961
1121,0.0560883413333766,0.112584770781147
1122,0.0623489461107743,0.118248306273308
1123,0.0765825008708036,0.138020869308853
1124,0.0629749853279946,0.122105879536432
1125,0.0538417983591701,0.112817666217365
1126,0.0543723070915956,0.106154555770144
1127,0.0525320622514228,0.106445063897945
1128,0.0503527295283381,0.102781079394699
1129,0.0489215367668977,0.100158042972457
1130,0.0461949736906407,0.0942791402633933
1131,0.0481134409514104,0.0984069967477496
1132,0.0467271792484702,0.0963587872596942
1133,0.0474454881788047,0.0978732407081199
1134,0.0509483313076591,0.098620111708302
1135,0.100101087427366,0.204109043917426
1136,0.065547925049862,0.140048971763123
1137,0.0609199986531844,0.126562294946966
1138,0.0645668587246213,0.136772963436039
1139,0.0579445842193279,0.128108492486119
1140,0.0554127290431674,0.116469781936655
1141,0.0610037165449952,0.11952997050326
1142,0.054312760812861,0.111138751689169
1143,0.0513424871912156,0.104126611061177
1144,0.0443023046738812,0.0986420528846695
1145,0.0631979743006682,0.118307661309619
1146,0.0550794018989807,0.106018907743863
1147,0.0530588915935966,0.101752049482755
1148,0.049492841388717,0.0979816391796482
1149,0.0514349032467337,0.0989413017584655
1150,0.0531346711453124,0.100212793199794
1151,0.0518395084806553,0.0999838596118682
1152,0.0561965677621179,0.106066676149018
1153,0.0503681725999459,0.0976245582379988
1154,0.0449606548039904,0.0899377669689223
1155,0.0455604088750218,0.0902286781973096
1156,0.0553359872786876,0.10304283640563
1157,0.055354404998299,0.102351406206912
1158,0.0543773091325778,0.102013434229693
1159,0.05212154999782,0.100840344473579
1160,0.0491566932982891,0.0967174681233341
1161,0.0511921006612731,0.101969881049751
1162,0.0489003924951483,0.0990823838925542
1163,0.0521772661532144,0.0996686659552099
1164,0.0479631666795494,0.0954314145873585
1165,0.0528176049791729,0.100891086538374
1166,0.0507241310883862,0.101050461976966
1167,0.0572917743329978,0.116211059883862
1168,0.0541374424296727,0.105591190481007
1169,0.0499580761385177,0.0984590009696774
1170,0.0498836847475587,0.0994781588141723
1171,0.0705495189393075,0.136420126392101
1172,0.0533141367879915,0.109777661281482
1173,0.0549010627364623,0.105596871178846
1174,0.0543644230730534,0.106666574371745
1175,0.0476252451786692,0.0967502416925898
1176,0.061752188397957,0.116056339558858
1177,0.064033225225006,0.116523552790837
1178,0.05391794542292,0.10386953880132
1179,0.0466995917116982,0.0951609656999184
1180,0.0432583811109298,0.0917960772084845
1181,0.0511494863938205,0.10237355247543
1182,0.0522482586634806,0.102091798774463
1183,0.0477475298145891,0.0975251208750889
1184,0.0473660664540232,0.0965268206242006
1185,0.0566958276989825,0.106765485179323
1186,0.0565218133379537,0.109401488787657
1187,0.0662548330767403,0.125492430644375
1188,0.0554730878046545,0.110436451716625
1189,0.0583789444638394,0.11343457086457
1190,0.0536679547748579,0.104926801996372
1191,0.0514233957053847,0.102548331640152
1192,0.0575092453968973,0.110027337891273
1193,0.0478962111701402,0.0995764660684063
1194,0.0480879292968533,0.0967348122094346
1195,0.0486682669480821,0.10014228378106
1196,0.0470708660685276,0.0978069128242555
1197,0.0491917469510452,0.0983096536931012
1198,0.045127175417304,0.0938841701134929
1199,0.0486481209607341,0.0975643302009179
1200,0.0485172660337048,0.0952313454882024
1201,0.0459285253719089,0.0924458377077491
1202,0.0482314831672006,0.0949784942682955
1203,0.0500422481721416,0.0993730651370024
1204,0.0519206487926193,0.101852544980907
1205,0.0463368667329365,0.0941340671520024
1206,0.0513405181589206,0.101412360118833
1207,0.0479219741264141,0.0956395775370992
1208,0.0460651080638712,0.0930450215199609
1209,0.0693158597759493,0.151582356545654
1210,0.0539355538978979,0.111049118077191
1211,0.0478176644413838,0.10144476205209
1212,0.0483963861548994,0.0997839147127002
1213,0.0466296328741002,0.0961674935879732
1214,0.0470624883921471,0.0979743342601225
1215,0.0467350101658334,0.0966350674844045
1216,0.0505438346725311,0.100092115660041
1217,0.0489594065951118,0.0984805341819091
1218,0.0491797633787338,0.0993196545374379
1219,0.045792744461147,0.0926390240387656
1220,0.0404944060191001,0.0840351024502621
1221,0.045351765341019,0.0912249718127401
1222,0.0416631392568676,0.0853793965352003
1223,0.039980585868234,0.0843283129003945
1224,0.045019527472632,0.093515945077983
1225,0.0453448920468398,0.0919729963532297
1226,0.0432402749554546,0.0896758107119953
1227,0.0429179058248796,0.0877121327410037
1228,0.0391553421836961,0.0830721599797995
1229,0.0452635755035385,0.0933117130446033
1230,0.0433781284771897,0.0895739720428743
1231,0.0507051387875865,0.0999229081646896
1232,0.0491122615441519,0.100231344400495
1233,0.0447408911342285,0.0935199854807261
1234,0.0442158941146024,0.0915828319018567
1235,0.0433263247358373,0.089414729478321
1236,0.0439200533055194,0.090137951806374
1237,0.041530378433735,0.0885955133599751
1238,0.0428850544222977,0.0889859363899727
1239,0.0468364400983,0.0919958951795989
1240,0.0474129007454239,0.093526720447153
1241,0.0599304816757728,0.115207362206071
1242,0.050718554326759,0.103944275842828
1243,0.0566913458796601,0.110012429623406
1244,0.0494987991445567,0.0995728341785727
1245,0.0504899711381328,0.0982222992990872
1246,0.0457451573992331,0.0931057958487341
1247,0.0498211695395998,0.102377609113902
1248,0.0481616693155439,0.0973425904041787
1249,0.0418615136616158,0.0884017707992809
1250,0.0614089576431595,0.115837807456004
1251,0.0623119002299112,0.117157425006846
1252,0.0554333969763839,0.106196725917532
1253,0.0522952283260114,0.104732835152487
1254,0.0629638596119178,0.12007537031983
1255,0.0541042355480899,0.109824444490244
1256,0.0502493946551118,0.102723417853855
1257,0.0494522363626525,0.100776696361327
1258,0.0452024050309212,0.0966982555520716
1259,0.044869008606481,0.0955854389538522
1260,0.0417170118662949,0.0909053961439056
1261,0.0569919330306602,0.121428826424403
1262,0.0466084671211984,0.10138328495411
1263,0.0487363891756928,0.105029769282
1264,0.0439882463431178,0.097264827285886
1265,0.0408615353857123,0.0904362007341437
1266,0.0428771048855538,0.0942922044103452
1267,0.0444817637927654,0.0975779872072147
1268,0.0401317136863367,0.0906916233475164
1269,0.0366730364068854,0.0837183099961124
1270,0.0502500771352666,0.10605746213622
1271,0.0494604240325573,0.099606101812008
1272,0.0428529549759409,0.0909071541895001
1273,0.0350852475728236,0.0785805114894361
1274,0.0402366123083488,0.0872050638214047
1275,0.0447290470646981,0.093007980733791
1276,0.0393647845612966,0.0863956323592572
1277,0.0595813997083349,0.120627743947845
1278,0.0477768092898715,0.106432547234582
1279,0.0405294946257141,0.0912618337928371
1280,0.0379377543910115,0.0879403043853975
1281,0.0414754189975213,0.089084773690102
1282,0.0549604520662091,0.109303635884751
1283,0.0623988971278006,0.120660468516816
1284,0.0468002987537635,0.101631409971037
1285,0.0510022305208721,0.102623593581635
1286,0.0428029475136059,0.0919014562718223
1287,0.0472976369263592,0.0988416352746012
1288,0.0448029834906831,0.0948344837222843
1289,0.0414033319733846,0.0895346707812993
1290,0.0411638397185384,0.0885404954970201
1291,0.0413135488061187,0.0898446721204672
1292,0.0439557071283891,0.0913660504939719
1293,0.0557011716417099,0.107659060431272
1294,0.0482152605398221,0.0972017937975871
1295,0.0469052724208316,0.0930091025275538
1296,0.045131757528749,0.0898908365820747
1297,0.06552712216085,0.125277924920195
1298,0.0544775670394875,0.111188584071899
1299,0.0531345824335052,0.106312851764273
1300,0.0512401402803896,0.102068651317947
1301,0.0549707668096356,0.104610911913043
1302,0.0614570524191659,0.113340422321187
1303,0.0555074717702606,0.1063964034058
1304,0.0582984808304258,0.107380328839914
1305,0.0566242215609665,0.105813060557331
1306,0.0499355047900141,0.0974324804974113
1307,0.0511660231813409,0.102302113227107
1308,0.0466198948438405,0.0946572827606485
1309,0.0472331932719227,0.0934800377881614
1310,0.0553779760970669,0.105459977296659
1311,0.0574481497469005,0.109455388519399
1312,0.0511864315571877,0.098776656869668
1313,0.0488951272860504,0.0974510411154746
1314,0.0486441472508649,0.0968353081638744
1315,0.0515240043352612,0.099816870930969
1316,0.0469887013919548,0.0949670672056444
1317,0.0550219871813364,0.105032753808348
1318,0.0517764017673392,0.101700240624509
1319,0.0431226000710411,0.0906268936297283
1320,0.0448717599682619,0.0935863769844564
1321,0.0407766666028905,0.0888278628431759
1322,0.0478735950668865,0.0994686587478926
1323,0.0417884613242608,0.0894619494094089
1324,0.0427523718764901,0.0905093137362126
1325,0.0431842185745886,0.0889249235968277
1326,0.0532423028766517,0.106846822621619
1327,0.0516635476178472,0.102199471285697
1328,0.0490368646251257,0.0987259030844032
1329,0.0586187945361357,0.112428370019641
1330,0.0585728529393764,0.11091712057083
1331,0.0526088043885199,0.103722620299586
1332,0.0517080919111543,0.104867965480039
1333,0.0476880537030446,0.096990648908698
1334,0.0441097553954583,0.0902419230431786
1335,0.0468580628537313,0.0939687977840276
1336,0.0528024338099129,0.104063878618559
1337,0.0568570706563837,0.110181648495856
1338,0.049149630258764,0.0986227549853154
1339,0.0625871527265692,0.11793947109192
1340,0.0516772713583525,0.103112813175594
1341,0.0475328310536141,0.0985968107018653
1342,0.0489890408831567,0.0982785735950726
1343,0.0462559068618661,0.0957401566900115
1344,0.0773822839130434,0.149225406197573
1345,0.065181012713419,0.129970976668517
1346,0.0766514882421883,0.14196477403401
1347,0.0601713769484318,0.119713168530485
1348,0.057567439406006,0.112119070138281
1349,0.0588977765154245,0.110069698223798
1350,0.052904015003186,0.104371165715847
1351,0.0621246047194729,0.116819956924304
1352,0.0551751651224675,0.109586913990394
1353,0.0502022667319062,0.10399411183254
1354,0.0529434908823175,0.107603616291219
1355,0.0516526404314111,0.10269599656709
1356,0.061349605330852,0.112505167279305
1357,0.0578516440955065,0.108172622658587
1358,0.0522266161528762,0.102770828994187
1359,0.0757083285394848,0.135307466034333
1360,0.0583332846488527,0.113243662993259
1361,0.0542559267766262,0.105815422697322
1362,0.049447087922509,0.0996422822824018
1363,0.056908196656408,0.112357811067343
1364,0.0496851748800351,0.0999757478751093
1365,0.0464256265104787,0.0940164618911883
1366,0.0471910613379173,0.0953872703189102
1367,0.0562971832133927,0.107425789828109
1368,0.0507669455182676,0.100566904194325
1369,0.0602578411603494,0.11476327445151
1370,0.0534162325450644,0.106225140697897
1371,0.0498585682522845,0.0979435250553519
1372,0.055113901144044,0.10322612764569
1373,0.0513952976877592,0.0985692955416175
1374,0.0465437627253879,0.0945937026340252
1375,0.0546174119481902,0.104647965636787
1376,0.0595523986186245,0.116326527013875
1377,0.0523738138987395,0.103173206966024
1378,0.0491676207986364,0.098809393107181
1379,0.0544032653091606,0.104951013960649
1380,0.0491806152462528,0.100296561656869
1381,0.0507041928504142,0.103026174934051
1382,0.0573124871371548,0.108902473973576
1383,0.053417174122348,0.105329470142879
1384,0.0465636230387226,0.0943526079430099
1385,0.0533681983124167,0.102960788936872
1386,0.0477936815385661,0.0959549958439936
1387,0.0463355450735099,0.0936181560803273
1388,0.0648167325405381,0.124425295377906
1389,0.0552226485891382,0.109706176547601
1390,0.0588479483163777,0.112080223606789
1391,0.0531805429453412,0.105387743872523
1392,0.0510331925635305,0.102370668305761
1393,0.0543868854880045,0.107005002063836
1394,0.0589179212948537,0.117254728407115
1395,0.0463646905183211,0.0969656358189321
1396,0.0473645543402988,0.0993222305666906
1397,0.042649308374819,0.0915706510095713
1398,0.044209774563727,0.0936593547910907
1399,0.0393275172722318,0.0856208102049166
1400,0.0499645345708566,0.104529464568862
1401,0.0460972293178745,0.0961223157558577
1402,0.0419879142946078,0.0908122384137737
1403,0.0419775726134579,0.0907869125506729
1404,0.0391276035223256,0.0876468448279937
1405,0.0404729788929931,0.088475427244122
1406,0.0455132338534964,0.0959368525721877
1407,0.0783880852174624,0.15120945907906
1408,0.0597166201748398,0.121144591819213
1409,0.055333137613932,0.112564676334586
1410,0.0489680871716143,0.104835545198045
1411,0.0470659865154918,0.100008370699614
1412,0.0509984809424723,0.106116707444018
1413,0.0435769885343999,0.0948521868658092
1414,0.0384042296581142,0.0876594546170095
1415,0.0567609771934451,0.114284510880055
1416,0.0552336978858285,0.109399961771237
1417,0.0582677640214069,0.112630020627464
1418,0.0534858401072259,0.107286319091181
1419,0.0516323552632528,0.104232202414375
1420,0.0465995282638681,0.0984324947987349
1421,0.0565456950810202,0.113744037198318
1422,0.0454359498620931,0.0979018603860984
1423,0.0489670976390405,0.102808102662018
1424,0.0461914337087427,0.0965861891008322
1425,0.0429213794304616,0.0897885269479997
1426,0.0535180275493159,0.105207984839017
1427,0.0475000189525434,0.0978186438756679
1428,0.0459442196715048,0.0955893086696316
1429,0.0486804337727519,0.0980634284444014
1430,0.0465479906968307,0.0953271736189486
1431,0.0415372522080548,0.0895673005632172
1432,0.0431559942107061,0.091911034200469
1433,0.0419730386575479,0.0887775334006007
1434,0.0422852002121716,0.0893556554399523
1435,0.0379144858811223,0.0840189242983111
1436,0.038436137238655,0.0866064688603581
1437,0.0460712303493509,0.0953409900045978
1438,0.0420685527325629,0.0904977727219166
1439,0.0402609421442014,0.0876030930630085
1440,0.0413886486860468,0.0895566372098383
1441,0.0453885520760508,0.0937558061750357
1442,0.0463759896300455,0.0960516274376548
1443,0.0471461719388305,0.0984770965574464
1444,0.0470611749894051,0.0991628105296699
1445,0.0637657765549767,0.119149960834376
1446,0.0559350698108947,0.108345082437456
1447,0.0509657724897948,0.101815281507609
1448,0.0575569836883682,0.107708754157466
1449,0.0512726010763007,0.0994932089379493
1450,0.0483964583116135,0.0948184292136233
1451,0.0443606283406618,0.089426415619789
1452,0.0442941010212925,0.091682390466423
1453,0.0406073290420115,0.0860290087949481
1454,0.0657737879084985,0.130972305998342
1455,0.0727244031352531,0.13216173906083
1456,0.0587156501684089,0.115138150389891
1457,0.0519254976447496,0.104432562627829
1458,0.0471124498275459,0.0994445553559383
1459,0.0459527953819971,0.0969625264214276
1460,0.041171921752655,0.0905172215450928
1461,0.0432713858286149,0.092681639732009
1462,0.043278291834171,0.0909819283168615
1463,0.0537450923567015,0.113073686874325
1464,0.0521794498597534,0.105311499235779
1465,0.0540244910247801,0.108358042299964
1466,0.0492649940205266,0.100246929640223
1467,0.0470524674907645,0.0971260620328703
1468,0.0661158013618075,0.122540317469635
1469,0.0565665520358373,0.110590122627347
1470,0.0508387551735842,0.10277376779374
1471,0.0472976872981764,0.09614541321797
1472,0.0441433273850131,0.0935174153591587
1473,0.0458979632883885,0.0949714146840402
1474,0.055450601177807,0.106959908214737
1475,0.0478120943481357,0.0980968605561443
1476,0.0471510931109149,0.0945949734770867
1477,0.043789168714872,0.0916706052211702
1478,0.0422352286835542,0.090215284289308
1479,0.0403317438228295,0.0866744623363857
1480,0.0474375726044001,0.0978138165540397
1481,0.0462963416180005,0.0950264696748553
1482,0.0483678460616257,0.0992567389924546
1483,0.0457302120026664,0.0962885016435437
1484,0.0527588281031355,0.105080741077013
1485,0.0570264128005905,0.110722586655983
1486,0.0504390793932955,0.101802932416044
1487,0.0522715003164067,0.103697430167872
1488,0.0444040931648844,0.0928001040436728
1489,0.0445554043569998,0.0924699517278355
1490,0.0584334966151234,0.113248236128403
1491,0.0533516334793545,0.104364941228437
1492,0.0474268087857444,0.0950676160695406
1493,0.0473736637042367,0.0927832839637601
1494,0.0535767569184345,0.110261504681992
1495,0.048230825194194,0.0990968233552927
1496,0.0459896441777285,0.092543631173098
1497,0.0442316123035163,0.0905001958972939
1498,0.0413432628718458,0.0878588204113042
1499,0.043363512842549,0.0910497400809719
1500,0.0394054391994382,0.0860023765685365
1501,0.0448404431361109,0.0971821544778917
1502,0.0413419268446161,0.0887273895975241
1503,0.0446700766639694,0.0932078834956057
1504,0.0531850838442395,0.110582417089962
1505,0.0460161551165445,0.0989934526520026
1506,0.0436584198141365,0.0955303803182188
1507,0.0421940032300241,0.091674629858267
1508,0.0619397611046482,0.132295296083701
1509,0.0517994788451257,0.114457533140035
1510,0.0575236118836423,0.12804440900434
1511,0.0504712528845344,0.109882823176685
1512,0.044022111022604,0.0990213384126267
1513,0.0438221771907712,0.0940736672619251
1514,0.0444698950528804,0.0935836335804252
1515,0.0402278822983485,0.0847480350147045
1516,0.0435869005738278,0.0910606119125261
1517,0.079213442196624,0.161517380321342
1518,0.0573719134614627,0.130180048572952
1519,0.0593235015481665,0.122510368219568
1520,0.0493168336972377,0.107322876856575
1521,0.0469517138218524,0.100940210043169
1522,0.0424802617626874,0.0967844604987273
1523,0.0416890469672796,0.0944375245940123
1524,0.0448322483533249,0.0974054672257563
1525,0.0383065288623532,0.0897382463937032
1526,0.0743502357642298,0.130671129229428
1527,0.0552102773431632,0.111679867229957
1528,0.0462239958315491,0.100556551113005
1529,0.0460024585837776,0.100283976757991
1530,0.0430078841260206,0.0951765443341242
1531,0.0406748417223257,0.0922623611850783
1532,0.040269549896476,0.0908158403559257
1533,0.0425314510246664,0.091584263670118
1534,0.0422984219588442,0.0900503294120991
1535,0.0393611554972553,0.0868167036127114
1536,0.0392639113962369,0.0857351109544097
1537,0.044367063139603,0.0907375920231562
1538,0.056465666947895,0.106262951048375
1539,0.0471559701077926,0.0917121891776533
1540,0.0462700227127659,0.0934310457253116
1541,0.0600531418189866,0.118076968211043
1542,0.0485572054188824,0.0998756424123307
1543,0.0439978517324564,0.0912720060662865
1544,0.0541320474370617,0.107874852212934
1545,0.0538839076736277,0.106736009177816
1546,0.0532595526411707,0.104101231068573
1547,0.0499049394588872,0.100329659658836
1548,0.0491471158876086,0.100316373146444
1549,0.0460099547655102,0.0968523359901122
1550,0.0469096966672301,0.0992050287009588
1551,0.0510885706433731,0.103756488278238
1552,0.0455088620586178,0.0957510324199532
1553,0.04175409370635,0.090619899288005
1554,0.0430533156424391,0.0931759509018484
1555,0.0402775944259453,0.0881283338333798
1556,0.0413733103959773,0.0876665279323066
1557,0.038712891214677,0.0845281377986608
1558,0.0481934839590829,0.0966505535668623
1559,0.0462797486393433,0.0953143767339765
1560,0.0428299195198571,0.0902933288493783
1561,0.0425597099341084,0.089066106625977
1562,0.0454522659851486,0.0954344794582873
1563,0.0403264595884771,0.0873118974413174
1564,0.0373819652098082,0.0821547810985504
1565,0.0633366053187396,0.118134103126214
1566,0.0605198230289188,0.115793397347868
1567,0.0779075014913117,0.137458789560302
1568,0.0825209863858345,0.144413683308554
1569,0.06371239022863,0.122243838887846
1570,0.0592306758562563,0.115723574304439
1571,0.0602978185314416,0.120275613082475
1572,0.0790935954607065,0.143346599876273
1573,0.0653020033940872,0.12351416974945
1574,0.0599752374764827,0.119397069617449
1575,0.0600189913076093,0.117202195107454
1576,0.066169237776979,0.122903249314433
1577,0.0638342138274701,0.122577731704345
1578,0.0550350586031951,0.110504789276221
1579,0.0571031082704878,0.115496209063843
1580,0.0508705129560719,0.107174214554236
1581,0.047273904205857,0.0974570031537734
1582,0.0511090206199372,0.103338156150889
1583,0.0529367893379935,0.102892525578398
1584,0.0473146476785459,0.0934820392878037
1585,0.0824171786773227,0.14921747511729
1586,0.0643956104426867,0.124486312842903
1587,0.0536012918274461,0.107642312487498
1588,0.0644217617116253,0.121154302453378
1589,0.054840405269558,0.108802711897882
1590,0.0496409621414746,0.101231319510911
1591,0.0458678190424257,0.0943828041588234
1592,0.047150325381337,0.0967265958342584
1593,0.0425497530878705,0.0905941726933724
1594,0.0475961925302888,0.0982005902110011
1595,0.0596725002951514,0.11978123232969
1596,0.0474809168894893,0.100640644268818
1597,0.0655665890809174,0.137887663233217
1598,0.0538526303484543,0.113386086807835
1599,0.0544338828764852,0.110531686228057
1600,0.0704639339813454,0.128538524728771
1601,0.0581969383430156,0.115074752007714
1602,0.0493647607906696,0.104345860083144
1603,0.0494285107943896,0.101954054585086
1604,0.0480971719736324,0.0996893667481316
1605,0.0462038200568701,0.0959517021219558
1606,0.0491132567811316,0.102324895247194
1607,0.0524893101921123,0.106134449606219
1608,0.0468290229462189,0.0986320970158882
1609,0.0472700947017153,0.0976127991331281
1610,0.0409237894828456,0.0879220629712572
1611,0.0517974262479116,0.10572829978555
1612,0.0512933853087801,0.102855987246586
1613,0.0531588382964661,0.101729172580823
1614,0.0568179770309548,0.107592717046717
1615,0.0476059734658397,0.0959852100097625
1616,0.0470427265159958,0.0926241392564131
1617,0.0465967355137001,0.0930933652141224
1618,0.0473600511298027,0.0935476098551278
1619,0.0413622852755237,0.0856263210345926
1620,0.038989574695096,0.0809014645767762
1621,0.0429839711507653,0.0884332735135844
1622,0.0418698028650599,0.087970879964365
1623,0.0674804098897795,0.13236835122632
1624,0.0560830378733627,0.111951737481731
1625,0.0566940447487462,0.115811729682102
1626,0.0650696020463938,0.132743473406881
1627,0.0563222489274382,0.119059386954098
1628,0.0512861555509413,0.109083036390262
1629,0.0518159089928895,0.111043710037428
1630,0.0467635788570276,0.100529744509855
1631,0.0476615679992426,0.100942645922017
1632,0.0535167581887188,0.106104128126257
1633,0.0488832978753648,0.0997127181412381
1634,0.0517103248226633,0.103384449163314
1635,0.0500045449545613,0.100847189368479
1636,0.0572685646630299,0.110247226387566
1637,0.0607824099685523,0.119408044774602
1638,0.0523472441741476,0.107644465973493
1639,0.0482868449505792,0.102365769285797
1640,0.0484498055945859,0.100287879089023
1641,0.0557794040609622,0.110184761912597
1642,0.0496106466588955,0.103826486639652
1643,0.0729331786227286,0.157252637494237
1644,0.0550919687609595,0.124408816304163
1645,0.0527780632046593,0.120824361297749
1646,0.0515783455369121,0.115138793008139
1647,0.0463080368407176,0.107119324340578
1648,0.0443752518611926,0.10175918578974
1649,0.0539655857868471,0.110793625161919
1650,0.0482861460125062,0.101541959504511
1651,0.0509667726916705,0.104856101774517
1652,0.0444228029269136,0.0970340320440699
1653,0.0503223801081025,0.104657423872931
1654,0.0472191287951368,0.0974106206425214
1655,0.0415022974733602,0.090645478851612
1656,0.0454749242171093,0.094501953654816
1657,0.0411545358236154,0.0899380433784704
1658,0.0464407520414391,0.0957393884966318
1659,0.0428116912436373,0.091683214179239
1660,0.0428833330244119,0.0911118610487355
1661,0.0391027784509393,0.0867832194040613
1662,0.0395263250599233,0.0889189811980747
1663,0.0413240423134937,0.0880657835920251
1664,0.0411508936879452,0.0881395437494812
1665,0.0446657321990748,0.0939292265430708
1666,0.0384515534166469,0.0830836755499665
1667,0.0391614289113035,0.0831659587780248
1668,0.0405664077041495,0.085083188891622
1669,0.0619339383407392,0.12085860117558
1670,0.0466077597222443,0.100687077794411
1671,0.0393647072598895,0.0876948977662846
1672,0.0392608310046841,0.0878237485554316
1673,0.0343982681851353,0.0797011233139478
1674,0.0445767192006149,0.0930070011324487
1675,0.0380908456317709,0.0846846121457965
1676,0.0551051367287239,0.116396111941294
1677,0.0452627884934455,0.101452976224452
1678,0.0406638202623427,0.0926838691256558
1679,0.0463543315928664,0.0983410199588895
1680,0.0516524128077908,0.106257567701464
1681,0.0517559958619237,0.104881121838305
1682,0.0495105983647375,0.100657324368666
1683,0.0490248471843329,0.100422419490597
1684,0.0492107631084522,0.100547359418914
1685,0.0493844390068269,0.100564389620972
1686,0.0537023531863809,0.106166811478656
1687,0.0613740436925512,0.117807490126389
1688,0.0501872360640224,0.103321168771967
1689,0.0461054337970033,0.0956376888317415
1690,0.0460678402091018,0.0970443734932342
1691,0.0659297749183431,0.130955794814203
1692,0.0515168315516656,0.105622672500818
1693,0.050577631339295,0.101755896743475
1694,0.0729331964481022,0.137145623503755
1695,0.0613456417118226,0.120169702743166
1696,0.0537919627907855,0.110051344893042
1697,0.0564381920611213,0.110251852999404
1698,0.0565146267341096,0.107949600394375
1699,0.0727969016905159,0.14431795597499
1700,0.0702706615663646,0.13002883664905
1701,0.0582037410120054,0.113372879319993
1702,0.054352521363806,0.109812260220992
1703,0.0514810533782167,0.104347177343446
1704,0.0497537275707182,0.100121153614622
1705,0.045221059013022,0.0932340549467497
1706,0.0437833871705275,0.0907690536427628
1707,0.0427330118775739,0.0883862093750982
1708,0.0474848877973277,0.0962291620052302
1709,0.0451420685121046,0.0925573328768551
1710,0.0618093076930315,0.121800097340639
1711,0.054085523990237,0.106388419183056
1712,0.0464442848756949,0.0977422197270126
1713,0.0428025606502535,0.0931383556462565
1714,0.0396964420203232,0.089008971709175
1715,0.0482455779046123,0.10070176979525
1716,0.0532256540563447,0.106404029694137
1717,0.05146001966932,0.103389118721522
1718,0.0549656734995508,0.109227450803798
1719,0.0490354823309633,0.0977072755345295
1720,0.0458176335232232,0.0947817463976025
1721,0.045808368915899,0.0949463453322446
1722,0.0499750593927662,0.101545541790988
1723,0.0516570147563707,0.100938809988378
1724,0.0496541796711456,0.0999319932624118
1725,0.0528561657882278,0.104443094727012
1726,0.0477317096195662,0.0955763051113859
1727,0.0485273910026106,0.0942748940706537
1728,0.0675589943539576,0.119572832115877
1729,0.0607864094240787,0.112803845708282
1730,0.0520430498038227,0.10217853348302
1731,0.04673787178471,0.0969063047041313
1732,0.0480223776609001,0.098869724555666
1733,0.0405250228572108,0.0893570352906891
1734,0.0689547781368444,0.143564914826816
1735,0.0623773421813655,0.122245933744919
1736,0.0550479715940558,0.109983877800239
1737,0.0661146573859133,0.127663362931498
1738,0.0572438406844119,0.114697182405387
1739,0.0529964894105784,0.110777262090122
1740,0.0472081289451971,0.103794856421781
1741,0.0559659446044417,0.110150264083951
1742,0.0527168788304768,0.105624723967822
1743,0.0572952251957687,0.109497495504825
1744,0.05595976115914,0.107694798088153
1745,0.0519290371547587,0.102576877207612
1746,0.0615323075684954,0.116581430000201
1747,0.0552776963543826,0.109301529267345
1748,0.0720932300339801,0.129333682373792
1749,0.0617757287681904,0.117666196203907
1750,0.0536043466533267,0.107383340826279
1751,0.0535803859678985,0.104033556486207
1752,0.0560833553545091,0.109089310274255
1753,0.05152064940606,0.102205510358085
1754,0.0558762732316593,0.105198930166182
1755,0.0549517877537263,0.104315088382746
1756,0.0650058885636042,0.118857899573311
1757,0.05729781487119,0.109770774965971
1758,0.0492666136340046,0.0994592386986468
1759,0.0519868322596123,0.102151443030058
1760,0.0537503856922517,0.104969447449467
1761,0.0484519995687586,0.0998168224586543
1762,0.0563759317414972,0.110884097783321
1763,0.057093745513837,0.109553495317191
1764,0.0616921570148389,0.115772011083996
1765,0.0591838660134896,0.111040936776669
1766,0.0605626565362114,0.11449090376393
1767,0.0557367720974366,0.1094210587505
1768,0.0484810595158755,0.100664473320738
1769,0.0500879447242039,0.101042413459518
1770,0.0480072634500258,0.0997046080172907
1771,0.0487841980596838,0.0998043122466387
1772,0.0511733372390023,0.101715252296963
1773,0.0482450663894465,0.0976268880680251
1774,0.0449734713020624,0.0923215347095902
1775,0.0482728777072547,0.098334806041285
1776,0.0480610212201264,0.0978516142512596
1777,0.0517521090396397,0.0997496134661859
1778,0.0457671989101667,0.0930716808282447
1779,0.0424294947962472,0.0887047507084411
1780,0.0468661725591158,0.0963827140686072
1781,0.0480964235820592,0.0971460656137994
1782,0.0481810889906511,0.0963802732667801
1783,0.0504424654411564,0.100577563236137
1784,0.049847228766855,0.0985768243574429
1785,0.045016696109508,0.0924956766516238
1786,0.0458612072336231,0.0923977406460859
1787,0.04772398129109,0.0961550357582122
1788,0.0486575697238438,0.0979675477613768
1789,0.0457957384888887,0.0943131589998273
1790,0.0424438617617357,0.0877969933709672
1791,0.0414999332965083,0.0877865992350834
1792,0.0457297729724826,0.0962326190229424
1793,0.0610763728055225,0.121174765096215
1794,0.052941434092922,0.1077327749455
1795,0.0542062186258526,0.106399772638542
1796,0.0564840847999885,0.107619703340264
1797,0.0487579123661882,0.0986313962925582
1798,0.047147071968758,0.0966620830438059
1799,0.0471774203176576,0.0963965546077048
1800,0.0535198814629374,0.10332857354562
1801,0.0613549532126141,0.113044342348165
1802,0.0543153650246885,0.104321141862872
1803,0.0498765388698562,0.0999362017031187
1804,0.0490212548204073,0.0970807267361069
1805,0.0482180663090158,0.0961604304635638
1806,0.0540926737784692,0.103861257240767
1807,0.0515207412699812,0.101011971029559
1808,0.0511261010179733,0.0989110322133319
1809,0.0466683854277373,0.0917022651846841
1810,0.051717234902809,0.100999565186464
1811,0.0597430008679985,0.11066448918714
1812,0.0532456939786161,0.103113588370931
1813,0.0543755333508012,0.104569114193207
1814,0.051470294536278,0.0995513974357568
1815,0.0510093356923764,0.100181260455658
1816,0.0484499779996092,0.0970414278692626
1817,0.0435933323851865,0.0894108678515948
1818,0.0445545254282826,0.0907007405718867
1819,0.0451189636119368,0.091618344769572
1820,0.0471198919136342,0.0940941354332301
1821,0.0453343228537507,0.0911215531420626
1822,0.0501142398385095,0.101339485024361
1823,0.0439427137456819,0.0920011973654535
1824,0.0501319523505177,0.101376929867464
1825,0.0496689178691584,0.0997329705953265
1826,0.0483228453753153,0.097008969458388
1827,0.0597123426319091,0.113576702187107
1828,0.0532065592221191,0.10405816314627
1829,0.0521140090304877,0.102321157619469
1830,0.0468822962678784,0.0942395583169267
1831,0.0444795898486763,0.0913366585884812
1832,0.0478705452690041,0.0956248509370593
1833,0.0613502086909876,0.117276076852659
1834,0.0514467951280392,0.10263731957169
1835,0.0464542389154674,0.0949393165371707
1836,0.0444956126208633,0.0920988074438389
1837,0.0455336641718503,0.0936900545803435
1838,0.0503796984447086,0.0997545474277454
1839,0.0597531955140613,0.110421078882154
1840,0.06430378796698,0.116591967675889
1841,0.0574108660030802,0.109328839569582
1842,0.0500972340607699,0.0995595121569775
1843,0.0457217438319211,0.0934259036174612
1844,0.0549446874586211,0.104677582804279
1845,0.0601275880275007,0.109920449759451
1846,0.0795628738146526,0.141727504745466
1847,0.0596137680545599,0.113206456200809
1848,0.0499512385861825,0.101227238630974
1849,0.0490117987330595,0.0998248923081012
1850,0.0559418704678541,0.109612519551688
1851,0.050118612179789,0.0991631601407193
1852,0.0463413814604282,0.0932947364468744
1853,0.0558529801372787,0.103394324150598
1854,0.0493217307877336,0.0955076079909598
1855,0.0470174003291452,0.0921953334877426
1856,0.0507567614040949,0.0977297658007268
1857,0.0487389377801689,0.0966553659325212
1858,0.0486485960428977,0.0947839144777374
1859,0.0466281731383092,0.0932800291957588
1860,0.0399634282384189,0.0840749320785304
1861,0.0587184285826021,0.109493837263711
1862,0.0557327337449617,0.106805937130388
1863,0.0494293431329249,0.0993187759454113
1864,0.0457420175194848,0.0933650038666806
1865,0.0493967329426779,0.0989790736392058
1866,0.0473618262151341,0.0943479640742765
1867,0.0480866554775686,0.0956909557233531
1868,0.0462928761122536,0.092295362133624
1869,0.0429681854663196,0.0884937037433377
1870,0.0467151669614915,0.0951340964555491
1871,0.0468197144486379,0.095274835494323
1872,0.0411359517229816,0.0850205542018071
1873,0.0412519835566585,0.084907209288891
1874,0.0492956682911006,0.100186280319433
1875,0.0494278752695157,0.0991752446485035
1876,0.0529888513459831,0.107472098928934
1877,0.0595768068781353,0.11600964407177
1878,0.0496326734130171,0.101290579452882
1879,0.0584137876558223,0.111535858445457
1880,0.0518123865322688,0.101983247107489
1881,0.0493247380538487,0.0999119573525915
1882,0.0486129072026808,0.0979806674644772
1883,0.0510863667710202,0.101013618991584
1884,0.0542268169453287,0.103768408210243
1885,0.0592294590844074,0.112631123845627
1886,0.0624455098009688,0.114596700507289
1887,0.0549312431559776,0.105464023397485
1888,0.050701946626094,0.0985962442318119
1889,0.0510275786272561,0.101656077670605
1890,0.0465305384099087,0.0946090676011788
1891,0.0467790811561466,0.0930435331894412
1892,0.0484431563524314,0.0980108879443721
1893,0.0578320825015155,0.10945030257877
1894,0.052574132844975,0.104617775212211
1895,0.04673350309152,0.0969070040449043
1896,0.0441127491461853,0.0938776868625997
1897,0.0602873423508469,0.118200412086694
1898,0.0582077079137902,0.1131162445859
1899,0.0544760795905275,0.10614957361648
1900,0.050906883381624,0.101643106016519
1901,0.0459960749789289,0.0957713891199942
1902,0.0442531443314349,0.0935342399688629
1903,0.0469423539195244,0.0966105318775209
1904,0.0456421144954827,0.0930410991086819
1905,0.0431231017557757,0.0909627243730192
1906,0.0432161606563521,0.0900199292167977
1907,0.0433283233348251,0.0902286727499324
1908,0.0469635622337001,0.0967025979588533
1909,0.0451756730504896,0.0932307913059762
1910,0.0573079854179609,0.11178113103093
1911,0.0514950506992564,0.102029645235305
1912,0.0481983502610663,0.0991683918352489
1913,0.044715628393837,0.0945945846535496
1914,0.0454056103299627,0.0941757189522445
1915,0.0444408924607473,0.0914959793469885
1916,0.0461104783834314,0.0933124397139105
1917,0.0466314556229027,0.0941589488059764
1918,0.0426670342978125,0.089330921908896
1919,0.0626267862335035,0.130472968037936
1920,0.0499360001456941,0.109763107972134
1921,0.0520875714875366,0.108456917919469
1922,0.0554590323270002,0.111776469606631
1923,0.0497578397931551,0.102740493885783
1924,0.049851752823947,0.10150946836427
1925,0.0428865766517631,0.0918720749796604
1926,0.0450108083654231,0.0971808294944394
1927,0.0454930970857533,0.0976431858166666
1928,0.0423460442327821,0.0899692507062951
1929,0.0486576506054158,0.100684802710342
1930,0.04317971414529,0.0909499005302643
1931,0.0408956530586381,0.0872610884844179
1932,0.0424710512414805,0.0894179957477668
1933,0.0393623377024789,0.084593648621523
1934,0.0418011097791704,0.0891879420291274
1935,0.0448960633808153,0.0920906243511444
1936,0.0497596296655942,0.103181358136325
1937,0.0464542788794456,0.0967655864936959
1938,0.0505151262673513,0.100159223441391
1939,0.0454322521498937,0.0926230849080426
1940,0.0526690742522022,0.10389471837116
1941,0.0507607025722781,0.100228749959741
1942,0.0475847280507859,0.0975609137337727
1943,0.0570325386786812,0.108259778356609
1944,0.0523545453179474,0.103726690627672
1945,0.047638370795937,0.0947920405458629
1946,0.0728784944843888,0.154105020212443
1947,0.0614321278944237,0.128754566721373
1948,0.0557644711621917,0.113377948216747
1949,0.0499682711939693,0.101118606010949
1950,0.0556332074827487,0.107405976437981
1951,0.0550605241105952,0.108519150025371
1952,0.0535931233951208,0.105621128419097
1953,0.0490324705931021,0.0978261395871138
1954,0.0603179561216301,0.116115802917352
1955,0.0656905886949622,0.123347354299052
1956,0.0579090996821274,0.110726449651874
1957,0.054328878705798,0.10697633865023
1958,0.0531951236074279,0.104216854175799
1959,0.0542302901106699,0.102471776405737
1960,0.0502310839995478,0.0975150748007537
1961,0.0538860044153731,0.1005999223647
1962,0.0522907467247887,0.0979051313173505
1963,0.0493919785461431,0.0978255664798817
1964,0.0476942203852476,0.0947842700344188
1965,0.0464695826313592,0.0949767361507177
1966,0.0410086753893673,0.0871110466246414
1967,0.0633893665929223,0.121789204508308
1968,0.0502924380510664,0.10215867343042
1969,0.0488835322294241,0.103036217055609
1970,0.0486101624488849,0.0995626387866951
1971,0.0470402754070039,0.0970450399917931
1972,0.0437087199287461,0.0935321144037682
1973,0.0600530508876684,0.114639168134666
1974,0.0654891266979733,0.118753254922365
1975,0.0565430452269086,0.109240595032674
1976,0.067486811494424,0.13141809715997
1977,0.0577535574527003,0.115491333332962
1978,0.0610507304259789,0.115630592963197
1979,0.0565200420261981,0.110357302680687
1980,0.0696005064215393,0.125190872524882
1981,0.0582307343353437,0.112134713160567
1982,0.05363561385813,0.105388618359129
1983,0.0495513966245202,0.0978598580029299
1984,0.0463024667922405,0.0920580131529324
1985,0.0564779392544089,0.105926079372971
1986,0.0594798134793026,0.111912655422566
1987,0.051803035240355,0.102987854467465
1988,0.047372310714833,0.0964745182542246
1989,0.0591579506208275,0.112405484957805
1990,0.0637329200606803,0.116029278288177
1991,0.0536484650251797,0.105788016852697
1992,0.0507310572992319,0.101715391960715
1993,0.0492287630935584,0.0995481663883599
1994,0.0489749782716987,0.0989720374326053
1995,0.0712880185337652,0.133400280043167
1996,0.0648415110109248,0.120105985993157
1997,0.0565227772235611,0.109344964083725
1998,0.0674467770841268,0.123795816659387
1999,0.0535096721126224,0.104766897319548
2000,0.0490497273667209,0.098796425650731
