"","time","MR_mean_summ","MR_sd_summ"
"1",1,0.720323825176264,0.284005923402993
"2",2,0.729996118609417,0.27995044830347
"3",3,0.702174810159162,0.291604143390962
"4",4,0.684107318120178,0.296001032369595
"5",5,0.688642725678043,0.288998204193781
"6",6,0.684095683412827,0.29116305501026
"7",7,0.69453225602324,0.281274600292615
"8",8,0.70041109812835,0.280021164686161
"9",9,0.707827587998352,0.275229011714507
"10",10,0.697660310614222,0.284499529128804
"11",11,0.700507394269512,0.282395834360918
"12",12,0.708479170836047,0.278366741037354
"13",13,0.728725041144447,0.276187671339404
"14",14,0.72770687283879,0.275091833410726
"15",15,0.715979192904977,0.278644982252142
"16",16,0.729136486777517,0.272920805680556
"17",17,0.725501689268931,0.275550119388967
"18",18,0.717968614172258,0.276533807114753
"19",19,0.708862390938124,0.279135800289453
"20",20,0.707126845156297,0.275078565620237
"21",21,0.712921244888121,0.273581815133878
"22",22,0.710139562751712,0.27360466086227
"23",23,0.704194936061486,0.272872882613651
"24",24,0.700565977977928,0.271247452543592
"25",25,0.701794396735917,0.273151038897107
"26",26,0.721695991795865,0.271557564903475
"27",27,0.718506448926006,0.277952725992626
"28",28,0.723831417697903,0.272473526045739
"29",29,0.710236860359477,0.268549432433871
"30",30,0.710518329822559,0.26834849702254
"31",31,0.705746173007298,0.268452695401007
"32",32,0.713427875252273,0.265399956810116
"33",33,0.721591792169203,0.267391440841413
"34",34,0.70405436997427,0.270437134719663
"35",35,0.693017406987083,0.278086667782126
"36",36,0.69824437103305,0.278022585501822
"37",37,0.70375276624157,0.27583150100223
"38",38,0.710390054380017,0.273107931306637
"39",39,0.696776603255009,0.272679734183053
"40",40,0.698798757014921,0.272568630260212
"41",41,0.700062361077488,0.272402941246855
"42",42,0.691496685153787,0.276084273876664
"43",43,0.691844950376673,0.273663428215523
"44",44,0.696268676972131,0.27435779584534
"45",45,0.688978678630622,0.275755770868706
"46",46,0.699874610237122,0.271420195259996
"47",47,0.700192933294573,0.274436540734284
"48",48,0.714269771389889,0.271208711940918
"49",49,0.716239088659525,0.269204717200983
"50",50,0.703596998263049,0.274046831438821
"51",51,0.715200382636288,0.269465641323104
"52",52,0.703107598152725,0.271987642094583
"53",53,0.711511676557765,0.267461783544782
"54",54,0.698888996161348,0.273094041164407
"55",55,0.69748537175924,0.270097210551738
"56",56,0.690592842521364,0.275082851844127
"57",57,0.706144884793074,0.272839971605968
"58",58,0.702301543479107,0.269512459891238
"59",59,0.699509950235549,0.270313996802148
"60",60,0.697083255621705,0.270899263511284
"61",61,0.689168437016562,0.268787496325181
"62",62,0.695409435673231,0.26884064616853
"63",63,0.705535442782783,0.26481468341972
"64",64,0.705471836153105,0.266762750911395
"65",65,0.714349143337396,0.264764600383651
"66",66,0.714472691139123,0.262343372085483
"67",67,0.707004924915059,0.263253252715728
"68",68,0.706973328626867,0.263398561665445
"69",69,0.714751413872785,0.259925322511079
"70",70,0.6867646603868,0.279064005835321
"71",71,0.695320530269707,0.269447177221374
"72",72,0.675129299859931,0.279354452347126
"73",73,0.684886133684054,0.273527700368404
"74",74,0.69446027361398,0.270901343929879
"75",75,0.693355438150749,0.270296666213944
"76",76,0.697856480851046,0.269059696136103
"77",77,0.706707942358509,0.266879456985638
"78",78,0.711374114893634,0.266289820266717
"79",79,0.706970032157112,0.26476791941082
"80",80,0.692636002807371,0.271370888503495
"81",81,0.704157394062971,0.267546638492747
"82",82,0.68739995762627,0.269997167770519
"83",83,0.687811576676156,0.269660024305199
"84",84,0.689405377867822,0.268103825715094
"85",85,0.699019913408714,0.264573255999796
"86",86,0.710901127390113,0.262150419203514
"87",87,0.699352641399583,0.265756487584951
"88",88,0.701503999139346,0.263751599432968
"89",89,0.699570648366427,0.263258563950611
"90",90,0.695756566253362,0.267154483005571
"91",91,0.70461400046451,0.264453145924404
"92",92,0.700183772028507,0.266725616256902
"93",93,0.677695103897991,0.279100787924033
"94",94,0.68482745217684,0.274357755952454
"95",95,0.691401544989808,0.270055423006933
"96",96,0.702456159417142,0.267398687926326
"97",97,0.701465693383843,0.266624950835303
"98",98,0.710666101426263,0.267254155934202
"99",99,0.705821643423545,0.266064165271932
"100",100,0.711824363644336,0.263179522587016
"101",101,0.705184107467115,0.264413841217242
"102",102,0.687197116431825,0.27034081798198
"103",103,0.703845905963873,0.265555833855452
"104",104,0.693049352952268,0.268009554910728
"105",105,0.68912488661643,0.268642248820187
"106",106,0.669804941794795,0.276508650802917
"107",107,0.68458632599346,0.270154927802788
"108",108,0.688739650437876,0.26725837909269
"109",109,0.6963142290731,0.26303172565289
"110",110,0.698177963551522,0.260710894090596
"111",111,0.686641688741518,0.264287628015445
"112",112,0.686416451770733,0.262990678012877
"113",113,0.68983976913443,0.262332862460498
"114",114,0.674474267572378,0.266370238894619
"115",115,0.677057627630089,0.268702552540096
"116",116,0.673089471052053,0.273577598319298
"117",117,0.679024746637048,0.271443727097069
"118",118,0.679491522063928,0.267540946452909
"119",119,0.674912311148478,0.267782368137429
"120",120,0.679799079798961,0.264975835030869
"121",121,0.679653812372622,0.264055554227972
"122",122,0.680022166199909,0.262311281862495
"123",123,0.681499568156063,0.26210697974194
"124",124,0.672827658422837,0.265871018077406
"125",125,0.669847396656724,0.266161472029524
"126",126,0.672831324874854,0.263479146868253
"127",127,0.67366435695294,0.261986818540429
"128",128,0.677137788056601,0.262912731043989
"129",129,0.663540228711777,0.269702902563239
"130",130,0.670320705137623,0.267138712904325
"131",131,0.667848183865242,0.265688443839823
"132",132,0.671851722404192,0.264800649444737
"133",133,0.664333701171003,0.266427485809536
"134",134,0.670839900279694,0.265743529022698
"135",135,0.671944837087281,0.266307560773464
"136",136,0.66579883304024,0.270112868696912
"137",137,0.673494908947162,0.266816034633997
"138",138,0.674511212575621,0.266248990578912
"139",139,0.683467307962634,0.263853259835418
"140",140,0.682410906933908,0.263733594641829
"141",141,0.668304088022008,0.267400564472352
"142",142,0.661787807119859,0.269019821727503
"143",143,0.673420759040698,0.265228085455643
"144",144,0.670299872929336,0.265588010315031
"145",145,0.671925003283429,0.262990069325771
"146",146,0.678039018396473,0.261869482984611
"147",147,0.66043344577723,0.267015688941111
"148",148,0.664281406746941,0.264960791404271
"149",149,0.656276523827625,0.267771598071859
"150",150,0.664377718827783,0.26475486182644
"151",151,0.662459975339795,0.264170495831953
"152",152,0.654334083017918,0.266510975152957
"153",153,0.655373843120737,0.265412620017782
"154",154,0.665691639112775,0.262609096687904
"155",155,0.661708170705811,0.265040786289589
"156",156,0.663541228112241,0.266548857588709
"157",157,0.657700562612991,0.267342570976436
"158",158,0.662416647712407,0.264684472290763
"159",159,0.661353557613944,0.266073848281061
"160",160,0.656954997375197,0.267942882509046
"161",161,0.665676315483225,0.266105813928613
"162",162,0.666150908483577,0.265252909799078
"163",163,0.661547298485805,0.264818815210513
"164",164,0.656168303513703,0.267350750594232
"165",165,0.660171551336514,0.266122253260867
"166",166,0.665737712029481,0.262913723203727
"167",167,0.670407920037678,0.261446353122354
"168",168,0.668292153394193,0.262516149144669
"169",169,0.673799771051838,0.260748706488011
"170",170,0.669230796140396,0.263591916660631
"171",171,0.665042879990425,0.26153906672889
"172",172,0.664628216054251,0.260217202236031
"173",173,0.653524556126126,0.264956525008451
"174",174,0.652853053485635,0.26237534223018
"175",175,0.659816533772247,0.262656133805905
"176",176,0.669312945112835,0.261286706100052
"177",177,0.670246598967959,0.26183499654059
"178",178,0.663030350054699,0.264482917592268
"179",179,0.660234124159025,0.263727335143464
"180",180,0.659879343295023,0.264824157928633
"181",181,0.658738220955727,0.261396087119918
"182",182,0.650303566409606,0.264709210135706
"183",183,0.658569975724541,0.26367726783181
"184",184,0.663827125478142,0.262019019042282
"185",185,0.667196627552439,0.260571880339517
"186",186,0.664595219628274,0.261256860262799
"187",187,0.659916372664864,0.26330700809527
"188",188,0.664897455445809,0.263146175383078
"189",189,0.67124662074068,0.261159957970043
"190",190,0.671423358560028,0.25870809919911
"191",191,0.663233490252106,0.261328565188929
"192",192,0.659841547015724,0.261857358195513
"193",193,0.661131018203083,0.260181562815993
"194",194,0.659556055667123,0.259721193790641
"195",195,0.662948666474351,0.261058619821291
"196",196,0.657806168413994,0.261788030844872
"197",197,0.653698022826098,0.26305217234572
"198",198,0.666995450125564,0.26146247815003
"199",199,0.666516763509472,0.259528429152218
"200",200,0.659066570761433,0.260340925473065
"201",201,0.659711029228123,0.262722284575305
"202",202,0.659185735616847,0.264902953681488
"203",203,0.665522617699421,0.262143765801376
"204",204,0.660819345692471,0.263739280074299
"205",205,0.669400357589056,0.261710748689541
"206",206,0.66392543627972,0.262681788833712
"207",207,0.660053207632263,0.260986152714006
"208",208,0.663435599557627,0.260563286342374
"209",209,0.66947202268305,0.260047748520295
"210",210,0.663433139344277,0.262935616105424
"211",211,0.663485393060414,0.263550059359941
"212",212,0.65749111543539,0.267864845630888
"213",213,0.661181100356665,0.263314319813263
"214",214,0.659619748256454,0.262110390392499
"215",215,0.651394056563442,0.264514283132276
"216",216,0.643890103778732,0.26837876549988
"217",217,0.647235513240091,0.264991547606417
"218",218,0.647198328214539,0.26434916869858
"219",219,0.651881332731964,0.262246518545517
"220",220,0.649348925823347,0.261868384816689
"221",221,0.646115663579599,0.262620287572196
"222",222,0.65070636092188,0.261740457082084
"223",223,0.642707844079858,0.266080291598633
"224",224,0.635318920090621,0.26832100556495
"225",225,0.649828169797129,0.266559640950698
"226",226,0.643888070377023,0.26634240516272
"227",227,0.641094694519284,0.262741906291307
"228",228,0.639855911821626,0.263127069432311
"229",229,0.624642027012312,0.268481041325752
"230",230,0.632719320856091,0.26714940919779
"231",231,0.636160856089879,0.268216709830144
"232",232,0.632070386169419,0.265840981875384
"233",233,0.630211965649759,0.266892985602492
"234",234,0.64476814714343,0.262846276670769
"235",235,0.652536871903759,0.26238184749315
"236",236,0.646093378938472,0.261929883501323
"237",237,0.645265503736888,0.262664355153208
"238",238,0.650784980693268,0.262091122223489
"239",239,0.654476619908667,0.259682041749424
"240",240,0.650270430962053,0.262426179234674
"241",241,0.642361948735964,0.262206817812285
"242",242,0.648730796509881,0.259021878901791
"243",243,0.638774556861223,0.264379549604017
"244",244,0.641837259137732,0.262300027930036
"245",245,0.646795097083219,0.263658545822428
"246",246,0.646042535035136,0.261346895761754
"247",247,0.646415199110389,0.261792482766342
"248",248,0.643145768494414,0.260937853303429
"249",249,0.632624143420868,0.263422030459615
"250",250,0.637087410315993,0.262150298950902
"251",251,0.637033089247732,0.260806207412663
"252",252,0.639239753697459,0.260829560012127
"253",253,0.640302060475296,0.262650535352103
"254",254,0.648079503612139,0.260679415530742
"255",255,0.651048897626128,0.261272663983185
"256",256,0.641540032628648,0.260499024916143
"257",257,0.640080801277379,0.262474648432479
"258",258,0.645767906642579,0.2601952790497
"259",259,0.641346777335316,0.260638737925142
"260",260,0.643258971875395,0.26018341145755
"261",261,0.649716426843158,0.258439598881446
"262",262,0.65598914258932,0.260874628260843
"263",263,0.650274744549044,0.260253974502578
"264",264,0.644882927074164,0.259039598924486
"265",265,0.647527902517719,0.259118570311435
"266",266,0.642596434419964,0.260176129439848
"267",267,0.64956487321683,0.257625261636939
"268",268,0.644061968788047,0.260182254597752
"269",269,0.647664736504742,0.256571090903614
"270",270,0.644306212833738,0.260126232366759
"271",271,0.633845683134944,0.26300598470112
"272",272,0.640902769894994,0.259755689153251
"273",273,0.640320075347602,0.262260086910499
"274",274,0.631812206878168,0.26423862240287
"275",275,0.630135760682522,0.265557333615259
"276",276,0.63877268451645,0.263072607577374
"277",277,0.62911896445309,0.269453389224757
"278",278,0.632936032260229,0.265226838286001
"279",279,0.639118925227901,0.26356040314755
"280",280,0.635513555980216,0.26207692607369
"281",281,0.643452757875248,0.261304214779208
"282",282,0.640542747763965,0.261021964991279
"283",283,0.638435309197586,0.265627482555072
"284",284,0.647003281610592,0.262863514471243
"285",285,0.638244128149748,0.261851892885499
"286",286,0.640793607014114,0.259764916080816
"287",287,0.639215267799916,0.261130062158556
"288",288,0.634888833795486,0.262656972455435
"289",289,0.630131111048649,0.265669905766971
"290",290,0.628385595783562,0.26450548406294
"291",291,0.631928908456903,0.265572193164299
"292",292,0.634068234981135,0.262666592389372
"293",293,0.64219887365346,0.25998751096265
"294",294,0.639206094604215,0.25914848156768
"295",295,0.646637274385123,0.258426412010783
"296",296,0.645102263638225,0.260564740030654
"297",297,0.644008901711551,0.260946213223263
"298",298,0.638365443986411,0.258779869671899
"299",299,0.636165554261551,0.2626193649439
"300",300,0.637684779154555,0.259983913183132
"301",301,0.624106611043511,0.263211149079141
"302",302,0.637273099353218,0.262024022455161
"303",303,0.631473739850511,0.263424796185693
"304",304,0.638621533568547,0.261746345723385
"305",305,0.642843512076913,0.260118156779479
"306",306,0.640626809148291,0.258931625830858
"307",307,0.635361227644541,0.258274100647392
"308",308,0.637879230885553,0.258476015617745
"309",309,0.638869767703658,0.259728109901486
"310",310,0.633972268864661,0.261621100106547
"311",311,0.634303932827483,0.26122291282206
"312",312,0.637575752256944,0.260475127461441
"313",313,0.639031509582172,0.262369349732869
"314",314,0.639498555758707,0.263684595705419
"315",315,0.639404434428603,0.263541979622511
"316",316,0.632385303300943,0.265225863817377
"317",317,0.627659314148279,0.26263798793531
"318",318,0.626231582200562,0.264127674040051
"319",319,0.633220653612612,0.264605501138968
"320",320,0.635316148769453,0.264959511107124
"321",321,0.641998142196997,0.262281552364518
"322",322,0.633559772798026,0.264314449683271
"323",323,0.642516956073469,0.262829411665438
"324",324,0.639132487927045,0.263656634540406
"325",325,0.641121595681929,0.2642091778242
"326",326,0.640597377427238,0.262492665942119
"327",327,0.633866549211101,0.261388389846501
"328",328,0.636453529117837,0.260964150884474
"329",329,0.638401881944563,0.259797196164036
"330",330,0.634204075773633,0.262714832760764
"331",331,0.626494717153147,0.263350266413349
"332",332,0.642133738284285,0.259400229436661
"333",333,0.634355256164042,0.260103126829207
"334",334,0.641042735213685,0.258183254176412
"335",335,0.633196975329006,0.260121541329696
"336",336,0.650517824453066,0.260256242045601
"337",337,0.64842493937662,0.26008861132689
"338",338,0.653818544612703,0.25911322851549
"339",339,0.644996141894818,0.258942944674737
"340",340,0.630310813278512,0.263592863373494
"341",341,0.640191624935797,0.260094888394786
"342",342,0.640741290397931,0.259291669226043
"343",343,0.640115130852372,0.261009298600898
"344",344,0.638457704251332,0.26634873931622
"345",345,0.641621251394061,0.2627162433427
"346",346,0.643416739872083,0.260792219607139
"347",347,0.639647600969746,0.261615943173061
"348",348,0.643089501810998,0.262033973645629
"349",349,0.645455436837044,0.260737080059757
"350",350,0.637782597795493,0.264830968112411
"351",351,0.630055876495717,0.265099502857075
"352",352,0.643632995265572,0.262507519411842
"353",353,0.647515457192603,0.26152875533265
"354",354,0.648175001280065,0.258910266709223
"355",355,0.647379982504405,0.263954386242292
"356",356,0.648278610353557,0.262880412071246
"357",357,0.648291963729386,0.260373023991017
"358",358,0.638253026509987,0.261722299831958
"359",359,0.639791718343267,0.261566994768449
"360",360,0.647173446602486,0.260671135728404
"361",361,0.642453650714208,0.262686305992758
"362",362,0.629896796770156,0.264878427771342
"363",363,0.621191199715222,0.267322700382893
"364",364,0.63263219825586,0.265838784314584
"365",365,0.652101258887908,0.262535191340098
"366",366,0.660197114650727,0.260544661746853
"367",367,0.656721362370825,0.257741978048973
"368",368,0.650254760935724,0.260539969220314
"369",369,0.650107646734985,0.2604753857663
"370",370,0.635027523478891,0.267090408480045
"371",371,0.634557507275397,0.264326033240368
"372",372,0.635419180889029,0.268744557449187
"373",373,0.649521532413327,0.26451833232753
"374",374,0.645304471558052,0.263565749076766
"375",375,0.643718563104241,0.2635656933541
"376",376,0.650660860691026,0.261464689306068
"377",377,0.645965389495324,0.26512939823747
"378",378,0.645100057515961,0.264739622103815
"379",379,0.639848196210756,0.265920842337
"380",380,0.635755660020716,0.265334260576611
"381",381,0.642663080907258,0.264620866827686
"382",382,0.640242651759844,0.264284936689109
"383",383,0.65436307830227,0.263956134884913
"384",384,0.651915753112589,0.263014377970087
"385",385,0.647199140256341,0.262074594368019
"386",386,0.65037671501993,0.262162823872866
"387",387,0.637516807724185,0.266466460877165
"388",388,0.650005104282508,0.263643013059363
"389",389,0.637745627603542,0.264207336352134
"390",390,0.638146004963887,0.262288608622892
"391",391,0.637756610579543,0.262466030079307
"392",392,0.63229543001821,0.262985115211864
"393",393,0.65472263393904,0.261179801270321
"394",394,0.655401570069894,0.261363115053868
"395",395,0.640811615287465,0.264983855099138
"396",396,0.639295921976879,0.262236497764674
"397",397,0.644622859317828,0.262236546341743
"398",398,0.647568873705572,0.260363876134259
"399",399,0.653899444636099,0.262135634852909
"400",400,0.646530184558513,0.259887632890065
"401",401,0.650201991666188,0.259742559046012
"402",402,0.63966197841435,0.261992064963631
"403",403,0.644315477809938,0.261694658932765
"404",404,0.645566240404367,0.259637723887182
"405",405,0.643937552263424,0.260131682537548
"406",406,0.646322211065888,0.262147649937276
"407",407,0.646537896131776,0.261214129201069
"408",408,0.654609102819021,0.260526714951698
"409",409,0.653633519415753,0.262858680236167
"410",410,0.658205790801613,0.260358429171951
"411",411,0.65765298693781,0.260244503217478
"412",412,0.663276516658789,0.259154556241445
"413",413,0.656031390531872,0.258080230413978
"414",414,0.661174407761006,0.258558495841309
"415",415,0.664914614334844,0.258469413314331
"416",416,0.663475012531266,0.258024959999802
"417",417,0.666496640848518,0.257850618148791
"418",418,0.670634407887462,0.255384021765496
"419",419,0.663103211022025,0.257880959952252
"420",420,0.664202775576329,0.256365471723482
"421",421,0.659542747503287,0.257403015896136
"422",422,0.66078759918006,0.254302745784802
"423",423,0.663966428370277,0.254517148018461
"424",424,0.666028342243417,0.252746694912515
"425",425,0.67931782669864,0.254147980963948
"426",426,0.672544580906375,0.255237235246012
"427",427,0.660511812333198,0.257185478163407
"428",428,0.664605154205401,0.256339921182513
"429",429,0.659026119161402,0.257994109407571
"430",430,0.66158871124483,0.256708718822352
"431",431,0.664038852732988,0.254854325632088
"432",432,0.659005996241595,0.256771905721733
"433",433,0.647898053665561,0.258731327023264
"434",434,0.645154027239852,0.261374085593664
"435",435,0.640590958630755,0.261471488751033
"436",436,0.649052161220286,0.260204025038
"437",437,0.657412165073744,0.259124026752059
"438",438,0.65409742698746,0.258282571519179
"439",439,0.664519608416033,0.260306874618638
"440",440,0.653975388194765,0.264070933215184
"441",441,0.657318647871997,0.261781991214456
"442",442,0.650819306755761,0.262821377595985
"443",443,0.656545806181761,0.259836088748996
"444",444,0.666309207174775,0.257652758230424
"445",445,0.658179713714229,0.257500040187432
"446",446,0.649693431985649,0.263706433773212
"447",447,0.655113808528841,0.261543738722448
"448",448,0.64825347874829,0.261004659753834
"449",449,0.632269692106028,0.267867874337097
"450",450,0.64988453528742,0.263683725459088
"451",451,0.649768403103469,0.263234115851079
"452",452,0.653220861282196,0.260620696659446
"453",453,0.648384998023126,0.264054231691658
"454",454,0.652594295480401,0.265975636314508
"455",455,0.660625204778295,0.264006420097716
"456",456,0.648598365368213,0.263973558223492
"457",457,0.651465498003148,0.260510024452017
"458",458,0.649401846268505,0.262743868786061
"459",459,0.652341186368407,0.262837992696311
"460",460,0.650830909211172,0.261667821615598
"461",461,0.651907127320827,0.26106199482212
"462",462,0.649060980465739,0.265826791755917
"463",463,0.650099553894639,0.263887325154422
"464",464,0.650722980665875,0.263386601260497
"465",465,0.657753647947808,0.260510634340416
"466",466,0.652178235168992,0.261443575498095
"467",467,0.656864796259384,0.259511471555061
"468",468,0.653139866450985,0.261523192369401
"469",469,0.658724531729002,0.260706671601616
"470",470,0.663826088194154,0.259591546743266
"471",471,0.656132424082832,0.259475249626481
"472",472,0.651651450992873,0.259220348227974
"473",473,0.653683189908746,0.258806268928085
"474",474,0.638823990861704,0.262813541020388
"475",475,0.632821721085066,0.264536884317111
"476",476,0.640125663569454,0.263455124098009
"477",477,0.648160433624793,0.263022307795132
"478",478,0.658724365930302,0.260630679133005
"479",479,0.656966547250718,0.26019849228136
"480",480,0.650761003133976,0.262401979444552
"481",481,0.640846452751603,0.264284565170731
"482",482,0.649140846079517,0.260758452848914
"483",483,0.647137465047441,0.261704130445403
"484",484,0.638390213834023,0.263499975555444
"485",485,0.646903337039489,0.263837405636798
"486",486,0.652251551227116,0.261313084761729
"487",487,0.647694352057984,0.262255169991968
"488",488,0.652643570246185,0.260160793097467
"489",489,0.644995812540823,0.26330114424682
"490",490,0.648863006838611,0.260081827215773
"491",491,0.643798316245053,0.260642145368453
"492",492,0.645551142840401,0.259907774819121
"493",493,0.64825769002026,0.26012316325304
"494",494,0.651350523649672,0.258295461421865
"495",495,0.647204698728808,0.258552080225051
"496",496,0.652257224698703,0.257508003495872
"497",497,0.646611292693583,0.25923933899241
"498",498,0.648244443177138,0.258798213063252
"499",499,0.655400601920048,0.258855893813042
"500",500,0.66848011041725,0.258160489294282
"501",501,0.664500576012987,0.260214293816785
"502",502,0.664733617999155,0.259527518427627
"503",503,0.666288816648554,0.258366277765826
"504",504,0.65100776365045,0.261654649000368
"505",505,0.650940399837705,0.260453362120488
"506",506,0.650321429353362,0.257927667050074
"507",507,0.647907177563013,0.256997283147221
"508",508,0.640795930746368,0.259770266278871
"509",509,0.648114646572932,0.259757745109108
"510",510,0.640797244349039,0.262810206084838
"511",511,0.64706420964159,0.260462497527182
"512",512,0.653366727410396,0.260139329727425
"513",513,0.647117054698881,0.260109933591417
"514",514,0.645400632689024,0.259528124909027
"515",515,0.642582517689543,0.262830739063921
"516",516,0.639470834008503,0.262744724329995
"517",517,0.646311855517175,0.262004946878587
"518",518,0.650044049143036,0.260771046378527
"519",519,0.648507985225997,0.260335933896271
"520",520,0.645016528149312,0.260537109515354
"521",521,0.650634155251877,0.258146648648549
"522",522,0.644246935499252,0.261325827371908
"523",523,0.641637995067436,0.262648796167429
"524",524,0.637563832054225,0.263584918200294
"525",525,0.640216857520732,0.264458212830829
"526",526,0.657259757177624,0.263999013764584
"527",527,0.654698572243389,0.26128513895977
"528",528,0.648645908352533,0.261659309819531
"529",529,0.659160313272688,0.260771710493752
"530",530,0.65068517280961,0.262539776034673
"531",531,0.644719999816471,0.262553258970503
"532",532,0.626787760704792,0.271126088142937
"533",533,0.632601842020388,0.269038644690935
"534",534,0.634152450105595,0.267194118343016
"535",535,0.644020114533078,0.265515919026392
"536",536,0.654216585437669,0.263642096452194
"537",537,0.645231377242111,0.264069950002282
"538",538,0.643023470702214,0.265200949383813
"539",539,0.642651193373461,0.264563069904831
"540",540,0.651772923948482,0.263511880507835
"541",541,0.651536247105056,0.263768488898545
"542",542,0.648772561674288,0.2627418429608
"543",543,0.640217000839511,0.26453159761005
"544",544,0.645968642681568,0.263777358893719
"545",545,0.642626132339474,0.261931482118439
"546",546,0.640416395257043,0.262081042440832
"547",547,0.645547221317004,0.260524969291827
"548",548,0.647685518963474,0.262002403884465
"549",549,0.642655461523057,0.262357681254159
"550",550,0.643256403479453,0.260212444011956
"551",551,0.648288457560851,0.259474468226454
"552",552,0.655914850968558,0.261922213111634
"553",553,0.644256127561075,0.263441377778052
"554",554,0.649400876919535,0.263250200689253
"555",555,0.653564161487131,0.262264955858545
"556",556,0.646478887181727,0.263285529999133
"557",557,0.643304109770522,0.262026006587891
"558",558,0.647986431820528,0.261520396748367
"559",559,0.648113085071348,0.262201103985274
"560",560,0.643425232069924,0.261779564242678
"561",561,0.63040241043992,0.264223336263892
"562",562,0.641801870285139,0.262746355847202
"563",563,0.644667592147446,0.261648849189257
"564",564,0.636829825602552,0.263764293724405
"565",565,0.627832486909997,0.267960357961504
"566",566,0.639560809515925,0.26493191279779
"567",567,0.632902211469704,0.263592335458072
"568",568,0.643607815096616,0.263632480551041
"569",569,0.635988418882422,0.265116094035177
"570",570,0.639752954085825,0.263281498549787
"571",571,0.637149916803666,0.264677250521073
"572",572,0.627626953716184,0.267319606682226
"573",573,0.628679328504691,0.264007017397611
"574",574,0.642766487133564,0.262687665032017
"575",575,0.640433205276174,0.261952270938414
"576",576,0.629928499424095,0.267505944524584
"577",577,0.630510666347312,0.269884279785842
"578",578,0.64356729310883,0.26649783753355
"579",579,0.650551495869817,0.264333623631738
"580",580,0.649973198113064,0.261166281429996
"581",581,0.642458032851156,0.262817112849179
"582",582,0.642042291676846,0.262909066629044
"583",583,0.644510755765145,0.261558961322119
"584",584,0.646172835821259,0.2608058433889
"585",585,0.642563274710264,0.260350226814229
"586",586,0.641505101650891,0.260863404273045
"587",587,0.636384784036456,0.261529268783832
"588",588,0.645554423104449,0.261463486827341
"589",589,0.647141613980296,0.259818230094068
"590",590,0.647758679152669,0.259621414395313
"591",591,0.643690514355433,0.262518885096852
"592",592,0.649650553729788,0.261671359988966
"593",593,0.64410473841209,0.264538034934285
"594",594,0.64526479078729,0.262688681706214
"595",595,0.637154900573473,0.266854533272137
"596",596,0.636173147238351,0.26645765774035
"597",597,0.635239062558244,0.265465419121566
"598",598,0.637212333396625,0.265989563415483
"599",599,0.625841832164309,0.270416818378986
"600",600,0.632617087538116,0.266974545131938
"601",601,0.643049290754512,0.263991522920705
"602",602,0.642861310248814,0.264033043236953
"603",603,0.647417713534442,0.26129240334972
"604",604,0.640786643090541,0.2635091549861
"605",605,0.637892378232275,0.266915177210224
"606",606,0.645526504256723,0.262548160614069
"607",607,0.643705119880299,0.263761862740562
"608",608,0.633539207331086,0.264641529954931
"609",609,0.639132927907531,0.262691728885023
"610",610,0.629927319208048,0.267094112868795
"611",611,0.640431971233652,0.262885773620575
"612",612,0.642716434247308,0.262845773873536
"613",613,0.635313985714051,0.265005023124265
"614",614,0.640867878227214,0.267428352602654
"615",615,0.647820828746556,0.265241280484499
"616",616,0.641722561560177,0.265651460321482
"617",617,0.641427162356441,0.264082856759061
"618",618,0.646008159415396,0.263288068431563
"619",619,0.64591644744757,0.265494512416753
"620",620,0.646158646773439,0.269739928319917
"621",621,0.642783487154154,0.267377628310267
"622",622,0.640857054776365,0.267051540903187
"623",623,0.642334020733521,0.266925563895964
"624",624,0.638571335316404,0.264918438513875
"625",625,0.636082084499963,0.263301545209091
"626",626,0.631803224403293,0.266230869606027
"627",627,0.639609858647884,0.263302412530443
"628",628,0.63592678959076,0.265509180487037
"629",629,0.63667366164663,0.262805590226499
"630",630,0.63612876524211,0.263424651205356
"631",631,0.631027798443932,0.265393805421849
"632",632,0.644427033340405,0.263836031123083
"633",633,0.632639572925863,0.266825602683778
"634",634,0.634938557697487,0.266343229979709
"635",635,0.63214354709258,0.268473075553655
"636",636,0.629869936022175,0.266727060413048
"637",637,0.643813639574861,0.266444724034697
"638",638,0.640613397050446,0.263638592988658
"639",639,0.634417406776191,0.267287605648985
"640",640,0.633795353233232,0.271748318372936
"641",641,0.635635878070417,0.267145550891326
"642",642,0.64205608269717,0.266362771925777
"643",643,0.640131984011479,0.265773157078199
"644",644,0.645028801303029,0.263008535196608
"645",645,0.642963319829747,0.262310006349629
"646",646,0.638572197785769,0.26538476804386
"647",647,0.644067913369628,0.265156277461709
"648",648,0.648737649488625,0.262726046432399
"649",649,0.653667899238717,0.262757048219672
"650",650,0.646037240186109,0.266154376474387
"651",651,0.654777226701078,0.262095558544606
"652",652,0.646033842689376,0.263476552739857
"653",653,0.641092797314618,0.262728553501065
"654",654,0.645511781303362,0.263015435244252
"655",655,0.641369831299516,0.262382463225286
"656",656,0.63327344344972,0.263851207836672
"657",657,0.634698882605222,0.26241778008072
"658",658,0.639558845440161,0.265226872921864
"659",659,0.634782669086156,0.264710459375655
"660",660,0.63541442737423,0.262563541913889
"661",661,0.624049702986874,0.267046028092202
"662",662,0.633116923333482,0.266352189256003
"663",663,0.639191960278238,0.265437501878983
"664",664,0.633170594623661,0.264243260354787
"665",665,0.635558890528245,0.264297948840935
"666",666,0.635379953968885,0.264597118283103
"667",667,0.637882821891658,0.263250416245005
"668",668,0.641659062101253,0.262868459711691
"669",669,0.642398770411519,0.263429162565598
"670",670,0.640181365970887,0.26180451236514
"671",671,0.639576586847777,0.262740815992203
"672",672,0.634509252875203,0.266881860264992
"673",673,0.62822339338409,0.266397519244303
"674",674,0.628968618339741,0.265412362094043
"675",675,0.634085722945273,0.264986593298929
"676",676,0.633811824793229,0.264353678066436
"677",677,0.633724678060006,0.263105151768807
"678",678,0.63513699027694,0.264900173518244
"679",679,0.633233859705701,0.263264035170615
"680",680,0.639532001193548,0.262473654603389
"681",681,0.622446096595911,0.264711970340765
"682",682,0.636166402566361,0.263818258782043
"683",683,0.630795326692314,0.264148434597545
"684",684,0.633302793958797,0.263088195758684
"685",685,0.639259967318674,0.260735687761841
"686",686,0.629470375151475,0.261062971592885
"687",687,0.641973481584347,0.261540922691226
"688",688,0.639237931895602,0.259163465366862
"689",689,0.634341009048038,0.262275662885658
"690",690,0.632162535738716,0.263435063703739
"691",691,0.630673692047525,0.265601260046752
"692",692,0.633889205123316,0.264005800071982
"693",693,0.640906703120595,0.261215479578777
"694",694,0.628520286079445,0.263232307305289
"695",695,0.630830489851933,0.265579774868249
"696",696,0.628467946597827,0.26681604655036
"697",697,0.628562602838961,0.264654670740217
"698",698,0.633123984468117,0.264481139367851
"699",699,0.631057632362625,0.263697330272491
"700",700,0.631211620696026,0.261867368149158
"701",701,0.637190579456163,0.260559993425321
"702",702,0.622203669566917,0.26595181955007
"703",703,0.629362269048702,0.264551233098872
"704",704,0.634318738541675,0.264858761962076
"705",705,0.630214922270931,0.266251828276756
"706",706,0.628826350229184,0.26472251244638
"707",707,0.626689831947819,0.264617060685185
"708",708,0.632589813987662,0.264512514266463
"709",709,0.631728526614372,0.263619061022796
"710",710,0.640585956614379,0.262782945579623
"711",711,0.638726235642837,0.261705487831872
"712",712,0.630897147082335,0.269899647967439
"713",713,0.627727975192334,0.271636945297354
"714",714,0.639121192049333,0.269507361178707
"715",715,0.638906057435855,0.26817456461799
"716",716,0.637239502871622,0.267595827742782
"717",717,0.628602838645994,0.270424146895218
"718",718,0.631727182227192,0.267691324427328
"719",719,0.627658787901404,0.269747905699818
"720",720,0.62883640134951,0.266897832937151
"721",721,0.626617647241691,0.266235719169488
"722",722,0.6240891869099,0.268589387518672
"723",723,0.623693415387506,0.268411679600636
"724",724,0.633952741034013,0.265815413630046
"725",725,0.632355593469431,0.268526583936911
"726",726,0.638678992506373,0.266762100107593
"727",727,0.631230401106562,0.264988137498053
"728",728,0.620378887828309,0.267889992600547
"729",729,0.618460180100153,0.267049925048276
"730",730,0.627262744263132,0.267426202903405
"731",731,0.629419470600441,0.265939685900879
"732",732,0.629427598323193,0.263544376463829
"733",733,0.615116270933046,0.268176761489976
"734",734,0.61227210278955,0.269587032456795
"735",735,0.622115677802608,0.265639508441573
"736",736,0.628883756322752,0.263717189679283
"737",737,0.629364746693156,0.263644170466748
"738",738,0.614447558224093,0.266835231546524
"739",739,0.61735204925159,0.267250776732436
"740",740,0.609628380673315,0.266468360105901
"741",741,0.612236424020961,0.266583080678393
"742",742,0.618208210148511,0.264888138609867
"743",743,0.624008258903057,0.266293090656072
"744",744,0.614875000024969,0.271392972071048
"745",745,0.612715758292292,0.271425047012323
"746",746,0.617085049139613,0.267731259121504
"747",747,0.630829793333855,0.266866835499119
"748",748,0.627922598742405,0.263792894571943
"749",749,0.618767930476303,0.267259214346114
"750",750,0.61976933127981,0.267187073473904
"751",751,0.633921707683608,0.266285470122424
"752",752,0.624286371509211,0.267377370770452
"753",753,0.61414821850781,0.266606704884881
"754",754,0.622839644367145,0.265964443733263
"755",755,0.629533887595097,0.266133319081297
"756",756,0.63030920912349,0.264374814114416
"757",757,0.631088417894706,0.266013071297611
"758",758,0.622095759299683,0.267780934309731
"759",759,0.632370176754602,0.265740831687354
"760",760,0.624815949094813,0.266091065276268
"761",761,0.626863019101428,0.263918315172358
"762",762,0.630480913911079,0.263641334822124
"763",763,0.634676545291275,0.26451136126531
"764",764,0.633767514097482,0.264921792760895
"765",765,0.633377886410345,0.26475363965279
"766",766,0.62960935272678,0.266083580602406
"767",767,0.634230057186283,0.264761918221451
"768",768,0.62893057366716,0.265831289569743
"769",769,0.628563813096511,0.267471483319787
"770",770,0.617992334812671,0.26920063481966
"771",771,0.620977680082698,0.266576903836557
"772",772,0.625137300426091,0.266661472453133
"773",773,0.627869103665199,0.264894974541925
"774",774,0.618254680008007,0.268730247425239
"775",775,0.626830949896909,0.268218974320419
"776",776,0.636811243173172,0.267890261423291
"777",777,0.627391084546488,0.27176984351162
"778",778,0.628850135007303,0.267199334864058
"779",779,0.622285198770688,0.269068770998243
"780",780,0.611727230152126,0.268086996706468
"781",781,0.624394077729632,0.265897402386006
"782",782,0.627873431017952,0.264380033490162
"783",783,0.619095733714068,0.268115433950863
"784",784,0.617287836130185,0.266346234473324
"785",785,0.62380365790717,0.267410818274949
"786",786,0.620056330510882,0.26695152634948
"787",787,0.621904479363228,0.266886681647105
"788",788,0.621520331413453,0.268664398799857
"789",789,0.629241425777126,0.267438586559772
"790",790,0.630543634605351,0.271298326571584
"791",791,0.62355217204207,0.270615575320892
"792",792,0.618178339396056,0.272458878569713
"793",793,0.613911663567841,0.272580789826119
"794",794,0.623649833607867,0.269757870185792
"795",795,0.618750390033983,0.269908569104439
"796",796,0.621711923049803,0.268224848975943
"797",797,0.622165367357189,0.267441994694765
"798",798,0.622413011718808,0.267731435506821
"799",799,0.633140141111508,0.268300608788951
"800",800,0.629232625446377,0.269961919284126
"801",801,0.611122237841879,0.278938846035745
"802",802,0.620023664120256,0.276810012806626
"803",803,0.627942014791164,0.272183886335096
"804",804,0.62420549498469,0.268423414871456
"805",805,0.620609194826883,0.269257351927102
"806",806,0.622954947185939,0.270529859395325
"807",807,0.622761616192569,0.26697444219243
"808",808,0.621236843507215,0.266848985510478
"809",809,0.623031768452677,0.264948234627665
"810",810,0.613889569128819,0.27138566292718
"811",811,0.616271618536801,0.270283121121055
"812",812,0.610775695213541,0.273705725323066
"813",813,0.611459768947445,0.273733637320013
"814",814,0.608180435892919,0.275471554633994
"815",815,0.600614615945584,0.274611175638317
"816",816,0.60779324024137,0.273222891770322
"817",817,0.611582366368196,0.273251443667616
"818",818,0.595300081209197,0.276631651397383
"819",819,0.60782463339289,0.272020968315561
"820",820,0.604797326386611,0.273207712690704
"821",821,0.608058842552023,0.274324827767847
"822",822,0.61313918321603,0.272572051491751
"823",823,0.619301039523844,0.27132985609225
"824",824,0.613140634421295,0.27217439986735
"825",825,0.610454899384662,0.275088632457292
"826",826,0.616072123985666,0.272297434958026
"827",827,0.61779333395359,0.27611846695454
"828",828,0.624052994243641,0.273964777136308
"829",829,0.628885593241325,0.272632598965936
"830",830,0.635648052647687,0.271172496387614
"831",831,0.622967261723015,0.271514047054519
"832",832,0.616212563511287,0.274423019097378
"833",833,0.607776564050494,0.277104869773635
"834",834,0.606626134050884,0.277880489183047
"835",835,0.623361532533804,0.276833718136777
"836",836,0.617774330576437,0.275809774782712
"837",837,0.608280727370453,0.277188513672508
"838",838,0.616041797650538,0.274397357368585
"839",839,0.617767942780793,0.272691646411178
"840",840,0.621492449292556,0.273414225652194
"841",841,0.618370083905695,0.273945138361189
"842",842,0.616238563289679,0.271266072986063
"843",843,0.613604787914213,0.270762160980593
"844",844,0.60214217565857,0.274031328523906
"845",845,0.61522666140419,0.27613524934674
"846",846,0.612596521910067,0.276995045923307
"847",847,0.620352535782031,0.274556813064663
"848",848,0.616471617096398,0.271417072757209
"849",849,0.620163816672486,0.270934832551341
"850",850,0.615723166844289,0.273885488927315
"851",851,0.611347729146436,0.275929939594769
"852",852,0.610500961986431,0.275690974457582
"853",853,0.606669376530176,0.274958873581739
"854",854,0.613247140984834,0.272545237657022
"855",855,0.600330842184847,0.27605855642031
"856",856,0.608168603170259,0.272837461586361
"857",857,0.613755380798918,0.275771859428737
"858",858,0.611846183646947,0.274334048277289
"859",859,0.610836406743855,0.274090992387702
"860",860,0.603134225529412,0.273396490616442
"861",861,0.606930257738512,0.271474762665359
"862",862,0.603657211628826,0.269351198886361
"863",863,0.60121173617665,0.269292747649849
"864",864,0.606059274152984,0.269669032292839
"865",865,0.604016661026578,0.269696234687368
"866",866,0.598485266395112,0.274022895240611
"867",867,0.596282369565588,0.2740993677115
"868",868,0.597020443793668,0.276691089875336
"869",869,0.596090303822798,0.275055196864886
"870",870,0.59427585697281,0.27564301105027
"871",871,0.59016437676597,0.278788839455892
"872",872,0.603036632980968,0.27515591425482
"873",873,0.606288737014938,0.274976575068735
"874",874,0.614606669307122,0.274402741339789
"875",875,0.606639946889664,0.275033154921293
"876",876,0.609438688478248,0.274408621029879
"877",877,0.606385942365226,0.272075959732764
"878",878,0.609014804228865,0.276498326709889
"879",879,0.606772796977271,0.277675623435321
"880",880,0.60600400194068,0.277279891319676
"881",881,0.616686458840803,0.274332281570936
"882",882,0.605427751793859,0.275095938014856
"883",883,0.621390640844698,0.275055045925872
"884",884,0.612602116341808,0.275795223744941
"885",885,0.608756277756175,0.276709136290398
"886",886,0.605326987135292,0.276244107013663
"887",887,0.616228495770785,0.273584426740687
"888",888,0.616908344978541,0.274077315821431
"889",889,0.617920134639599,0.277505029186338
"890",890,0.616280143931062,0.274930707343582
"891",891,0.616594153479589,0.27570132819115
"892",892,0.615185079598808,0.275429394917062
"893",893,0.615577106839122,0.275103576876747
"894",894,0.614848938769042,0.276466711237502
"895",895,0.619218394397715,0.275531032837486
"896",896,0.614921382180121,0.275753326016049
"897",897,0.612396387913827,0.275256977044353
"898",898,0.608557747560457,0.276340716175365
"899",899,0.604998298996539,0.276638753308834
"900",900,0.60846481877517,0.274410430287046
"901",901,0.617364346883389,0.273453304510878
"902",902,0.614134703410839,0.27213777173396
"903",903,0.608817432902973,0.274002319873
"904",904,0.611752274542216,0.2763447287838
"905",905,0.611281612919138,0.278086015347181
"906",906,0.605543658449259,0.278202712855737
"907",907,0.608552908373048,0.275073477640034
"908",908,0.609897609170316,0.273200283198854
"909",909,0.601470100784837,0.273980646988679
"910",910,0.605732797670956,0.273042549043653
"911",911,0.609316922865997,0.274923539911898
"912",912,0.609047830540621,0.273455563355498
"913",913,0.609858638737745,0.273472124596686
"914",914,0.606189006735154,0.27511360072598
"915",915,0.61194107636353,0.273813587082005
"916",916,0.610397407749732,0.274328436625744
"917",917,0.606913570423029,0.272761325146515
"918",918,0.591019814067747,0.276453854374608
"919",919,0.590574775889001,0.275759893166519
"920",920,0.593998566358403,0.271993814576609
"921",921,0.590480509454688,0.278499373992469
"922",922,0.603675569739143,0.274109231925386
"923",923,0.607520950895509,0.272737267586477
"924",924,0.608225948591363,0.269166395414609
"925",925,0.608701581805467,0.267588590662047
"926",926,0.60445086764294,0.266859740917912
"927",927,0.609713508025131,0.26633549325069
"928",928,0.602679984956594,0.27013034705493
"929",929,0.604483874138399,0.270842691692758
"930",930,0.600165590922346,0.272244464051576
"931",931,0.593150840430877,0.274254681172845
"932",932,0.592961344058342,0.271104864668078
"933",933,0.598222883057734,0.273793235996341
"934",934,0.590869450645109,0.274370796373967
"935",935,0.606041919395568,0.273805031539849
"936",936,0.609082202527105,0.27006607770462
"937",937,0.607017160818444,0.27010100391051
"938",938,0.611156518196969,0.268849923570988
"939",939,0.607260275315447,0.269016880883528
"940",940,0.609284734318518,0.269494848264848
"941",941,0.611195699844371,0.268468800969689
"942",942,0.616998979864861,0.268146260424036
"943",943,0.618380613725766,0.267552585086232
"944",944,0.619075650012195,0.267989442979585
"945",945,0.617917159313023,0.270340567271232
"946",946,0.613461473154305,0.268886279945335
"947",947,0.610343054859134,0.270223418854294
"948",948,0.611913249913215,0.269064977863238
"949",949,0.620016719017258,0.267352284185596
"950",950,0.607510911688072,0.270479813949275
"951",951,0.606054452968928,0.270251250558915
"952",952,0.605261750955909,0.268923099632973
"953",953,0.609372929126589,0.270427540924697
"954",954,0.605838038795045,0.270282374240653
"955",955,0.612699426592612,0.269395546882333
"956",956,0.605298603593336,0.269541890150372
"957",957,0.603886999500534,0.267401505545436
"958",958,0.601798170230892,0.265906400612526
"959",959,0.608222481442749,0.26505551624895
"960",960,0.620326484601617,0.263372954202168
"961",961,0.619466975241468,0.264149165337967
"962",962,0.603298526246238,0.26685838316455
"963",963,0.612407896463154,0.267772786217181
"964",964,0.615781744891648,0.264482022698582
"965",965,0.612897124983232,0.267236994753582
"966",966,0.618248420230996,0.267406047997614
"967",967,0.608301194030216,0.266398788953024
"968",968,0.609573473615577,0.264417114957057
"969",969,0.60739572918067,0.265826909476706
"970",970,0.609660870027185,0.26455173502073
"971",971,0.611369085652476,0.266351148396732
"972",972,0.616587854008451,0.265589556917044
"973",973,0.602977383196044,0.270672738916261
"974",974,0.611368509761269,0.269048525751046
"975",975,0.602353271956855,0.268629502962095
"976",976,0.607729304090944,0.266262348226883
"977",977,0.61160916593865,0.266034371345706
"978",978,0.611409455015486,0.266545459755884
"979",979,0.607033982575774,0.270010422418133
"980",980,0.613963877404158,0.268593345415727
"981",981,0.614920114163746,0.268404370888314
"982",982,0.614061018586879,0.266025962912343
"983",983,0.615705704648106,0.269653827875988
"984",984,0.608608848742459,0.267250037056598
"985",985,0.615333793979265,0.266574020568021
"986",986,0.614008394415852,0.26843108769034
"987",987,0.611803763575077,0.267445706488425
"988",988,0.605758743941553,0.270914703802635
"989",989,0.603286729509884,0.269285646403076
"990",990,0.599803782968776,0.272660039382911
"991",991,0.606178163084163,0.271775925749807
"992",992,0.609564802343953,0.269490431329668
"993",993,0.606255090706676,0.270273177964471
"994",994,0.599296970703795,0.270150273848469
"995",995,0.605751648362022,0.269161161679499
"996",996,0.604762613680197,0.269758020613614
"997",997,0.60761396275703,0.267874904486329
"998",998,0.612358605782699,0.266621103065541
"999",999,0.612723100105467,0.266540491623169
"1000",1000,0.577904019093362,0.268149281500468
"1001",1001,0.567636723914871,0.26894384443428
"1002",1002,0.549079063159806,0.271188337045018
"1003",1003,0.528367326287446,0.278642976664391
"1004",1004,0.526502732161281,0.275328687579051
"1005",1005,0.525448148813968,0.277688449245447
"1006",1006,0.492361896769159,0.276713010874363
"1007",1007,0.514220456408546,0.281765170782158
"1008",1008,0.502419897192862,0.282523340587544
"1009",1009,0.476575256608145,0.279519230409038
"1010",1010,0.467785492799269,0.281759084550071
"1011",1011,0.460532085746916,0.28070710889806
"1012",1012,0.43978645714056,0.2789889848103
"1013",1013,0.426623789639786,0.278870932145554
"1014",1014,0.42185843620984,0.281225929579849
"1015",1015,0.394984858644233,0.273964708556961
"1016",1016,0.412129125804362,0.279016024538088
"1017",1017,0.38946372744615,0.274193533814534
"1018",1018,0.389671986217017,0.276522155621669
"1019",1019,0.393887740196292,0.277973127374861
"1020",1020,0.369751640952341,0.267881120670447
"1021",1021,0.371484342680993,0.275097746081031
"1022",1022,0.331639054635705,0.266018359249416
"1023",1023,0.321594789231361,0.264769135543332
"1024",1024,0.367996326440736,0.28643259845449
"1025",1025,0.271530323309422,0.241670566419845
"1026",1026,0.255181200744148,0.235660950213801
"1027",1027,0.266321500805048,0.240626704321454
"1028",1028,0.267414312207775,0.248540248714862
"1029",1029,0.253419345952832,0.238020710451596
"1030",1030,0.25054585601334,0.234642380325978
"1031",1031,0.255800838505852,0.240635472372589
"1032",1032,0.240074278769693,0.224578263197866
"1033",1033,0.218515136206939,0.215344412078285
"1034",1034,0.211531250101167,0.21278297407239
"1035",1035,0.210395890427187,0.214491090219797
"1036",1036,0.215508525674021,0.219759011987507
"1037",1037,0.203081762628793,0.209184436005514
"1038",1038,0.206823128371057,0.215824129541504
"1039",1039,0.179014580455124,0.19803487187915
"1040",1040,0.186416531795402,0.203511228430111
"1041",1041,0.182141349362625,0.200634822017673
"1042",1042,0.171706210067458,0.195381918452094
"1043",1043,0.17767828595641,0.197780503777072
"1044",1044,0.155674995999035,0.182861015990989
"1045",1045,0.153948453608723,0.18070868643048
"1046",1046,0.147479612134762,0.175806460569768
"1047",1047,0.145565194517861,0.173585806202594
"1048",1048,0.142465112981789,0.171705571577039
"1049",1049,0.133683130752497,0.164742350321059
"1050",1050,0.129123434341549,0.16109624925531
"1051",1051,0.132770050972649,0.163443031089194
"1052",1052,0.119178499130789,0.153464982840635
"1053",1053,0.120436220013195,0.156964848591546
"1054",1054,0.120672660535914,0.155614454176099
"1055",1055,0.115614766450536,0.152704040738984
"1056",1056,0.108585810347213,0.144050160984333
"1057",1057,0.107100877243365,0.14327995374951
"1058",1058,0.0999925638546516,0.137562391193058
"1059",1059,0.0967942833802426,0.134853543838861
"1060",1060,0.110881264018616,0.159520171492637
"1061",1061,0.0959046391313524,0.136990693244636
"1062",1062,0.0907368761994543,0.13154616222996
"1063",1063,0.0922341749855157,0.13726270634164
"1064",1064,0.0882316835420049,0.129447750820507
"1065",1065,0.0807017564356068,0.122307633598095
"1066",1066,0.0806439644373628,0.123170111989747
"1067",1067,0.0804762384229753,0.123040306986018
"1068",1068,0.0779266264306991,0.121186143054576
"1069",1069,0.0752363612783502,0.117760768095258
"1070",1070,0.0696206638694826,0.111432306600654
"1071",1071,0.0688044413666221,0.110878107365194
"1072",1072,0.0642205691118788,0.10526211592509
"1073",1073,0.0639016725258423,0.107418458563221
"1074",1074,0.0660713266403542,0.110752968765539
"1075",1075,0.0665588084571825,0.111808176677301
"1076",1076,0.0621566930700236,0.105333410240099
"1077",1077,0.0583287544720143,0.100581215990554
"1078",1078,0.0587133688895619,0.101839526242055
"1079",1079,0.0688604565736933,0.114790454389821
"1080",1080,0.0658687871926302,0.110385022707761
"1081",1081,0.0592941715828939,0.103051854285496
"1082",1082,0.0576180881957446,0.101700697615124
"1083",1083,0.0590667473819753,0.104902262862029
"1084",1084,0.0520420534941756,0.0943600417310019
"1085",1085,0.0569913730658704,0.101850226200811
"1086",1086,0.055020915819622,0.0996182783975553
"1087",1087,0.0506180452354672,0.0936392478210485
"1088",1088,0.0555371987702161,0.10218292372997
"1089",1089,0.0514033825771793,0.0955030777317859
"1090",1090,0.0535801073390327,0.0992661192387074
"1091",1091,0.0495797678407208,0.0940719441938184
"1092",1092,0.050436593402277,0.0950839099193971
"1093",1093,0.0503267070738365,0.0958849088546968
"1094",1094,0.0517945353132289,0.0980403573924218
"1095",1095,0.0461710943485779,0.0892846570490712
"1096",1096,0.0440964733615315,0.086677788241972
"1097",1097,0.0430765370729686,0.0858999375397075
"1098",1098,0.042536004703362,0.0859809436881963
"1099",1099,0.0440060371330735,0.0887591345231615
"1100",1100,0.0477666209111451,0.0956038809050521
"1101",1101,0.0454242510732281,0.0904270881805202
"1102",1102,0.0499075515040375,0.0991446883729492
"1103",1103,0.0466911573629646,0.0930947472909678
"1104",1104,0.0420434883562417,0.0855927259191234
"1105",1105,0.042043503360029,0.0863560730408075
"1106",1106,0.0395119601946814,0.0815584317916248
"1107",1107,0.0405134970334402,0.0835549346815404
"1108",1108,0.0409311705429129,0.0851877712232929
"1109",1109,0.0380648832145525,0.0807036254537473
"1110",1110,0.0422379529097402,0.0874986753497746
"1111",1111,0.0404332125252796,0.0852281023519182
"1112",1112,0.0396244432902579,0.0842193356677176
"1113",1113,0.0405879226043714,0.0851021340120238
"1114",1114,0.0421477269463025,0.0880534744528039
"1115",1115,0.0386830644328353,0.0821234468989171
"1116",1116,0.0427485250456238,0.0886532451952478
"1117",1117,0.0391294804718246,0.0834207642034677
"1118",1118,0.0390636791353641,0.0842149968937259
"1119",1119,0.036782123828423,0.0800807365928288
"1120",1120,0.0347345389163369,0.0773222706830408
"1121",1121,0.0395386777546555,0.0857788070458077
"1122",1122,0.0413200500588762,0.0897706956224585
"1123",1123,0.038910294984809,0.0848634535293829
"1124",1124,0.0362236365384906,0.0810725520463272
"1125",1125,0.0375479254531328,0.0831263237854533
"1126",1126,0.0373670878357713,0.0824139433200143
"1127",1127,0.0365159184881381,0.0810682913517469
"1128",1128,0.0361177451812383,0.0800300826769131
"1129",1129,0.0346584546908689,0.078369851829216
"1130",1130,0.0355592108615015,0.0803218189590767
"1131",1131,0.0369627197075376,0.0835265902343212
"1132",1132,0.0357768579171696,0.0810525564892489
"1133",1133,0.0358141088470756,0.0810694251255008
"1134",1134,0.0361036974791508,0.0810518777327629
"1135",1135,0.0387239796365388,0.0852109649272828
"1136",1136,0.0373301158945572,0.0835891935362895
"1137",1137,0.0375691344750439,0.0842831087390209
"1138",1138,0.0371535948825588,0.0837400101643949
"1139",1139,0.0362649786242594,0.0822681418242199
"1140",1140,0.0338447156268552,0.0781412435763099
"1141",1141,0.0352121453533619,0.0820120544419225
"1142",1142,0.0353832207623535,0.0820926520835215
"1143",1143,0.0350424043909794,0.0807549800331187
"1144",1144,0.0329313676753427,0.0769618486231714
"1145",1145,0.0351871044753335,0.0811221240175862
"1146",1146,0.0332999865250404,0.0783235360708642
"1147",1147,0.0334913335050832,0.079100207050024
"1148",1148,0.0329928910124827,0.0775993245979484
"1149",1149,0.0331337561306552,0.0784868453405402
"1150",1150,0.0328388407434116,0.0778558863305275
"1151",1151,0.0317836125837296,0.0764581791685379
"1152",1152,0.0368953013474788,0.0851101827981881
"1153",1153,0.0349370970335628,0.0811820822401587
"1154",1154,0.0344953302049447,0.0809738240398097
"1155",1155,0.0327655330343843,0.0779191958082624
"1156",1156,0.0315132189615538,0.0755807318124642
"1157",1157,0.0317749102850713,0.076634092135598
"1158",1158,0.0338305380899779,0.0798127085249153
"1159",1159,0.0336481052731654,0.0795493684465633
"1160",1160,0.0336910742686838,0.0798368034085763
"1161",1161,0.0319219378905159,0.0764206095360595
"1162",1162,0.033037350963288,0.0791069909626477
"1163",1163,0.0333389307095963,0.079731388737758
"1164",1164,0.0326605837986934,0.0783594343829427
"1165",1165,0.0316307081631557,0.0767585305427536
"1166",1166,0.0316207011682386,0.0764718539761138
"1167",1167,0.0361708576425548,0.0854173392883154
"1168",1168,0.0349049345178114,0.0820260700895249
"1169",1169,0.0324442669947909,0.078383882157238
"1170",1170,0.0328181876736769,0.0789475132025909
"1171",1171,0.0315061027398104,0.0762686793398908
"1172",1172,0.029954028758691,0.0733513020594352
"1173",1173,0.0333015956861886,0.0787385286473871
"1174",1174,0.0316550538755823,0.0767721537048956
"1175",1175,0.0301353785060659,0.074575174482026
"1176",1176,0.0330547870621514,0.0799223909273926
"1177",1177,0.034515847115585,0.0814599597880251
"1178",1178,0.032260001560192,0.0783580304612504
"1179",1179,0.0324153774600241,0.0791762725935825
"1180",1180,0.0309165375429873,0.0762026223819272
"1181",1181,0.0309099130322269,0.0761121551900019
"1182",1182,0.0302086031278026,0.0745620113727884
"1183",1183,0.0318681464012989,0.0772648933063682
"1184",1184,0.0330252252330802,0.0795587653747657
"1185",1185,0.0324167871267053,0.0784802821007592
"1186",1186,0.0306140814643728,0.0754481695091625
"1187",1187,0.0302586554982068,0.075122117511294
"1188",1188,0.0318274882078162,0.0774677260739301
"1189",1189,0.0341190000389982,0.080890417200022
"1190",1190,0.0326320056696228,0.0790792395270723
"1191",1191,0.032473771113166,0.0794683052499123
"1192",1192,0.0301268842262621,0.0747994809386182
"1193",1193,0.033902525029251,0.0818313241311612
"1194",1194,0.0322553931040654,0.0776453237432383
"1195",1195,0.0319863180162839,0.0772814262189678
"1196",1196,0.0325740298222059,0.0784890804434275
"1197",1197,0.0323781267124377,0.0781435400301623
"1198",1198,0.0310613710448237,0.0757137480814835
"1199",1199,0.0315070446563692,0.0764888579611597
"1200",1200,0.0340599244610289,0.0812868111246351
"1201",1201,0.0326134351047539,0.0785022965160294
"1202",1202,0.0326079839008571,0.078413126275639
"1203",1203,0.0326817595803754,0.0782189430523911
"1204",1204,0.0326611794805082,0.0784200987761488
"1205",1205,0.0324409533781427,0.0782197170230133
"1206",1206,0.0341263579253094,0.0821104140743281
"1207",1207,0.0349383014742628,0.0836682185424239
"1208",1208,0.032635322356206,0.0792439964632295
"1209",1209,0.0320031184246186,0.0780255482287508
"1210",1210,0.0332463704605582,0.0803261044278062
"1211",1211,0.0310576204155811,0.0762244512297185
"1212",1212,0.0344475451527354,0.0810095529442695
"1213",1213,0.0313796729709563,0.0761763242921808
"1214",1214,0.0316501153305923,0.0772407336367579
"1215",1215,0.0312376580899444,0.0762400636237081
"1216",1216,0.0316442819299377,0.0775372747064592
"1217",1217,0.0327871700932999,0.0792566228165072
"1218",1218,0.0330608340189732,0.079908805177376
"1219",1219,0.034118274994783,0.0808957270620271
"1220",1220,0.0343838157071208,0.0813498193369203
"1221",1221,0.0317472224117128,0.0775150027568895
"1222",1222,0.0303467523706837,0.0752010259346476
"1223",1223,0.0309490515371966,0.0759784245538601
"1224",1224,0.03235348968414,0.0784106394852265
"1225",1225,0.0303579468406005,0.0751976676342542
"1226",1226,0.0330432376616614,0.0802330016132687
"1227",1227,0.0304468966198609,0.0766873511675056
"1228",1228,0.0317297686858607,0.0786423075053018
"1229",1229,0.0302919165833832,0.0760873872965757
"1230",1230,0.0289373888987513,0.0733665217722024
"1231",1231,0.0359823619744193,0.0852830326086183
"1232",1232,0.0340832881462155,0.0816479548383184
"1233",1233,0.0346989339108776,0.0822855776642625
"1234",1234,0.0317027710422218,0.0774808399509424
"1235",1235,0.0326941295819182,0.0794006888852569
"1236",1236,0.0299498330981724,0.0750461481420917
"1237",1237,0.0321124356602816,0.0782989279830027
"1238",1238,0.0310899956853761,0.07636912603998
"1239",1239,0.0318852329526118,0.0773168466549485
"1240",1240,0.0294339467645882,0.0738632738582031
"1241",1241,0.0310816360587631,0.0764468616176793
"1242",1242,0.0305100130927234,0.0751293355237209
"1243",1243,0.0321579915417665,0.0774149361379368
"1244",1244,0.0324312824429107,0.0783807796798675
"1245",1245,0.0323373291568755,0.0786740257414578
"1246",1246,0.0313527363133329,0.0773887062508348
"1247",1247,0.0298772887453021,0.0743747554858741
"1248",1248,0.0320104830154775,0.0775606108825794
"1249",1249,0.0302240506129631,0.0747726075046707
"1250",1250,0.0334343712926622,0.0807330033421902
"1251",1251,0.0326364305588758,0.0788146919293891
"1252",1252,0.0324997215145324,0.0781745467186295
"1253",1253,0.0323892979360364,0.0790156443900572
"1254",1254,0.0317306320091392,0.0771640056684969
"1255",1255,0.0322451549615076,0.0784579014849916
"1256",1256,0.0325381950707348,0.0786020730250697
"1257",1257,0.0315989612350305,0.0773872806778703
"1258",1258,0.0307154376587609,0.0757751859232807
"1259",1259,0.0305764484541247,0.0748499456647145
"1260",1260,0.0330951599637735,0.0800304026671804
"1261",1261,0.0320638546706879,0.0777077174390582
"1262",1262,0.031805477795881,0.0777644937102974
"1263",1263,0.0327232208759245,0.0800673110693678
"1264",1264,0.032911818040035,0.0801886173643581
"1265",1265,0.0304924111669047,0.0764615919582383
"1266",1266,0.0311787074571929,0.0770835226512137
"1267",1267,0.0305973197827471,0.0754975811411741
"1268",1268,0.0315504647858578,0.0772446502872213
"1269",1269,0.0304790067943812,0.0749800866725912
"1270",1270,0.0306556782055077,0.0755914566699856
"1271",1271,0.0296263962313976,0.0738269554175062
"1272",1272,0.0312020656343688,0.0763978339404336
"1273",1273,0.0312328523445881,0.0765505187639514
"1274",1274,0.0306860062316093,0.0760197998071614
"1275",1275,0.0312364134422946,0.077444045769985
"1276",1276,0.0298351519185277,0.0748542975611598
"1277",1277,0.030776949965706,0.0766236730004992
"1278",1278,0.0304693958753437,0.0754284843763692
"1279",1279,0.0331630572145939,0.0810510100702105
"1280",1280,0.0339489371641414,0.082735244237287
"1281",1281,0.0334464199031944,0.0811199442966609
"1282",1282,0.0352188794792858,0.084974929771207
"1283",1283,0.0344033680025279,0.0823984567166687
"1284",1284,0.0339082218469384,0.0812576668345007
"1285",1285,0.0326816037117528,0.0793093361417391
"1286",1286,0.0321322592387453,0.07842775486719
"1287",1287,0.0328637778931815,0.0796461951943925
"1288",1288,0.0303597844063767,0.0745463975258997
"1289",1289,0.032092229773609,0.0781090319868889
"1290",1290,0.0333362526770344,0.0797478173612048
"1291",1291,0.030681559673155,0.0750979005353708
"1292",1292,0.0318471502810814,0.0778198549937629
"1293",1293,0.0327197791240089,0.0804902801277356
"1294",1294,0.0336431423878815,0.0819325200496077
"1295",1295,0.031456259108518,0.0779593933850239
"1296",1296,0.0323363817697813,0.0797399002256898
"1297",1297,0.0309571259632011,0.0774269503318279
"1298",1298,0.034126336434838,0.0831827490711208
"1299",1299,0.0327132284684951,0.0804098851448418
"1300",1300,0.0320602153999171,0.0788990684573447
"1301",1301,0.0333712655156021,0.080095799459644
"1302",1302,0.0309289682880898,0.0761438056538963
"1303",1303,0.0290224630082982,0.0728194266847519
"1304",1304,0.0282276358432392,0.0719617484349606
"1305",1305,0.0330432336461871,0.0804545874211316
"1306",1306,0.0312467359380237,0.0776693041007461
"1307",1307,0.0334536620018068,0.0807941195288032
"1308",1308,0.0309850795346922,0.0767971366507403
"1309",1309,0.030437006455078,0.0760056602240623
"1310",1310,0.031362078613438,0.0768085868565485
"1311",1311,0.0310286682137157,0.0776567689585567
"1312",1312,0.0302500339475077,0.0762826068057615
"1313",1313,0.0296320799316281,0.0746955723623164
"1314",1314,0.0304570939684275,0.0762058578993989
"1315",1315,0.0297008776563792,0.0750115182450013
"1316",1316,0.0293288791381473,0.0746447220933633
"1317",1317,0.0311347587678487,0.079092343938597
"1318",1318,0.0315729966530413,0.078566338236902
"1319",1319,0.0333770230409948,0.0819779924542897
"1320",1320,0.0338729462742906,0.081271278809332
"1321",1321,0.0337031674051359,0.0819429699063596
"1322",1322,0.0312769639999007,0.077359278582201
"1323",1323,0.0316385466083493,0.077297222976396
"1324",1324,0.0308042919861006,0.0764916799612586
"1325",1325,0.0313103154225764,0.0776679744193127
"1326",1326,0.0320008147538392,0.0789241981512933
"1327",1327,0.0314906889712135,0.0773644154661044
"1328",1328,0.0325356548983081,0.0782787823748968
"1329",1329,0.0358502513015246,0.0846964130680132
"1330",1330,0.0337668669497503,0.0806528022017234
"1331",1331,0.0347421945289781,0.0827694812993054
"1332",1332,0.0344550450138997,0.0821986227281577
"1333",1333,0.0351299133116116,0.0828628919685022
"1334",1334,0.034462473371978,0.0813423502926315
"1335",1335,0.0318134589181772,0.0769455346064348
"1336",1336,0.0327679345983798,0.0788734862598922
"1337",1337,0.0308739760627381,0.07649642647687
"1338",1338,0.0321038264506684,0.0782328103437733
"1339",1339,0.0344448248246941,0.0821282544172092
"1340",1340,0.0352265327023073,0.0825952209968842
"1341",1341,0.0333636386305177,0.0790023437790233
"1342",1342,0.0348469025203593,0.0823596593130027
"1343",1343,0.0340180485721404,0.0817815079721744
"1344",1344,0.0320168719070872,0.0788005237921108
"1345",1345,0.0312597670046164,0.0769390163830223
"1346",1346,0.0312680774209998,0.076388332074879
"1347",1347,0.0322080915893996,0.0781749780359409
"1348",1348,0.032884215615288,0.078851776492392
"1349",1349,0.0313393888348849,0.076755651637957
"1350",1350,0.0322554714358022,0.0787169976037433
"1351",1351,0.0316524884314943,0.0779276278232647
"1352",1352,0.0338087917126148,0.0821988847636145
"1353",1353,0.0316615798027927,0.0781639190855825
"1354",1354,0.0316747744058203,0.0783963835277502
"1355",1355,0.0294720889465267,0.0744174588956391
"1356",1356,0.0325109608612833,0.0799517781872261
"1357",1357,0.0312617149382201,0.0769700435367828
"1358",1358,0.0317715134722868,0.0776563098089828
"1359",1359,0.031417439228306,0.077362730617692
"1360",1360,0.0347159856880743,0.0821806187984944
"1361",1361,0.0329059075420496,0.0793778258899211
"1362",1362,0.03155945692779,0.0772130816942297
"1363",1363,0.0320305517812116,0.0776754606075121
"1364",1364,0.0357083027969188,0.0857988440017487
"1365",1365,0.0332318696914117,0.0808837686134594
"1366",1366,0.0332310152052225,0.0804675398088473
"1367",1367,0.0323161100165051,0.0785794864363795
"1368",1368,0.0317229381920454,0.078064856968389
"1369",1369,0.0332298765237734,0.0805014896310242
"1370",1370,0.031847858294162,0.0779421116765307
"1371",1371,0.0328532978504948,0.0794054652251829
"1372",1372,0.0310544244905562,0.0765945106003019
"1373",1373,0.0319424655649977,0.0783385062643157
"1374",1374,0.0299625330263536,0.0743386413240055
"1375",1375,0.0299397117579449,0.0752522951156488
"1376",1376,0.0307989606546328,0.0764090597238545
"1377",1377,0.0299035114865664,0.0744723779982955
"1378",1378,0.0311265347490966,0.0771303510901294
"1379",1379,0.0321364235957554,0.0791275489553885
"1380",1380,0.0316249655226974,0.078581927100471
"1381",1381,0.0324293558288323,0.080316678167918
"1382",1382,0.0349389696842814,0.0834690616614627
"1383",1383,0.0344595938833303,0.0820053681283866
"1384",1384,0.0358641115783492,0.087061777972397
"1385",1385,0.0333739087341494,0.081761475245287
"1386",1386,0.0327178776999471,0.0796674344836652
"1387",1387,0.0302906759883831,0.0758749119337341
"1388",1388,0.0303565806913698,0.0767734834708081
"1389",1389,0.0301265808664268,0.0768317696073216
"1390",1390,0.0329407838160218,0.0808280155498824
"1391",1391,0.0316174224927024,0.078316707898829
"1392",1392,0.0297821667875876,0.0757728756410852
"1393",1393,0.0315493391119878,0.0785808476998487
"1394",1394,0.0311095591173055,0.0770295931042565
"1395",1395,0.0335660365803737,0.0812518055716332
"1396",1396,0.0324823364436715,0.0792749606347695
"1397",1397,0.0306489755405552,0.0772026239223626
"1398",1398,0.0308216376992614,0.0772206969446384
"1399",1399,0.0323914937651863,0.0801008968673153
"1400",1400,0.0297719289512823,0.0759372644347158
"1401",1401,0.0298151989527648,0.0754050027587668
"1402",1402,0.0321189233663485,0.0789651771377704
"1403",1403,0.0310205356671823,0.0770946704196557
"1404",1404,0.0306754493350187,0.0770326634742357
"1405",1405,0.0311718205116892,0.0775747729616878
"1406",1406,0.0290337081775429,0.074532829970063
"1407",1407,0.0310704769754719,0.0768965459470732
"1408",1408,0.0320677535449065,0.0790640161320442
"1409",1409,0.0304196793052906,0.0756079478060766
"1410",1410,0.0301038882425362,0.0751576929203378
"1411",1411,0.0296391530277921,0.0746669672120569
"1412",1412,0.0285093455053241,0.0720229868920492
"1413",1413,0.0296465110078093,0.0747088884914575
"1414",1414,0.0299209910749822,0.0752651942462206
"1415",1415,0.0311547121368776,0.0783558499505608
"1416",1416,0.0331710761672198,0.081042079729643
"1417",1417,0.0337207711783001,0.0819089951890667
"1418",1418,0.0320369125462985,0.0791303159518651
"1419",1419,0.0326897666001031,0.0795434042963353
"1420",1420,0.0333356125475281,0.079971423713596
"1421",1421,0.0302098384356712,0.0743936688568994
"1422",1422,0.0325007898116957,0.0790734993284459
"1423",1423,0.0312006614140231,0.0764908288631889
"1424",1424,0.0310118795176131,0.0767119517946309
"1425",1425,0.0314135236393215,0.0777789992550761
"1426",1426,0.0319563329924622,0.0781980615077508
"1427",1427,0.0305006727723079,0.0757341408496492
"1428",1428,0.0328376062038178,0.0806726867617896
"1429",1429,0.030878333502756,0.0775181757541401
"1430",1430,0.0299205438972237,0.0755576493654836
"1431",1431,0.0313137279203501,0.0775171061239608
"1432",1432,0.0308088298561602,0.0761798480739284
"1433",1433,0.0305268568754789,0.0759007961863931
"1434",1434,0.0326931595541968,0.0798497243943641
"1435",1435,0.031879876317361,0.0779397712999553
"1436",1436,0.0339613972820321,0.0806531770062861
"1437",1437,0.0336887248563575,0.0806503457239212
"1438",1438,0.0311801049892271,0.0758996662670317
"1439",1439,0.0303474362735828,0.0743557942787828
"1440",1440,0.0305444767760303,0.0748995626241949
"1441",1441,0.0324675871804091,0.0790425666889033
"1442",1442,0.0334055404529225,0.0803354806491902
"1443",1443,0.0342798279411193,0.0822185497200631
"1444",1444,0.0327460330397604,0.0790117950480792
"1445",1445,0.0320364129158964,0.0776376524106014
"1446",1446,0.0337878536084861,0.0817385363263718
"1447",1447,0.0313894363245562,0.0772494443324432
"1448",1448,0.0306922922595083,0.0759484437709902
"1449",1449,0.0333448467884712,0.0809052273125711
"1450",1450,0.0332244817972236,0.0806159951118357
"1451",1451,0.0315792515603089,0.0773040779085565
"1452",1452,0.0328081928445402,0.0795630325364045
"1453",1453,0.0319455472670203,0.0783268908352043
"1454",1454,0.0301014672024184,0.0749101637784424
"1455",1455,0.032717184411084,0.0792521786685017
"1456",1456,0.0344311017538736,0.081707264526418
"1457",1457,0.0333370849292066,0.0801004995846003
"1458",1458,0.0331995586528048,0.0813494927968992
"1459",1459,0.0320748832895513,0.0786108623352434
"1460",1460,0.0301910296486076,0.0754904142499189
"1461",1461,0.0327702462362646,0.0797005255017616
"1462",1462,0.0298600288099869,0.0748124175963957
"1463",1463,0.0328981950057038,0.080447922942742
"1464",1464,0.0337526835291504,0.081795440596577
"1465",1465,0.0346898661652706,0.0828569360299342
"1466",1466,0.0320399275771526,0.0786744921325846
"1467",1467,0.0298144520906111,0.0747246719748473
"1468",1468,0.0332769993846706,0.0817778284429635
"1469",1469,0.0334247478166247,0.0810129052392165
"1470",1470,0.0316100242261656,0.0773218056415111
"1471",1471,0.0304771564570646,0.0755271468130586
"1472",1472,0.0312554060636749,0.0766798751633023
"1473",1473,0.02962079938777,0.0742497066125034
"1474",1474,0.0323082400144472,0.0785377417736334
"1475",1475,0.0316458203899114,0.0773655895086089
"1476",1476,0.0306365791661847,0.076017729981273
"1477",1477,0.0303311800764058,0.0763493783909605
"1478",1478,0.0310220907371145,0.0769024600148909
"1479",1479,0.0296282322680547,0.0746328038176064
"1480",1480,0.028825359769709,0.0727242418749584
"1481",1481,0.0301239053557312,0.0746419386387611
"1482",1482,0.031735941206223,0.0776062829342999
"1483",1483,0.0328137277571977,0.079101546659302
"1484",1484,0.0301670260097808,0.0744038777272024
"1485",1485,0.0306455451624464,0.0753196101391037
"1486",1486,0.0284693663217389,0.0719763082036498
"1487",1487,0.0312400833195541,0.0773156316674518
"1488",1488,0.0305827506450569,0.076564285710147
"1489",1489,0.030385880904612,0.0754310786499109
"1490",1490,0.0315675041190182,0.0777059158341903
"1491",1491,0.0326678554931696,0.0800673263992796
"1492",1492,0.0321574561535187,0.0786771288931577
"1493",1493,0.0324365568301564,0.0791926369662074
"1494",1494,0.030336792363289,0.0765274834301691
"1495",1495,0.0303185580264743,0.0762339321214981
"1496",1496,0.0285543024562024,0.0727494600775314
"1497",1497,0.0309608961799829,0.0774384721827661
"1498",1498,0.0284899594995342,0.072447866321612
"1499",1499,0.0314189063322075,0.0779962337293362
"1500",1500,0.0309797699582933,0.076905734623179
"1501",1501,0.0286234172552401,0.07273519612249
"1502",1502,0.0314725638770097,0.0777358805097897
"1503",1503,0.0316253482060001,0.0780904282113381
"1504",1504,0.0331080020601731,0.0799327462805394
"1505",1505,0.0324979795583437,0.0796890745785962
"1506",1506,0.0314433551713988,0.0779039860591542
"1507",1507,0.0297516640024669,0.0739412096602289
"1508",1508,0.0326277973589858,0.0786922827140947
"1509",1509,0.0317460325198797,0.077496865484574
"1510",1510,0.03197671702808,0.0785104974316314
"1511",1511,0.0310102530353664,0.076421035462172
"1512",1512,0.0283849990404628,0.0721590754733509
"1513",1513,0.0310678509544258,0.0767903221653959
"1514",1514,0.0322379285653645,0.0793022847670682
"1515",1515,0.0323986082157289,0.0795415843160083
"1516",1516,0.0318500062083336,0.0781498882262729
"1517",1517,0.0306299620616466,0.0763849796023605
"1518",1518,0.0313049194038653,0.0774197352530268
"1519",1519,0.0313412904575146,0.0775667086486669
"1520",1520,0.0299788545765304,0.0749288195559202
"1521",1521,0.0283439939642748,0.0727132422071625
"1522",1522,0.0297355638376759,0.0744991207180985
"1523",1523,0.0302256496740229,0.0761074046762076
"1524",1524,0.0303740798523952,0.0760795516615592
"1525",1525,0.0316582290009407,0.0778370815363576
"1526",1526,0.0286779380088519,0.0728895093593293
"1527",1527,0.0322463535173321,0.0794003646782982
"1528",1528,0.031745405709962,0.0777658549038239
"1529",1529,0.0318755303166432,0.0776364861345319
"1530",1530,0.0318798481358024,0.0775171613116224
"1531",1531,0.0323790394648753,0.078589582183886
"1532",1532,0.0311558782558023,0.0760967436600566
"1533",1533,0.0325773085784614,0.0788280540660252
"1534",1534,0.0332369398818933,0.0805373426749985
"1535",1535,0.0343249613135805,0.0813392440310163
"1536",1536,0.0309655319185902,0.0756318561926134
"1537",1537,0.030858035861894,0.0756551608743955
"1538",1538,0.0333911686390175,0.0804667548512323
"1539",1539,0.0320318290251294,0.0780310086955055
"1540",1540,0.0321748861838803,0.0784250370541187
"1541",1541,0.0341244108767915,0.0813246433923635
"1542",1542,0.0345460503654673,0.0827259234340059
"1543",1543,0.0316396099274017,0.0774379614765618
"1544",1544,0.0312980722946715,0.0765438394406104
"1545",1545,0.0318414674015419,0.0779653035920114
"1546",1546,0.033494830503514,0.0814253956363424
"1547",1547,0.0303841490782115,0.0751214619464524
"1548",1548,0.0298701222289404,0.0744682657155795
"1549",1549,0.0289761483127887,0.0732304915271861
"1550",1550,0.0295889191548044,0.0746019633822866
"1551",1551,0.0297942085076638,0.0747974497642242
"1552",1552,0.0311366067512084,0.0766872273138438
"1553",1553,0.0332123619314851,0.0804967924310782
"1554",1554,0.0334606925511005,0.0805438723211519
"1555",1555,0.031015692721911,0.0772276889517516
"1556",1556,0.03247807787791,0.0795221631555951
"1557",1557,0.0323207396389254,0.0790134872309753
"1558",1558,0.03064497299146,0.0756423990175354
"1559",1559,0.0304370739008225,0.0764707595889828
"1560",1560,0.0325675931187908,0.0798413016618262
"1561",1561,0.0324656778331362,0.0791021236844629
"1562",1562,0.034130811508045,0.0819810883688313
"1563",1563,0.0302966236422545,0.0753290954961727
"1564",1564,0.0318741084494447,0.0783633163170207
"1565",1565,0.0304254614608264,0.0760291337768933
"1566",1566,0.030247158389354,0.0752864696219892
"1567",1567,0.030942191934107,0.0776496190500544
"1568",1568,0.0321201110570483,0.0792352442716937
"1569",1569,0.0299418865144271,0.0745402307612934
"1570",1570,0.0296663014657602,0.074129123780768
"1571",1571,0.0306595975615145,0.076521836973414
"1572",1572,0.031772225119042,0.078813511159417
"1573",1573,0.0315702412756411,0.0777795952927441
"1574",1574,0.0308966409236145,0.0763064891255743
"1575",1575,0.0321061425833193,0.0789733241468577
"1576",1576,0.0329432105911156,0.080951163802384
"1577",1577,0.0297435927268681,0.0748181865501885
"1578",1578,0.0321203717045448,0.0793224487386695
"1579",1579,0.0305785585673122,0.0774528012112702
"1580",1580,0.0312024906047058,0.0777743125326893
"1581",1581,0.0328236665714645,0.0801551221726311
"1582",1582,0.0313812990532518,0.0770640722182404
"1583",1583,0.0293316086228764,0.0739917572569254
"1584",1584,0.0281701115475114,0.0715478641710351
"1585",1585,0.0300983127600765,0.0754734687850624
"1586",1586,0.0328071278553787,0.080340058330016
"1587",1587,0.0310007979805816,0.0767035343164792
"1588",1588,0.0314667874845446,0.0785866246917872
"1589",1589,0.0290407991653312,0.0733527076998195
"1590",1590,0.0303431105252771,0.0762796411621461
"1591",1591,0.028523748469077,0.0727729563921635
"1592",1592,0.0305773809669886,0.0769086323194807
"1593",1593,0.0302784580104718,0.0759685419932719
"1594",1594,0.0336688866787195,0.0816875358479158
"1595",1595,0.0332183883505537,0.0808989868574268
"1596",1596,0.0314824347067612,0.0781862476434084
"1597",1597,0.0319056741181645,0.078024498399283
"1598",1598,0.0309922072310296,0.07626493494672
"1599",1599,0.0311135264263227,0.0762946889102893
"1600",1600,0.0292038833188787,0.0735327656672651
"1601",1601,0.029973499881088,0.075305836021126
"1602",1602,0.0304589328994533,0.0765990468637081
"1603",1603,0.0316485532030198,0.078636647703984
"1604",1604,0.0311442264884248,0.0775597696890949
"1605",1605,0.0317111708400307,0.0777553233938333
"1606",1606,0.0313549994901369,0.0775126332544328
"1607",1607,0.0308070181089793,0.0760985496565249
"1608",1608,0.0294880281353503,0.073907871498186
"1609",1609,0.0317989902873418,0.0779961032342829
"1610",1610,0.0337592979667302,0.0810043881234134
"1611",1611,0.0315514925731383,0.0770331623584528
"1612",1612,0.0325631658602557,0.0792905946407917
"1613",1613,0.0309031152648767,0.0767175524055903
"1614",1614,0.0311810300065335,0.0765641071595074
"1615",1615,0.0298006916316851,0.074251174473964
"1616",1616,0.0303277359785,0.0765095153236872
"1617",1617,0.029323966546956,0.0738912521482161
"1618",1618,0.0310552597454483,0.076910694670624
"1619",1619,0.031431785260644,0.0779193864766681
"1620",1620,0.0303338408897727,0.0754250159051957
"1621",1621,0.0303281881537291,0.0755683985219273
"1622",1622,0.0317284179446413,0.0775553650641026
"1623",1623,0.0316131385376556,0.0773111398991644
"1624",1624,0.0326188469056523,0.0788362668167559
"1625",1625,0.0321582852241395,0.0783176681804035
"1626",1626,0.0349024898354574,0.0834205845060772
"1627",1627,0.0333607169487767,0.0794926163648668
"1628",1628,0.0313512033334865,0.0765780491857255
"1629",1629,0.0292727387416033,0.0734568896404646
"1630",1630,0.0309385078556509,0.0768103176039002
"1631",1631,0.0313116887164279,0.0776364712373298
"1632",1632,0.0330407602304976,0.0801871770056283
"1633",1633,0.0333659813454361,0.0807107661985293
"1634",1634,0.031571390462531,0.0776148579560656
"1635",1635,0.0304323340465528,0.0757526384003869
"1636",1636,0.031318833417079,0.0773230038847265
"1637",1637,0.0314383755252811,0.0774966253107092
"1638",1638,0.0280058196602055,0.0717389779463974
"1639",1639,0.0286842506445839,0.0733439478096813
"1640",1640,0.0300421453660796,0.0750019452348229
"1641",1641,0.0310795112512861,0.0777386097253527
"1642",1642,0.0298863668861258,0.0752806835255747
"1643",1643,0.0286825958569963,0.0729652255937827
"1644",1644,0.0297552898356187,0.0754029199170837
"1645",1645,0.0318244696537886,0.0784458920184455
"1646",1646,0.0317649480464422,0.0781543056072716
"1647",1647,0.0320501299332646,0.0790602487829929
"1648",1648,0.0338344153012047,0.0810431609707817
"1649",1649,0.0321353477401617,0.0781713981203068
"1650",1650,0.0310850069061033,0.0771247774538491
"1651",1651,0.0321079559660279,0.0789872308089039
"1652",1652,0.0328940563093504,0.0803540572603743
"1653",1653,0.0329510893483207,0.0804891624850128
"1654",1654,0.0325898107293899,0.0797650718142382
"1655",1655,0.033289263314699,0.0805815165261208
"1656",1656,0.0343305101975451,0.0816598111857874
"1657",1657,0.0315444219565631,0.0775801842298344
"1658",1658,0.0320557283782489,0.0785168815309693
"1659",1659,0.0310379124494751,0.0764839395040762
"1660",1660,0.0306574965956898,0.0758456983774239
"1661",1661,0.0309082020348067,0.0765829166597856
"1662",1662,0.030196668126178,0.0749141186065722
"1663",1663,0.0335042658931796,0.081685959740768
"1664",1664,0.0331685931989779,0.0801114178816337
"1665",1665,0.0309339648126979,0.076765008376207
"1666",1666,0.0298705894209929,0.0745717684624956
"1667",1667,0.0274375754637936,0.0702572584666335
"1668",1668,0.0291040056256911,0.0734291166007855
"1669",1669,0.0317653009264514,0.0784045425596959
"1670",1670,0.0312377740311275,0.0775379793418717
"1671",1671,0.0309124921907454,0.0774196601131673
"1672",1672,0.0327758459761944,0.080645400812154
"1673",1673,0.031277611681819,0.0777366761503486
"1674",1674,0.0317332637273837,0.0776708955169554
"1675",1675,0.0294549608741971,0.0734441473652435
"1676",1676,0.0345468128979186,0.0822738070309406
"1677",1677,0.0349210563540807,0.0819426879598764
"1678",1678,0.0328112845084063,0.0795015878912165
"1679",1679,0.0312771554365077,0.0771255084450688
"1680",1680,0.0335943395296161,0.0819854677473819
"1681",1681,0.0319658007416612,0.0786937795864489
"1682",1682,0.0310532177035659,0.0776201801433151
"1683",1683,0.0305098461902847,0.0768968645810864
"1684",1684,0.0324087671799606,0.0794132723689111
"1685",1685,0.0321442682554125,0.0791134007740799
"1686",1686,0.0300748755960928,0.0755891131261442
"1687",1687,0.0312723042872306,0.0774053324669307
"1688",1688,0.0304882391963671,0.0766468798729401
"1689",1689,0.0277981221548385,0.0716806429819275
"1690",1690,0.0286786814342483,0.0733193135484424
"1691",1691,0.0294532150880578,0.0748198478525369
"1692",1692,0.0321639495139913,0.0810599992705315
"1693",1693,0.0313616328967354,0.0788126350891495
"1694",1694,0.0312301446219987,0.0774246310089178
"1695",1695,0.0319313215850032,0.0794326134386027
"1696",1696,0.0326780259017757,0.0802298105714751
"1697",1697,0.0317106942670392,0.0782496765321125
"1698",1698,0.0314068266131487,0.0773969503384556
"1699",1699,0.0319907020711873,0.0792762387396911
"1700",1700,0.0318246908991673,0.0781826997132287
"1701",1701,0.0318833537129181,0.0787576444344395
"1702",1702,0.031078140121946,0.0770316510824106
"1703",1703,0.0318615804467217,0.0779303414953741
"1704",1704,0.0327351862905148,0.0805829203466529
"1705",1705,0.0322806054568296,0.0787624113839842
"1706",1706,0.0320386332999375,0.0785456799099355
"1707",1707,0.0317105100275964,0.078041678538322
"1708",1708,0.0308561438023872,0.0769556468742407
"1709",1709,0.0278802246594775,0.0720747644734229
"1710",1710,0.0284387266022381,0.0731420085089305
"1711",1711,0.0288351016897908,0.0731299146539915
"1712",1712,0.0283682310970804,0.0720347731861057
"1713",1713,0.0306854845690873,0.0761636241844315
"1714",1714,0.0309385481974406,0.0766863279667084
"1715",1715,0.0294165183191858,0.0739153576499025
"1716",1716,0.0277748897976282,0.0714632452199847
"1717",1717,0.0299035221577826,0.0745492509056331
"1718",1718,0.0293720476597854,0.0744334399680688
"1719",1719,0.0304774151187632,0.0765932297898979
"1720",1720,0.033615422175185,0.0814151788942238
"1721",1721,0.0315896266419736,0.0775183236796902
"1722",1722,0.0330418695012691,0.0805729887975788
"1723",1723,0.0343146495127939,0.0820727023275285
"1724",1724,0.0325208052147505,0.0796957369647849
"1725",1725,0.0313280993496327,0.0772178487780126
"1726",1726,0.030143990609563,0.0750584257234145
"1727",1727,0.0291650760712448,0.073897627519412
"1728",1728,0.0300936032128608,0.0754044256037737
"1729",1729,0.0321696665672278,0.0778678617738834
"1730",1730,0.0323972326758371,0.0790979341941428
"1731",1731,0.028616879055457,0.0718977618904073
"1732",1732,0.0322639962022667,0.0797759098807464
"1733",1733,0.0315152871417042,0.0782504865297612
"1734",1734,0.0317356156830151,0.0782218698118073
"1735",1735,0.0336967700987113,0.0814450322820176
"1736",1736,0.0323352773424155,0.0794589948740952
"1737",1737,0.032970295293186,0.0809313100061937
"1738",1738,0.0324314045925742,0.0792161274815019
"1739",1739,0.0317793518221745,0.0782840553872847
"1740",1740,0.0303736869752274,0.0756678974054152
"1741",1741,0.0323561377011087,0.0797248438652356
"1742",1742,0.0315192662491797,0.0786412520931997
"1743",1743,0.0324645354832395,0.080233075236031
"1744",1744,0.0337001478471251,0.0820728680221398
"1745",1745,0.0335267764150053,0.0815746905166716
"1746",1746,0.030978067625516,0.0772227255214084
"1747",1747,0.0315304415142593,0.0774889693846892
"1748",1748,0.0318029198749677,0.0793418162967582
"1749",1749,0.0322627548902623,0.0799577932179677
"1750",1750,0.0345424782916004,0.0832298947959537
"1751",1751,0.0333569952313851,0.0809431842702945
"1752",1752,0.0303615669429167,0.075488657374148
"1753",1753,0.0310401921457491,0.0770112076036042
"1754",1754,0.0307149548654691,0.0767569702268616
"1755",1755,0.0327811315298534,0.0802546740195521
"1756",1756,0.0327118211573496,0.0800134555252841
"1757",1757,0.0316478167714417,0.0781399978958267
"1758",1758,0.0320750855641826,0.078740822992135
"1759",1759,0.0303206190843695,0.0757838804707508
"1760",1760,0.0320827675133128,0.0792759241579068
"1761",1761,0.0330237488054463,0.0798599584961794
"1762",1762,0.0323721772217889,0.0788380622401204
"1763",1763,0.0283066989621093,0.0717570539722627
"1764",1764,0.030028198082096,0.0753355880204839
"1765",1765,0.0288832903884118,0.0730204272962473
"1766",1766,0.0308069621819687,0.0768297190963733
"1767",1767,0.0295220729890493,0.0743497932011112
"1768",1768,0.0308591409156699,0.077669792931519
"1769",1769,0.031979282387669,0.0793701842600227
"1770",1770,0.0320053700595775,0.079015068724863
"1771",1771,0.0338053618338677,0.0814573473404277
"1772",1772,0.0333308700955688,0.0801618985895657
"1773",1773,0.0319742502104378,0.0783107726631023
"1774",1774,0.0303946215772649,0.0753596256609506
"1775",1775,0.0330172019809123,0.0796856929472109
"1776",1776,0.031548577807264,0.0778991626696399
"1777",1777,0.0298383735796921,0.0744900182417954
"1778",1778,0.0323238483632256,0.0791927193189449
"1779",1779,0.0311816638645355,0.0764144667661458
"1780",1780,0.0297905398307831,0.0747603077201972
"1781",1781,0.0298427917272035,0.0749465627065486
"1782",1782,0.0311994397034701,0.0772911131908341
"1783",1783,0.0324301963853546,0.0793485764041842
"1784",1784,0.0344979526071505,0.0818502769006259
"1785",1785,0.0327648603680728,0.0790681245484723
"1786",1786,0.03340102588685,0.079125167654304
"1787",1787,0.0327223102638418,0.0791718472747045
"1788",1788,0.0301235807677225,0.0741064337397168
"1789",1789,0.0330334037848481,0.0796168864050458
"1790",1790,0.0324184619900806,0.0795496370852705
"1791",1791,0.0328061562087732,0.0790435277452355
"1792",1792,0.0322352930637541,0.0782159954250441
"1793",1793,0.032886281995285,0.0808608303265154
"1794",1794,0.0310981870593527,0.0767557643578962
"1795",1795,0.0316520145759233,0.0775986938415329
"1796",1796,0.0341028815823066,0.0813910443812482
"1797",1797,0.0344278746204899,0.082097425092119
"1798",1798,0.0302759874156709,0.0755457460792824
"1799",1799,0.0304771333239584,0.0756555670052129
"1800",1800,0.0296587577275768,0.0748750014249936
"1801",1801,0.0325477538650467,0.0797148153754462
"1802",1802,0.0307536342356641,0.0769916730810484
"1803",1803,0.0296742848864199,0.0751718321921406
"1804",1804,0.030501424213185,0.0761104498369555
"1805",1805,0.0314042307557227,0.0765718911511347
"1806",1806,0.0337409397838387,0.0807240318343175
"1807",1807,0.0315739994713439,0.0769090948795822
"1808",1808,0.0294955460175476,0.0737608215617033
"1809",1809,0.0319771484795788,0.0779518832746782
"1810",1810,0.0315029488037727,0.0776832001713618
"1811",1811,0.0312579823237512,0.077837263736282
"1812",1812,0.0338488265689898,0.0829459668370866
"1813",1813,0.0332368473858891,0.08076220255895
"1814",1814,0.0309893821836654,0.0764960931146037
"1815",1815,0.0296376365428089,0.0750660988962239
"1816",1816,0.0296012370513391,0.0742803869309221
"1817",1817,0.0304367351166807,0.0761293661891219
"1818",1818,0.0308485918208423,0.0771034851859694
"1819",1819,0.0312234298970968,0.0767592028808382
"1820",1820,0.0306015954045401,0.0760389253086109
"1821",1821,0.0306042241996255,0.075781554945948
"1822",1822,0.0298630136216407,0.0743655041219484
"1823",1823,0.0297754439671408,0.0747221064227541
"1824",1824,0.0340303462121503,0.0831949515478357
"1825",1825,0.0313828753062869,0.0786200261037258
"1826",1826,0.0312300402201316,0.0773665442743577
"1827",1827,0.0312711853068317,0.077361418711435
"1828",1828,0.030802873474547,0.0760900725878831
"1829",1829,0.0314465826282494,0.0772832402809566
"1830",1830,0.0311729841716975,0.0767729506080539
"1831",1831,0.0325405339741368,0.0795360769483545
"1832",1832,0.0329725254103946,0.0799496435825747
"1833",1833,0.0329406038436389,0.0798502335253356
"1834",1834,0.0336673291904233,0.0807387118358338
"1835",1835,0.0323465701907856,0.0781488249486137
"1836",1836,0.0310432123889453,0.0759698476517666
"1837",1837,0.0308353822793057,0.075611310988758
"1838",1838,0.0286606072647045,0.0727787539492662
"1839",1839,0.0322351356991565,0.0795931487437068
"1840",1840,0.0312957191572999,0.07725411748537
"1841",1841,0.0295325958259184,0.0745288021895527
"1842",1842,0.0320074786642798,0.0793434123006945
"1843",1843,0.0317659825505881,0.07915075373965
"1844",1844,0.0306355341750548,0.0761779609532479
"1845",1845,0.0315563551634492,0.0775052092967206
"1846",1846,0.0341534362222819,0.0813696700676972
"1847",1847,0.0349155288456448,0.0833057803608054
"1848",1848,0.0346609975000748,0.0827303494699329
"1849",1849,0.0317420581660115,0.0773304333457712
"1850",1850,0.0298306029677447,0.074102682129376
"1851",1851,0.029635781699077,0.0748261208709948
"1852",1852,0.0304861995617336,0.0756559381982296
"1853",1853,0.0283099457861682,0.0725538651292506
"1854",1854,0.0326471270855661,0.0794761429187351
"1855",1855,0.031791983399018,0.0779234578494563
"1856",1856,0.0313752335494658,0.0767263465619051
"1857",1857,0.0340869074281256,0.0822944739728654
"1858",1858,0.0306753014811237,0.0765555798595741
"1859",1859,0.0295770078813012,0.0741623725559251
"1860",1860,0.033476041254443,0.0817281438404859
"1861",1861,0.0354384873820857,0.0847635935605858
"1862",1862,0.0356118493713704,0.0847158658884207
"1863",1863,0.0327315612433731,0.0796104573731631
"1864",1864,0.0324313248140633,0.0785049490607078
"1865",1865,0.031605781817683,0.0769652459329261
"1866",1866,0.0290216173463589,0.0729903107627881
"1867",1867,0.0323360528097482,0.0793805504083786
"1868",1868,0.0308145364565096,0.0764643351570475
"1869",1869,0.0311361650697073,0.0771389743151003
"1870",1870,0.0306171128386132,0.0760126746041181
"1871",1871,0.0312881528756804,0.0775497770173128
"1872",1872,0.032175841336305,0.0786806017344112
"1873",1873,0.0328633459115723,0.0791002138002899
"1874",1874,0.0320843873425966,0.0780482861360156
"1875",1875,0.0335046301788976,0.0806447987789824
"1876",1876,0.0323655693764479,0.0776246122407017
"1877",1877,0.0314142551925346,0.0763694875549983
"1878",1878,0.0361172736505806,0.0854071344544617
"1879",1879,0.0342909688784854,0.0821761884651352
"1880",1880,0.0319416923758929,0.078395797896953
"1881",1881,0.0352170088446093,0.083586748774433
"1882",1882,0.0349544462551754,0.0835496425694814
"1883",1883,0.0321771151443361,0.0784105851692818
"1884",1884,0.0318537088539427,0.0777621381204779
"1885",1885,0.031809382083017,0.0776870538643627
"1886",1886,0.0330263564174711,0.0797283710091358
"1887",1887,0.0321404909377965,0.0784439905001924
"1888",1888,0.0334925992875868,0.0796268273575549
"1889",1889,0.0305046736559306,0.0752881630388207
"1890",1890,0.0296836073587121,0.0734183187979588
"1891",1891,0.0304513823170827,0.0748532895004367
"1892",1892,0.033039642307195,0.0807798030626281
"1893",1893,0.0330691690523172,0.0806338923137577
"1894",1894,0.0322171945758149,0.0781144828726539
"1895",1895,0.0305188011857042,0.0756692494431577
"1896",1896,0.0313986657024709,0.0769443328888338
"1897",1897,0.0316248826245342,0.0780392814229838
"1898",1898,0.028994111469075,0.0733585307367963
"1899",1899,0.0291448635934491,0.0737283063684646
"1900",1900,0.0287611546371185,0.073013872312084
"1901",1901,0.0294574669428741,0.0741635738812873
"1902",1902,0.0313033273556636,0.0776788916089759
"1903",1903,0.029964142965165,0.0750858028390062
"1904",1904,0.0304424877137591,0.0762427950705952
"1905",1905,0.0302649425449272,0.0759240708720471
"1906",1906,0.0312452556753031,0.0777161872696973
"1907",1907,0.0335762246270712,0.0822671121364847
"1908",1908,0.0319458659628926,0.0782982470903841
"1909",1909,0.0328724287427217,0.0794656751199576
"1910",1910,0.031864167451946,0.0775413061433349
"1911",1911,0.0287672072049613,0.0724943631765188
"1912",1912,0.0292063747315948,0.0741236207480756
"1913",1913,0.0286792867982005,0.0728136763606829
"1914",1914,0.0326208555583863,0.0798999948650889
"1915",1915,0.0351955913208599,0.0830522334443951
"1916",1916,0.0312196830292834,0.0759656967111449
"1917",1917,0.029570122535722,0.0737077864841344
"1918",1918,0.0309236481305026,0.076403588477294
"1919",1919,0.027367498157082,0.0703497197672737
"1920",1920,0.0277880242924565,0.0713414787765275
"1921",1921,0.0351066384471153,0.0853339605535273
"1922",1922,0.0324173167042017,0.0796486384992342
"1923",1923,0.0317933063716218,0.0781869199286747
"1924",1924,0.0304999536101269,0.0755874978633563
"1925",1925,0.0313915699214702,0.0769442637971279
"1926",1926,0.0307179169756853,0.0769510193568506
"1927",1927,0.0290042716857054,0.0740434281476905
"1928",1928,0.0308595813259353,0.0764863403670388
"1929",1929,0.0286839596437341,0.0725218902652474
"1930",1930,0.0312705613633222,0.0774002049221578
"1931",1931,0.0306071190994576,0.0758317752934464
"1932",1932,0.0306348813669739,0.0765053803628941
"1933",1933,0.0311162968340083,0.0776893587841583
"1934",1934,0.0311147544873904,0.0780195480272611
"1935",1935,0.0316373087803076,0.0779480692664607
"1936",1936,0.0327922749908854,0.0798487887429781
"1937",1937,0.0328673377667823,0.0797109729586245
"1938",1938,0.033155124384378,0.0803202587946143
"1939",1939,0.0320297660280949,0.0784817461662922
"1940",1940,0.0315419186042645,0.0779355073067242
"1941",1941,0.0321814998479422,0.0793744638266573
"1942",1942,0.030133978281203,0.076166541151739
"1943",1943,0.0316995861297882,0.078025000016517
"1944",1944,0.0340136729522093,0.0819377448853144
"1945",1945,0.0304428768872771,0.0760980280738308
"1946",1946,0.0299325332896676,0.0755548751643797
"1947",1947,0.0297101137743997,0.0747153886651049
"1948",1948,0.0295905608473284,0.0743133886992201
"1949",1949,0.0307922429571306,0.0760809620867945
"1950",1950,0.0297427672571482,0.0744953741286311
"1951",1951,0.0313246275954422,0.0783177048000874
"1952",1952,0.0305951537663749,0.0769931301741002
"1953",1953,0.0312795711164812,0.0779511073849185
"1954",1954,0.0317723253845995,0.0779253892411757
"1955",1955,0.0318063670411273,0.0775685033374328
"1956",1956,0.0304133610219164,0.0760120143388398
"1957",1957,0.0292891289985774,0.0743790732247055
"1958",1958,0.0361758337439158,0.0879994833120346
"1959",1959,0.0316202539388195,0.0782302757162638
"1960",1960,0.0315083213399777,0.0775688597070536
"1961",1961,0.0300104421374293,0.0758345228162141
"1962",1962,0.0313229559652886,0.0775035346360692
"1963",1963,0.0311698025033353,0.0777197026716935
"1964",1964,0.0327796969661287,0.0803641791754879
"1965",1965,0.0328116392531522,0.0800536240651603
"1966",1966,0.0327470822287592,0.079190404359474
"1967",1967,0.0326926792271645,0.079574912181928
"1968",1968,0.0312100238674918,0.0767239096802746
"1969",1969,0.0299057821527049,0.0744236935070743
"1970",1970,0.0299538824458021,0.0742389681332167
"1971",1971,0.0315391563215674,0.0769497877498539
"1972",1972,0.0330509342085428,0.0794521696865728
"1973",1973,0.0306236464184777,0.0755809406828674
"1974",1974,0.0326305424292395,0.0799971410753777
"1975",1975,0.0346016621682445,0.0830992053293111
"1976",1976,0.0323285928979745,0.0787749844758474
"1977",1977,0.0299561247920144,0.0748746325928298
"1978",1978,0.030103566270061,0.0756005872130454
"1979",1979,0.0310070165883463,0.0772180633094547
"1980",1980,0.0309168154682628,0.0771025390380855
"1981",1981,0.0322308025403209,0.0790225207786755
"1982",1982,0.0336639670268352,0.0809854185065041
"1983",1983,0.0334965771616003,0.0809994724968169
"1984",1984,0.0349693944155849,0.0825135974156253
"1985",1985,0.0334316514996733,0.0797324487980334
"1986",1986,0.0325717825102696,0.0782558967676336
"1987",1987,0.0320615273933484,0.0783469227836324
"1988",1988,0.0306515630365946,0.0752764011778642
"1989",1989,0.0316330740101878,0.0768944215134356
"1990",1990,0.0318844037007742,0.0778868316982559
"1991",1991,0.0345235766543301,0.0818013819692863
"1992",1992,0.0310073416154093,0.0755171828358267
"1993",1993,0.0322376742010808,0.0792302906895215
"1994",1994,0.0313443751370642,0.078090676065368
"1995",1995,0.030660295890442,0.0766004044423749
"1996",1996,0.0292953021072648,0.073653032927797
"1997",1997,0.0295232394964619,0.0739794113812473
"1998",1998,0.0300149702223663,0.0745308041272405
"1999",1999,0.0308251058094827,0.0762053955953807
"2000",2000,0.0312166661390481,0.0770793068703575
