"","time","sum_size"
"1",1,6199
"2",2,6395
"3",3,7192
"4",4,7383
"5",5,7250
"6",6,7364
"7",7,6978
"8",8,7397
"9",9,7667
"10",10,7653
"11",11,8039
"12",12,8169
"13",13,8161
"14",14,7721
"15",15,7686
"16",16,7623
"17",17,8428
"18",18,9421
"19",19,9310
"20",20,9576
"21",21,9202
"22",22,9417
"23",23,9596
"24",24,10220
"25",25,10630
"26",26,9700
"27",27,9769
"28",28,10090
"29",29,10839
"30",30,10245
"31",31,10171
"32",32,10996
"33",33,10738
"34",34,11133
"35",35,11303
"36",36,11766
"37",37,12232
"38",38,11869
"39",39,11446
"40",40,12069
"41",41,11130
"42",42,10729
"43",43,11491
"44",44,11207
"45",45,11286
"46",46,12028
"47",47,12304
"48",48,12396
"49",49,12293
"50",50,12431
"51",51,12596
"52",52,12317
"53",53,12406
"54",54,12493
"55",55,12799
"56",56,12507
"57",57,12585
"58",58,12305
"59",59,12818
"60",60,12764
"61",61,13385
"62",62,13972
"63",63,14168
"64",64,14522
"65",65,14462
"66",66,14098
"67",67,14189
"68",68,15302
"69",69,15255
"70",70,15440
"71",71,15970
"72",72,15772
"73",73,16089
"74",74,15968
"75",75,15334
"76",76,16366
"77",77,15435
"78",78,16636
"79",79,16140
"80",80,16385
"81",81,16130
"82",82,16304
"83",83,17012
"84",84,16328
"85",85,17555
"86",86,17082
"87",87,17186
"88",88,17841
"89",89,17311
"90",90,18185
"91",91,19179
"92",92,19407
"93",93,19628
"94",94,19233
"95",95,20041
"96",96,19668
"97",97,19436
"98",98,19274
"99",99,18825
"100",100,19917
"101",101,20452
"102",102,21716
"103",103,21858
"104",104,21840
"105",105,21643
"106",106,23231
"107",107,21816
"108",108,22354
"109",109,21800
"110",110,22772
"111",111,24071
"112",112,23985
"113",113,24730
"114",114,25333
"115",115,25350
"116",116,23640
"117",117,23335
"118",118,24709
"119",119,25573
"120",120,24694
"121",121,23800
"122",122,23202
"123",123,24052
"124",124,24845
"125",125,25140
"126",126,24828
"127",127,24958
"128",128,25715
"129",129,25066
"130",130,25181
"131",131,24495
"132",132,23752
"133",133,24455
"134",134,24438
"135",135,24982
"136",136,26410
"137",137,24126
"138",138,24124
"139",139,24285
"140",140,24523
"141",141,24688
"142",142,25699
"143",143,24213
"144",144,24477
"145",145,24312
"146",146,24579
"147",147,24232
"148",148,24244
"149",149,24879
"150",150,25791
"151",151,25403
"152",152,24104
"153",153,24020
"154",154,24395
"155",155,25450
"156",156,25160
"157",157,25599
"158",158,24504
"159",159,24011
"160",160,23823
"161",161,24890
"162",162,24996
"163",163,25259
"164",164,24557
"165",165,24172
"166",166,24275
"167",167,24599
"168",168,25301
"169",169,25994
"170",170,25025
"171",171,24762
"172",172,25001
"173",173,25298
"174",174,25977
"175",175,23633
"176",176,23364
"177",177,23555
"178",178,24218
"179",179,25434
"180",180,24382
"181",181,25189
"182",182,24046
"183",183,25187
"184",184,24992
"185",185,25292
"186",186,24566
"187",187,25157
"188",188,24843
"189",189,24043
"190",190,24458
"191",191,24574
"192",192,25330
"193",193,25349
"194",194,24495
"195",195,24739
"196",196,24903
"197",197,25999
"198",198,25136
"199",199,24217
"200",200,23847
"201",201,23897
"202",202,24381
"203",203,24294
"204",204,24832
"205",205,24633
"206",206,24211
"207",207,25005
"208",208,25738
"209",209,24305
"210",210,24534
"211",211,25887
"212",212,24462
"213",213,23760
"214",214,25124
"215",215,25116
"216",216,23982
"217",217,24811
"218",218,25430
"219",219,24568
"220",220,24691
"221",221,25054
"222",222,24707
"223",223,25188
"224",224,25805
"225",225,23962
"226",226,24578
"227",227,25067
"228",228,25540
"229",229,24947
"230",230,24653
"231",231,24388
"232",232,24716
"233",233,24800
"234",234,25030
"235",235,27223
"236",236,21791
"237",237,21936
"238",238,23159
"239",239,23077
"240",240,23573
"241",241,23367
"242",242,24550
"243",243,23576
"244",244,23160
"245",245,23042
"246",246,22930
"247",247,23126
"248",248,23826
"249",249,24332
"250",250,24079
"251",251,24938
"252",252,25496
"253",253,25130
"254",254,24126
"255",255,24137
"256",256,24546
"257",257,24623
"258",258,24820
"259",259,25165
"260",260,25287
"261",261,25251
"262",262,25244
"263",263,25449
"264",264,24918
"265",265,25651
"266",266,24034
"267",267,25036
"268",268,24815
"269",269,25454
"270",270,24177
"271",271,24841
"272",272,25304
"273",273,24873
"274",274,24300
"275",275,25108
"276",276,24162
"277",277,25791
"278",278,24175
"279",279,25993
"280",280,25007
"281",281,25208
"282",282,25074
"283",283,24282
"284",284,23600
"285",285,24517
"286",286,24970
"287",287,24980
"288",288,24337
"289",289,27105
"290",290,23315
"291",291,23108
"292",292,22610
"293",293,22440
"294",294,22558
"295",295,23505
"296",296,24100
"297",297,24449
"298",298,24605
"299",299,24540
"300",300,25076
"301",301,24108
"302",302,24022
"303",303,25826
"304",304,23986
"305",305,24517
"306",306,24037
"307",307,25118
"308",308,25257
"309",309,25136
"310",310,24675
"311",311,24275
"312",312,24807
"313",313,25067
"314",314,24943
"315",315,25182
"316",316,24812
"317",317,25098
"318",318,25031
"319",319,26466
"320",320,24112
"321",321,23830
"322",322,24923
"323",323,25409
"324",324,24222
"325",325,24459
"326",326,25034
"327",327,25714
"328",328,24837
"329",329,25683
"330",330,24855
"331",331,23919
"332",332,23985
"333",333,23495
"334",334,23805
"335",335,24084
"336",336,24585
"337",337,25401
"338",338,23890
"339",339,25259
"340",340,24940
"341",341,24332
"342",342,24513
"343",343,24198
"344",344,25421
"345",345,24539
"346",346,25146
"347",347,24112
"348",348,23830
"349",349,23917
"350",350,24255
"351",351,24222
"352",352,24643
"353",353,25324
"354",354,25567
"355",355,24840
"356",356,25840
"357",357,23375
"358",358,24974
"359",359,24770
"360",360,24319
"361",361,24589
"362",362,24852
"363",363,25021
"364",364,25596
"365",365,25392
"366",366,25747
"367",367,24524
"368",368,23755
"369",369,23991
"370",370,25295
"371",371,23951
"372",372,24679
"373",373,24135
"374",374,25329
"375",375,24509
"376",376,24811
"377",377,25391
"378",378,26141
"379",379,23397
"380",380,23725
"381",381,24843
"382",382,24583
"383",383,24484
"384",384,24114
"385",385,24430
"386",386,25055
"387",387,25147
"388",388,25506
"389",389,25422
"390",390,24358
"391",391,24751
"392",392,23975
"393",393,25132
"394",394,24523
"395",395,24799
"396",396,25724
"397",397,24985
"398",398,25292
"399",399,24523
"400",400,23879
"401",401,24718
"402",402,24558
"403",403,25253
"404",404,26045
"405",405,23693
"406",406,23636
"407",407,24801
"408",408,24585
"409",409,24763
"410",410,25256
"411",411,24770
"412",412,26128
"413",413,23862
"414",414,23119
"415",415,23331
"416",416,23678
"417",417,23759
"418",418,24073
"419",419,23690
"420",420,23993
"421",421,24225
"422",422,24854
"423",423,25661
"424",424,24853
"425",425,24345
"426",426,24325
"427",427,24831
"428",428,24690
"429",429,24190
"430",430,24602
"431",431,25415
"432",432,25100
"433",433,25121
"434",434,25368
"435",435,24596
"436",436,24720
"437",437,25607
"438",438,24731
"439",439,26097
"440",440,23756
"441",441,24752
"442",442,24077
"443",443,23918
"444",444,24161
"445",445,24474
"446",446,25292
"447",447,25509
"448",448,24471
"449",449,24580
"450",450,24338
"451",451,24198
"452",452,24715
"453",453,24447
"454",454,24895
"455",455,26377
"456",456,23896
"457",457,23746
"458",458,24880
"459",459,24437
"460",460,24228
"461",461,24544
"462",462,24249
"463",463,23938
"464",464,24837
"465",465,25760
"466",466,24362
"467",467,25170
"468",468,24973
"469",469,25292
"470",470,24542
"471",471,24720
"472",472,25073
"473",473,25561
"474",474,24589
"475",475,24118
"476",476,24302
"477",477,23679
"478",478,23448
"479",479,24032
"480",480,24852
"481",481,25408
"482",482,25872
"483",483,24276
"484",484,24569
"485",485,25034
"486",486,25184
"487",487,24270
"488",488,24517
"489",489,24594
"490",490,25299
"491",491,24624
"492",492,25805
"493",493,24370
"494",494,24570
"495",495,24581
"496",496,24836
"497",497,24736
"498",498,25586
"499",499,24979
"500",500,24624
"501",501,25405
"502",502,24965
"503",503,24414
"504",504,24905
"505",505,24241
"506",506,24647
"507",507,25845
"508",508,24286
"509",509,24627
"510",510,25614
"511",511,24902
"512",512,25578
"513",513,23667
"514",514,24640
"515",515,24957
"516",516,25200
"517",517,24187
"518",518,24801
"519",519,24722
"520",520,26011
"521",521,23716
"522",522,23667
"523",523,24081
"524",524,24271
"525",525,25161
"526",526,25198
"527",527,25947
"528",528,24204
"529",529,24497
"530",530,23412
"531",531,24119
"532",532,24620
"533",533,25929
"534",534,25255
"535",535,23504
"536",536,23393
"537",537,23418
"538",538,24490
"539",539,24511
"540",540,25739
"541",541,24675
"542",542,24097
"543",543,24548
"544",544,25511
"545",545,24759
"546",546,24414
"547",547,24828
"548",548,24088
"549",549,24846
"550",550,25403
"551",551,25226
"552",552,24093
"553",553,24482
"554",554,24972
"555",555,25225
"556",556,25717
"557",557,24743
"558",558,24680
"559",559,24150
"560",560,23841
"561",561,25034
"562",562,25175
"563",563,25570
"564",564,24904
"565",565,25166
"566",566,25058
"567",567,26207
"568",568,24458
"569",569,22979
"570",570,23245
"571",571,24405
"572",572,24686
"573",573,25565
"574",574,24987
"575",575,24466
"576",576,24232
"577",577,24498
"578",578,25068
"579",579,25249
"580",580,24825
"581",581,25810
"582",582,23313
"583",583,23977
"584",584,23952
"585",585,24741
"586",586,24941
"587",587,25770
"588",588,24155
"589",589,24690
"590",590,23833
"591",591,25269
"592",592,24938
"593",593,25195
"594",594,24942
"595",595,25212
"596",596,26339
"597",597,23230
"598",598,23418
"599",599,24471
"600",600,24503
"601",601,24825
"602",602,24316
"603",603,23734
"604",604,24871
"605",605,24160
"606",606,25522
"607",607,24003
"608",608,24632
"609",609,24905
"610",610,25074
"611",611,24593
"612",612,23871
"613",613,24902
"614",614,24705
"615",615,25362
"616",616,24684
"617",617,26012
"618",618,25233
"619",619,24127
"620",620,24467
"621",621,24930
"622",622,25282
"623",623,24927
"624",624,25253
"625",625,24678
"626",626,24244
"627",627,25212
"628",628,25800
"629",629,24289
"630",630,23958
"631",631,24976
"632",632,24385
"633",633,24323
"634",634,24240
"635",635,24449
"636",636,24577
"637",637,24670
"638",638,24974
"639",639,26380
"640",640,23990
"641",641,24354
"642",642,24184
"643",643,24756
"644",644,25299
"645",645,25388
"646",646,23634
"647",647,24075
"648",648,24655
"649",649,24629
"650",650,26109
"651",651,25197
"652",652,24046
"653",653,23688
"654",654,23857
"655",655,23819
"656",656,24313
"657",657,24465
"658",658,25181
"659",659,25554
"660",660,24188
"661",661,24716
"662",662,25727
"663",663,24318
"664",664,25379
"665",665,24079
"666",666,23915
"667",667,24459
"668",668,24349
"669",669,25282
"670",670,24246
"671",671,25275
"672",672,24916
"673",673,25239
"674",674,26692
"675",675,23288
"676",676,23338
"677",677,22879
"678",678,22116
"679",679,22153
"680",680,22101
"681",681,22882
"682",682,23703
"683",683,23664
"684",684,23849
"685",685,23506
"686",686,24669
"687",687,24025
"688",688,24820
"689",689,24447
"690",690,25410
"691",691,24814
"692",692,25348
"693",693,24646
"694",694,24675
"695",695,24699
"696",696,25407
"697",697,25381
"698",698,24433
"699",699,25066
"700",700,25468
"701",701,24366
"702",702,23967
"703",703,24066
"704",704,25040
"705",705,24713
"706",706,24902
"707",707,25042
"708",708,26761
"709",709,23300
"710",710,23729
"711",711,23849
"712",712,24374
"713",713,24399
"714",714,24999
"715",715,25592
"716",716,25282
"717",717,24218
"718",718,23970
"719",719,24177
"720",720,24506
"721",721,24274
"722",722,24856
"723",723,25953
"724",724,23569
"725",725,24700
"726",726,24780
"727",727,23910
"728",728,24022
"729",729,23765
"730",730,24618
"731",731,25679
"732",732,23320
"733",733,23866
"734",734,23889
"735",735,24866
"736",736,25152
"737",737,25240
"738",738,24322
"739",739,24652
"740",740,25492
"741",741,25561
"742",742,24598
"743",743,24375
"744",744,25220
"745",745,24836
"746",746,25178
"747",747,24415
"748",748,25584
"749",749,23812
"750",750,24502
"751",751,24509
"752",752,24370
"753",753,24322
"754",754,24804
"755",755,25800
"756",756,24135
"757",757,25113
"758",758,25296
"759",759,24392
"760",760,25839
"761",761,24947
"762",762,25766
"763",763,23732
"764",764,23740
"765",765,23763
"766",766,22937
"767",767,23613
"768",768,23891
"769",769,25090
"770",770,25145
"771",771,26603
"772",772,23516
"773",773,23291
"774",774,22331
"775",775,22486
"776",776,22557
"777",777,22304
"778",778,22902
"779",779,22815
"780",780,23794
"781",781,22476
"782",782,23514
"783",783,23571
"784",784,24226
"785",785,23914
"786",786,25536
"787",787,24355
"788",788,24049
"789",789,24479
"790",790,25507
"791",791,24576
"792",792,24688
"793",793,24467
"794",794,25219
"795",795,25859
"796",796,23005
"797",797,23974
"798",798,24789
"799",799,24535
"800",800,25067
"801",801,25188
"802",802,25581
"803",803,24578
"804",804,24960
"805",805,25540
"806",806,25631
"807",807,24659
"808",808,23963
"809",809,24205
"810",810,25395
"811",811,24504
"812",812,24465
"813",813,25224
"814",814,24436
"815",815,23509
"816",816,24373
"817",817,24417
"818",818,25441
"819",819,23821
"820",820,25158
"821",821,24605
"822",822,25149
"823",823,25271
"824",824,25483
"825",825,25012
"826",826,24550
"827",827,24409
"828",828,24757
"829",829,25903
"830",830,24579
"831",831,25361
"832",832,24880
"833",833,24335
"834",834,23878
"835",835,24778
"836",836,25466
"837",837,23800
"838",838,24041
"839",839,24417
"840",840,24841
"841",841,24898
"842",842,26036
"843",843,23023
"844",844,23640
"845",845,24619
"846",846,23789
"847",847,23850
"848",848,24274
"849",849,24778
"850",850,25447
"851",851,25124
"852",852,25517
"853",853,24265
"854",854,24741
"855",855,25180
"856",856,25625
"857",857,24008
"858",858,24274
"859",859,24010
"860",860,23916
"861",861,24734
"862",862,24788
"863",863,25318
"864",864,24788
"865",865,25073
"866",866,25218
"867",867,24726
"868",868,25503
"869",869,25413
"870",870,23996
"871",871,24757
"872",872,24687
"873",873,25461
"874",874,25121
"875",875,25487
"876",876,24821
"877",877,24975
"878",878,25107
"879",879,25337
"880",880,23871
"881",881,24962
"882",882,24532
"883",883,25218
"884",884,25039
"885",885,25362
"886",886,24982
"887",887,23852
"888",888,24710
"889",889,26386
"890",890,24974
"891",891,23692
"892",892,22963
"893",893,23946
"894",894,23783
"895",895,24328
"896",896,24931
"897",897,24519
"898",898,24464
"899",899,25460
"900",900,25553
"901",901,25043
"902",902,25153
"903",903,24532
"904",904,26575
"905",905,22943
"906",906,22725
"907",907,23033
"908",908,23505
"909",909,23285
"910",910,23278
"911",911,23551
"912",912,23220
"913",913,23807
"914",914,24820
"915",915,24299
"916",916,24478
"917",917,24941
"918",918,24443
"919",919,24594
"920",920,25718
"921",921,23889
"922",922,25373
"923",923,24292
"924",924,24272
"925",925,24941
"926",926,25209
"927",927,25104
"928",928,25527
"929",929,25846
"930",930,23661
"931",931,23531
"932",932,24310
"933",933,23878
"934",934,23821
"935",935,23993
"936",936,24178
"937",937,24522
"938",938,25915
"939",939,24470
"940",940,24478
"941",941,24697
"942",942,24440
"943",943,25226
"944",944,25880
"945",945,23506
"946",946,24530
"947",947,25053
"948",948,25616
"949",949,24182
"950",950,24350
"951",951,25578
"952",952,24173
"953",953,24457
"954",954,23528
"955",955,24196
"956",956,23756
"957",957,23963
"958",958,24299
"959",959,24010
"960",960,25407
"961",961,25497
"962",962,24876
"963",963,23819
"964",964,23839
"965",965,24614
"966",966,24827
"967",967,25313
"968",968,24966
"969",969,25619
"970",970,23620
"971",971,23576
"972",972,25049
"973",973,25489
"974",974,24432
"975",975,24818
"976",976,24663
"977",977,24433
"978",978,25316
"979",979,26807
"980",980,21913
"981",981,22621
"982",982,22950
"983",983,22617
"984",984,22384
"985",985,22733
"986",986,23313
"987",987,22895
"988",988,23382
"989",989,23511
"990",990,24844
"991",991,24607
"992",992,25307
"993",993,24941
"994",994,25349
"995",995,25764
"996",996,23342
"997",997,23073
"998",998,23352
"999",999,24192
"1000",1000,24137
"1001",1001,22200
"1002",1002,20528
"1003",1003,19045
"1004",1004,20834
"1005",1005,19398
"1006",1006,17739
"1007",1007,18363
"1008",1008,17459
"1009",1009,16623
"1010",1010,17108
"1011",1011,16135
"1012",1012,15560
"1013",1013,15396
"1014",1014,14973
"1015",1015,15020
"1016",1016,14593
"1017",1017,14236
"1018",1018,13910
"1019",1019,13887
"1020",1020,13306
"1021",1021,13809
"1022",1022,13081
"1023",1023,12310
"1024",1024,12561
"1025",1025,11932
"1026",1026,12852
"1027",1027,12556
"1028",1028,12687
"1029",1029,13389
"1030",1030,11946
"1031",1031,12022
"1032",1032,11646
"1033",1033,12486
"1034",1034,11542
"1035",1035,11472
"1036",1036,12375
"1037",1037,11934
"1038",1038,11975
"1039",1039,11835
"1040",1040,11004
"1041",1041,10925
"1042",1042,10821
"1043",1043,11232
"1044",1044,10993
"1045",1045,10467
"1046",1046,11405
"1047",1047,11072
"1048",1048,11642
"1049",1049,10678
"1050",1050,11139
"1051",1051,10408
"1052",1052,10108
"1053",1053,10769
"1054",1054,10435
"1055",1055,10042
"1056",1056,10235
"1057",1057,10126
"1058",1058,9493
"1059",1059,9255
"1060",1060,10047
"1061",1061,9969
"1062",1062,9924
"1063",1063,9313
"1064",1064,9416
"1065",1065,9508
"1066",1066,10367
"1067",1067,9837
"1068",1068,9615
"1069",1069,9546
"1070",1070,10129
"1071",1071,9203
"1072",1072,10293
"1073",1073,9854
"1074",1074,11151
"1075",1075,10988
"1076",1076,11065
"1077",1077,10792
"1078",1078,10584
"1079",1079,10650
"1080",1080,11355
"1081",1081,11267
"1082",1082,11240
"1083",1083,10951
"1084",1084,11390
"1085",1085,11412
"1086",1086,11087
"1087",1087,10363
"1088",1088,10491
"1089",1089,11005
"1090",1090,11489
"1091",1091,11978
"1092",1092,12237
"1093",1093,11783
"1094",1094,12132
"1095",1095,12071
"1096",1096,11476
"1097",1097,11293
"1098",1098,12007
"1099",1099,12313
"1100",1100,14768
"1101",1101,15661
"1102",1102,15631
"1103",1103,14988
"1104",1104,15237
"1105",1105,15743
"1106",1106,15699
"1107",1107,16372
"1108",1108,17117
"1109",1109,16467
"1110",1110,16719
"1111",1111,17936
"1112",1112,17840
"1113",1113,17160
"1114",1114,17898
"1115",1115,18688
"1116",1116,18552
"1117",1117,19214
"1118",1118,18653
"1119",1119,18882
"1120",1120,19165
"1121",1121,19784
"1122",1122,20270
"1123",1123,21566
"1124",1124,21253
"1125",1125,20730
"1126",1126,21909
"1127",1127,21966
"1128",1128,23288
"1129",1129,22677
"1130",1130,22948
"1131",1131,22507
"1132",1132,23595
"1133",1133,23663
"1134",1134,25329
"1135",1135,24660
"1136",1136,24703
"1137",1137,26477
"1138",1138,23437
"1139",1139,22936
"1140",1140,23211
"1141",1141,24795
"1142",1142,24141
"1143",1143,25296
"1144",1144,26112
"1145",1145,23579
"1146",1146,24105
"1147",1147,23994
"1148",1148,23859
"1149",1149,24323
"1150",1150,26380
"1151",1151,23853
"1152",1152,25318
"1153",1153,24902
"1154",1154,25769
"1155",1155,24337
"1156",1156,23371
"1157",1157,24086
"1158",1158,24304
"1159",1159,25179
"1160",1160,24809
"1161",1161,25084
"1162",1162,24096
"1163",1163,24727
"1164",1164,25760
"1165",1165,26076
"1166",1166,24162
"1167",1167,24123
"1168",1168,23715
"1169",1169,23437
"1170",1170,24963
"1171",1171,24656
"1172",1172,25916
"1173",1173,23922
"1174",1174,25035
"1175",1175,26485
"1176",1176,22811
"1177",1177,22616
"1178",1178,22828
"1179",1179,23094
"1180",1180,24750
"1181",1181,25316
"1182",1182,24133
"1183",1183,25430
"1184",1184,25048
"1185",1185,24349
"1186",1186,24453
"1187",1187,24508
"1188",1188,25304
"1189",1189,24777
"1190",1190,27073
"1191",1191,22980
"1192",1192,23167
"1193",1193,24150
"1194",1194,25377
"1195",1195,24995
"1196",1196,25050
"1197",1197,24968
"1198",1198,25266
"1199",1199,25539
"1200",1200,24325
"1201",1201,25638
"1202",1202,23693
"1203",1203,24567
"1204",1204,23997
"1205",1205,24915
"1206",1206,25219
"1207",1207,27210
"1208",1208,21962
"1209",1209,22132
"1210",1210,22185
"1211",1211,22492
"1212",1212,22934
"1213",1213,22772
"1214",1214,23968
"1215",1215,25128
"1216",1216,25057
"1217",1217,25578
"1218",1218,25096
"1219",1219,24769
"1220",1220,25650
"1221",1221,26206
"1222",1222,22357
"1223",1223,23465
"1224",1224,23722
"1225",1225,23593
"1226",1226,24264
"1227",1227,25260
"1228",1228,23975
"1229",1229,25139
"1230",1230,25642
"1231",1231,24682
"1232",1232,24837
"1233",1233,24561
"1234",1234,25276
"1235",1235,26160
"1236",1236,24505
"1237",1237,24605
"1238",1238,26313
"1239",1239,24837
"1240",1240,24827
"1241",1241,24577
"1242",1242,24996
"1243",1243,24707
"1244",1244,25300
"1245",1245,25315
"1246",1246,25272
"1247",1247,25114
"1248",1248,25257
"1249",1249,25511
"1250",1250,24992
"1251",1251,25783
"1252",1252,24547
"1253",1253,24786
"1254",1254,25632
"1255",1255,24242
"1256",1256,24997
"1257",1257,25142
"1258",1258,25454
"1259",1259,24971
"1260",1260,25619
"1261",1261,24843
"1262",1262,25996
"1263",1263,24725
"1264",1264,25345
"1265",1265,24807
"1266",1266,25468
"1267",1267,24827
"1268",1268,24266
"1269",1269,24910
"1270",1270,24758
"1271",1271,25614
"1272",1272,25792
"1273",1273,25000
"1274",1274,25158
"1275",1275,25247
"1276",1276,24283
"1277",1277,25517
"1278",1278,23761
"1279",1279,24047
"1280",1280,25353
"1281",1281,25313
"1282",1282,25346
"1283",1283,25674
"1284",1284,24379
"1285",1285,23430
"1286",1286,23770
"1287",1287,24067
"1288",1288,25969
"1289",1289,25836
"1290",1290,22527
"1291",1291,23434
"1292",1292,24382
"1293",1293,25603
"1294",1294,23912
"1295",1295,24572
"1296",1296,24807
"1297",1297,26005
"1298",1298,23757
"1299",1299,24536
"1300",1300,26389
"1301",1301,24867
"1302",1302,24552
"1303",1303,24746
"1304",1304,24537
"1305",1305,24790
"1306",1306,25840
"1307",1307,24641
"1308",1308,25100
"1309",1309,26069
"1310",1310,24564
"1311",1311,24888
"1312",1312,24577
"1313",1313,24882
"1314",1314,25215
"1315",1315,24161
"1316",1316,24705
"1317",1317,25957
"1318",1318,23998
"1319",1319,25347
"1320",1320,25149
"1321",1321,26040
"1322",1322,23655
"1323",1323,24022
"1324",1324,24914
"1325",1325,25030
"1326",1326,25558
"1327",1327,23775
"1328",1328,23841
"1329",1329,24318
"1330",1330,25188
"1331",1331,25808
"1332",1332,25422
"1333",1333,25075
"1334",1334,26026
"1335",1335,23987
"1336",1336,24447
"1337",1337,24635
"1338",1338,25840
"1339",1339,24164
"1340",1340,24974
"1341",1341,24975
"1342",1342,25217
"1343",1343,24567
"1344",1344,24849
"1345",1345,27426
"1346",1346,21808
"1347",1347,21495
"1348",1348,20573
"1349",1349,21118
"1350",1350,21200
"1351",1351,22235
"1352",1352,23230
"1353",1353,23552
"1354",1354,23673
"1355",1355,24844
"1356",1356,24847
"1357",1357,25430
"1358",1358,24331
"1359",1359,25608
"1360",1360,24006
"1361",1361,23450
"1362",1362,25535
"1363",1363,24128
"1364",1364,25187
"1365",1365,25853
"1366",1366,25598
"1367",1367,24162
"1368",1368,23528
"1369",1369,24634
"1370",1370,25204
"1371",1371,25587
"1372",1372,25386
"1373",1373,25050
"1374",1374,24117
"1375",1375,26015
"1376",1376,24779
"1377",1377,25377
"1378",1378,26345
"1379",1379,23626
"1380",1380,24399
"1381",1381,24324
"1382",1382,24409
"1383",1383,24398
"1384",1384,25531
"1385",1385,25194
"1386",1386,25577
"1387",1387,24219
"1388",1388,23915
"1389",1389,24377
"1390",1390,25058
"1391",1391,26000
"1392",1392,24716
"1393",1393,25640
"1394",1394,24620
"1395",1395,25564
"1396",1396,25210
"1397",1397,24000
"1398",1398,24813
"1399",1399,24776
"1400",1400,26904
"1401",1401,22931
"1402",1402,22058
"1403",1403,24120
"1404",1404,23494
"1405",1405,23928
"1406",1406,24204
"1407",1407,24727
"1408",1408,25231
"1409",1409,25047
"1410",1410,23711
"1411",1411,24590
"1412",1412,25494
"1413",1413,25537
"1414",1414,25097
"1415",1415,25278
"1416",1416,24515
"1417",1417,24511
"1418",1418,24795
"1419",1419,25640
"1420",1420,25327
"1421",1421,24928
"1422",1422,25255
"1423",1423,25393
"1424",1424,25123
"1425",1425,26271
"1426",1426,23388
"1427",1427,22230
"1428",1428,23346
"1429",1429,25024
"1430",1430,25215
"1431",1431,26072
"1432",1432,24661
"1433",1433,23789
"1434",1434,23429
"1435",1435,23885
"1436",1436,24952
"1437",1437,24533
"1438",1438,25358
"1439",1439,25448
"1440",1440,24670
"1441",1441,24139
"1442",1442,26413
"1443",1443,23803
"1444",1444,24113
"1445",1445,24826
"1446",1446,25152
"1447",1447,24877
"1448",1448,26011
"1449",1449,24246
"1450",1450,24403
"1451",1451,24613
"1452",1452,23971
"1453",1453,24719
"1454",1454,25995
"1455",1455,24928
"1456",1456,24560
"1457",1457,24715
"1458",1458,25450
"1459",1459,26178
"1460",1460,23588
"1461",1461,24194
"1462",1462,24236
"1463",1463,24603
"1464",1464,24989
"1465",1465,25199
"1466",1466,25790
"1467",1467,23769
"1468",1468,24267
"1469",1469,25433
"1470",1470,25048
"1471",1471,24658
"1472",1472,25609
"1473",1473,25762
"1474",1474,24705
"1475",1475,24500
"1476",1476,25834
"1477",1477,24164
"1478",1478,24121
"1479",1479,25392
"1480",1480,24948
"1481",1481,25242
"1482",1482,25472
"1483",1483,24175
"1484",1484,25431
"1485",1485,25760
"1486",1486,25024
"1487",1487,24940
"1488",1488,25185
"1489",1489,25815
"1490",1490,24671
"1491",1491,25326
"1492",1492,24661
"1493",1493,25562
"1494",1494,24214
"1495",1495,24523
"1496",1496,24968
"1497",1497,25596
"1498",1498,24424
"1499",1499,24581
"1500",1500,25540
"1501",1501,25514
"1502",1502,25497
"1503",1503,23632
"1504",1504,25406
"1505",1505,25491
"1506",1506,25712
"1507",1507,23615
"1508",1508,23681
"1509",1509,23888
"1510",1510,24236
"1511",1511,24737
"1512",1512,25813
"1513",1513,24454
"1514",1514,23357
"1515",1515,23720
"1516",1516,25028
"1517",1517,24504
"1518",1518,25187
"1519",1519,25440
"1520",1520,25114
"1521",1521,24841
"1522",1522,25454
"1523",1523,25105
"1524",1524,25336
"1525",1525,25258
"1526",1526,25840
"1527",1527,24850
"1528",1528,25815
"1529",1529,24710
"1530",1530,23819
"1531",1531,23158
"1532",1532,25811
"1533",1533,24685
"1534",1534,24631
"1535",1535,26052
"1536",1536,23989
"1537",1537,23247
"1538",1538,25016
"1539",1539,26360
"1540",1540,23083
"1541",1541,24328
"1542",1542,24580
"1543",1543,24973
"1544",1544,25701
"1545",1545,24781
"1546",1546,25443
"1547",1547,25069
"1548",1548,24927
"1549",1549,25294
"1550",1550,24486
"1551",1551,24029
"1552",1552,24953
"1553",1553,25670
"1554",1554,25574
"1555",1555,24414
"1556",1556,24618
"1557",1557,26423
"1558",1558,25279
"1559",1559,24158
"1560",1560,25227
"1561",1561,24602
"1562",1562,24981
"1563",1563,24968
"1564",1564,25184
"1565",1565,24535
"1566",1566,25991
"1567",1567,25808
"1568",1568,24365
"1569",1569,24262
"1570",1570,25028
"1571",1571,24294
"1572",1572,25557
"1573",1573,24087
"1574",1574,25302
"1575",1575,24915
"1576",1576,24908
"1577",1577,25486
"1578",1578,25401
"1579",1579,24934
"1580",1580,24690
"1581",1581,26039
"1582",1582,24004
"1583",1583,23403
"1584",1584,24255
"1585",1585,25328
"1586",1586,24973
"1587",1587,25646
"1588",1588,25432
"1589",1589,24748
"1590",1590,24807
"1591",1591,25394
"1592",1592,24882
"1593",1593,26233
"1594",1594,24880
"1595",1595,25145
"1596",1596,24109
"1597",1597,25161
"1598",1598,26268
"1599",1599,25043
"1600",1600,24286
"1601",1601,23926
"1602",1602,24286
"1603",1603,24217
"1604",1604,25419
"1605",1605,25793
"1606",1606,24560
"1607",1607,24914
"1608",1608,26966
"1609",1609,23391
"1610",1610,22966
"1611",1611,23334
"1612",1612,24292
"1613",1613,24413
"1614",1614,24427
"1615",1615,25379
"1616",1616,25820
"1617",1617,25079
"1618",1618,24095
"1619",1619,24689
"1620",1620,26059
"1621",1621,24131
"1622",1622,24609
"1623",1623,24744
"1624",1624,25253
"1625",1625,26346
"1626",1626,24107
"1627",1627,24440
"1628",1628,23938
"1629",1629,23979
"1630",1630,25596
"1631",1631,25081
"1632",1632,25171
"1633",1633,24587
"1634",1634,24854
"1635",1635,26055
"1636",1636,24914
"1637",1637,25099
"1638",1638,24937
"1639",1639,25061
"1640",1640,25345
"1641",1641,25381
"1642",1642,25437
"1643",1643,25725
"1644",1644,25080
"1645",1645,25812
"1646",1646,24018
"1647",1647,24091
"1648",1648,23285
"1649",1649,25015
"1650",1650,24705
"1651",1651,26107
"1652",1652,23882
"1653",1653,24602
"1654",1654,24052
"1655",1655,25330
"1656",1656,25784
"1657",1657,24937
"1658",1658,24469
"1659",1659,25487
"1660",1660,25042
"1661",1661,25727
"1662",1662,23799
"1663",1663,24518
"1664",1664,25482
"1665",1665,24979
"1666",1666,26449
"1667",1667,24690
"1668",1668,24802
"1669",1669,24935
"1670",1670,25373
"1671",1671,25618
"1672",1672,25171
"1673",1673,24545
"1674",1674,25054
"1675",1675,25666
"1676",1676,24544
"1677",1677,24167
"1678",1678,24802
"1679",1679,27117
"1680",1680,22995
"1681",1681,22402
"1682",1682,21175
"1683",1683,22781
"1684",1684,22946
"1685",1685,23788
"1686",1686,23379
"1687",1687,23786
"1688",1688,23076
"1689",1689,24038
"1690",1690,24491
"1691",1691,25694
"1692",1692,24497
"1693",1693,24712
"1694",1694,25287
"1695",1695,25234
"1696",1696,24324
"1697",1697,25360
"1698",1698,25439
"1699",1699,25798
"1700",1700,23121
"1701",1701,23680
"1702",1702,24023
"1703",1703,25109
"1704",1704,25519
"1705",1705,25687
"1706",1706,25075
"1707",1707,25094
"1708",1708,24962
"1709",1709,25677
"1710",1710,25082
"1711",1711,26263
"1712",1712,25703
"1713",1713,23969
"1714",1714,23156
"1715",1715,25276
"1716",1716,24549
"1717",1717,23469
"1718",1718,24715
"1719",1719,25776
"1720",1720,25297
"1721",1721,24948
"1722",1722,25351
"1723",1723,25459
"1724",1724,25208
"1725",1725,24770
"1726",1726,27217
"1727",1727,22354
"1728",1728,22365
"1729",1729,21111
"1730",1730,21433
"1731",1731,21774
"1732",1732,22371
"1733",1733,23192
"1734",1734,23760
"1735",1735,24265
"1736",1736,24184
"1737",1737,24984
"1738",1738,24855
"1739",1739,26145
"1740",1740,26459
"1741",1741,23479
"1742",1742,23465
"1743",1743,23589
"1744",1744,24459
"1745",1745,23243
"1746",1746,24117
"1747",1747,24829
"1748",1748,25539
"1749",1749,24064
"1750",1750,24114
"1751",1751,24719
"1752",1752,25728
"1753",1753,24212
"1754",1754,25461
"1755",1755,25218
"1756",1756,24892
"1757",1757,24669
"1758",1758,23658
"1759",1759,24767
"1760",1760,25411
"1761",1761,24999
"1762",1762,24914
"1763",1763,25481
"1764",1764,25362
"1765",1765,26010
"1766",1766,24736
"1767",1767,25115
"1768",1768,24738
"1769",1769,24260
"1770",1770,25211
"1771",1771,26406
"1772",1772,24385
"1773",1773,24948
"1774",1774,24317
"1775",1775,24761
"1776",1776,25705
"1777",1777,24561
"1778",1778,26122
"1779",1779,23638
"1780",1780,24626
"1781",1781,25565
"1782",1782,24988
"1783",1783,24305
"1784",1784,25039
"1785",1785,24692
"1786",1786,24564
"1787",1787,24765
"1788",1788,25616
"1789",1789,25106
"1790",1790,26636
"1791",1791,22259
"1792",1792,24398
"1793",1793,23778
"1794",1794,25643
"1795",1795,24316
"1796",1796,25267
"1797",1797,24573
"1798",1798,24132
"1799",1799,24879
"1800",1800,25589
"1801",1801,24462
"1802",1802,24338
"1803",1803,24783
"1804",1804,25632
"1805",1805,25152
"1806",1806,25718
"1807",1807,24948
"1808",1808,24509
"1809",1809,24516
"1810",1810,25456
"1811",1811,25308
"1812",1812,25318
"1813",1813,24306
"1814",1814,24364
"1815",1815,24955
"1816",1816,26898
"1817",1817,23470
"1818",1818,22704
"1819",1819,24474
"1820",1820,25138
"1821",1821,25570
"1822",1822,24875
"1823",1823,25501
"1824",1824,23644
"1825",1825,25082
"1826",1826,24913
"1827",1827,27326
"1828",1828,22369
"1829",1829,23080
"1830",1830,22987
"1831",1831,23348
"1832",1832,23122
"1833",1833,23039
"1834",1834,24484
"1835",1835,24021
"1836",1836,23563
"1837",1837,24116
"1838",1838,24992
"1839",1839,24320
"1840",1840,25486
"1841",1841,25413
"1842",1842,25753
"1843",1843,24793
"1844",1844,25414
"1845",1845,25398
"1846",1846,25213
"1847",1847,25018
"1848",1848,25612
"1849",1849,25450
"1850",1850,25185
"1851",1851,24761
"1852",1852,25331
"1853",1853,25130
"1854",1854,25425
"1855",1855,25304
"1856",1856,24308
"1857",1857,24015
"1858",1858,23930
"1859",1859,23901
"1860",1860,25546
"1861",1861,25395
"1862",1862,26674
"1863",1863,23658
"1864",1864,24043
"1865",1865,24349
"1866",1866,24976
"1867",1867,23985
"1868",1868,24167
"1869",1869,24635
"1870",1870,26948
"1871",1871,22841
"1872",1872,23877
"1873",1873,24343
"1874",1874,24615
"1875",1875,24907
"1876",1876,24573
"1877",1877,26841
"1878",1878,22042
"1879",1879,22643
"1880",1880,22502
"1881",1881,24048
"1882",1882,23867
"1883",1883,24076
"1884",1884,23310
"1885",1885,24311
"1886",1886,25117
"1887",1887,24785
"1888",1888,25535
"1889",1889,25469
"1890",1890,25715
"1891",1891,24627
"1892",1892,24952
"1893",1893,26086
"1894",1894,23582
"1895",1895,24426
"1896",1896,26746
"1897",1897,23410
"1898",1898,23506
"1899",1899,23266
"1900",1900,22540
"1901",1901,22919
"1902",1902,23252
"1903",1903,24064
"1904",1904,23292
"1905",1905,24553
"1906",1906,25593
"1907",1907,23687
"1908",1908,25053
"1909",1909,25274
"1910",1910,25290
"1911",1911,24948
"1912",1912,24819
"1913",1913,24728
"1914",1914,25414
"1915",1915,25008
"1916",1916,26222
"1917",1917,25199
"1918",1918,26501
"1919",1919,24088
"1920",1920,23618
"1921",1921,24085
"1922",1922,24515
"1923",1923,24431
"1924",1924,23880
"1925",1925,25925
"1926",1926,24467
"1927",1927,24181
"1928",1928,24619
"1929",1929,26194
"1930",1930,23573
"1931",1931,23101
"1932",1932,23765
"1933",1933,23833
"1934",1934,26058
"1935",1935,24086
"1936",1936,23637
"1937",1937,23535
"1938",1938,23481
"1939",1939,24152
"1940",1940,24974
"1941",1941,25817
"1942",1942,25314
"1943",1943,23946
"1944",1944,24290
"1945",1945,25133
"1946",1946,27107
"1947",1947,21287
"1948",1948,21736
"1949",1949,22705
"1950",1950,23707
"1951",1951,23982
"1952",1952,24188
"1953",1953,24691
"1954",1954,24415
"1955",1955,26823
"1956",1956,23760
"1957",1957,23549
"1958",1958,23615
"1959",1959,23254
"1960",1960,23759
"1961",1961,24278
"1962",1962,25548
"1963",1963,25405
"1964",1964,24847
"1965",1965,25131
"1966",1966,26269
"1967",1967,23395
"1968",1968,23983
"1969",1969,24802
"1970",1970,25173
"1971",1971,25659
"1972",1972,24761
"1973",1973,25241
"1974",1974,24611
"1975",1975,24532
"1976",1976,25774
"1977",1977,24003
"1978",1978,24541
"1979",1979,24992
"1980",1980,25825
"1981",1981,24921
"1982",1982,25984
"1983",1983,24828
"1984",1984,23708
"1985",1985,24026
"1986",1986,25611
"1987",1987,26119
"1988",1988,23535
"1989",1989,24292
"1990",1990,24113
"1991",1991,25149
"1992",1992,24743
"1993",1993,26187
"1994",1994,24614
"1995",1995,24293
"1996",1996,25102
"1997",1997,23408
"1998",1998,23904
"1999",1999,24652
"2000",2000,24883
