"","time","sum_size"
"1",1,1265
"2",2,1430
"3",3,1179
"4",4,1106
"5",5,1364
"6",6,1395
"7",7,1384
"8",8,1858
"9",9,1706
"10",10,1656
"11",11,1447
"12",12,1536
"13",13,1408
"14",14,1494
"15",15,1366
"16",16,1548
"17",17,1820
"18",18,1640
"19",19,1811
"20",20,1541
"21",21,1640
"22",22,2325
"23",23,2187
"24",24,2127
"25",25,1951
"26",26,1796
"27",27,1849
"28",28,1815
"29",29,1904
"30",30,2005
"31",31,1881
"32",32,1631
"33",33,1567
"34",34,1719
"35",35,1790
"36",36,1746
"37",37,2205
"38",38,1801
"39",39,1777
"40",40,1878
"41",41,2007
"42",42,1760
"43",43,1684
"44",44,1953
"45",45,1978
"46",46,1761
"47",47,1491
"48",48,1794
"49",49,1777
"50",50,1933
"51",51,1927
"52",52,1753
"53",53,1782
"54",54,1585
"55",55,1598
"56",56,2303
"57",57,2298
"58",58,2631
"59",59,2302
"60",60,2620
"61",61,2336
"62",62,2224
"63",63,1993
"64",64,2283
"65",65,2086
"66",66,2002
"67",67,2792
"68",68,2460
"69",69,2427
"70",70,2445
"71",71,2579
"72",72,2182
"73",73,1854
"74",74,2087
"75",75,2214
"76",76,2549
"77",77,2678
"78",78,2699
"79",79,2539
"80",80,2334
"81",81,2544
"82",82,2628
"83",83,2487
"84",84,2657
"85",85,2622
"86",86,3117
"87",87,2981
"88",88,2636
"89",89,2759
"90",90,2471
"91",91,3287
"92",92,3804
"93",93,3173
"94",94,3029
"95",95,3075
"96",96,2902
"97",97,2922
"98",98,2841
"99",99,2620
"100",100,2787
"101",101,2610
"102",102,2417
"103",103,2406
"104",104,2658
"105",105,3173
"106",106,2921
"107",107,3031
"108",108,3013
"109",109,2442
"110",110,2794
"111",111,2813
"112",112,2985
"113",113,2862
"114",114,3126
"115",115,2980
"116",116,2864
"117",117,2993
"118",118,2983
"119",119,3094
"120",120,2630
"121",121,3338
"122",122,2935
"123",123,2965
"124",124,2882
"125",125,3124
"126",126,2787
"127",127,3196
"128",128,3413
"129",129,3375
"130",130,3413
"131",131,3331
"132",132,3185
"133",133,3246
"134",134,3183
"135",135,3686
"136",136,3630
"137",137,3578
"138",138,3102
"139",139,3381
"140",140,3152
"141",141,2985
"142",142,2977
"143",143,2955
"144",144,2981
"145",145,2923
"146",146,2965
"147",147,2793
"148",148,3199
"149",149,3349
"150",150,3203
"151",151,3382
"152",152,3653
"153",153,3958
"154",154,3706
"155",155,3487
"156",156,3181
"157",157,3464
"158",158,3565
"159",159,3566
"160",160,3555
"161",161,4143
"162",162,3558
"163",163,3330
"164",164,3693
"165",165,3155
"166",166,4246
"167",167,3629
"168",168,4360
"169",169,4909
"170",170,4785
"171",171,3812
"172",172,3639
"173",173,3899
"174",174,3523
"175",175,3447
"176",176,3126
"177",177,3754
"178",178,3723
"179",179,3350
"180",180,3518
"181",181,3753
"182",182,3439
"183",183,3543
"184",184,3470
"185",185,3536
"186",186,3545
"187",187,3326
"188",188,3362
"189",189,3539
"190",190,3507
"191",191,4029
"192",192,3779
"193",193,3248
"194",194,3574
"195",195,3883
"196",196,3813
"197",197,3784
"198",198,3608
"199",199,3950
"200",200,3568
"201",201,3320
"202",202,3328
"203",203,3151
"204",204,3438
"205",205,3695
"206",206,3688
"207",207,4212
"208",208,3649
"209",209,3941
"210",210,4038
"211",211,4402
"212",212,3778
"213",213,3552
"214",214,3902
"215",215,3437
"216",216,4198
"217",217,4619
"218",218,4626
"219",219,4267
"220",220,4461
"221",221,3750
"222",222,3641
"223",223,4388
"224",224,3853
"225",225,4503
"226",226,3782
"227",227,4287
"228",228,4266
"229",229,3928
"230",230,4006
"231",231,4586
"232",232,4744
"233",233,4692
"234",234,4195
"235",235,4140
"236",236,3899
"237",237,4493
"238",238,4729
"239",239,4848
"240",240,4545
"241",241,4336
"242",242,4346
"243",243,4134
"244",244,3833
"245",245,3978
"246",246,4120
"247",247,4221
"248",248,3932
"249",249,5098
"250",250,4883
"251",251,4887
"252",252,4819
"253",253,5123
"254",254,4262
"255",255,4443
"256",256,4626
"257",257,5052
"258",258,4734
"259",259,5008
"260",260,4719
"261",261,4274
"262",262,4128
"263",263,4726
"264",264,4484
"265",265,4601
"266",266,4613
"267",267,4715
"268",268,4251
"269",269,4830
"270",270,4703
"271",271,4113
"272",272,4565
"273",273,4166
"274",274,4745
"275",275,4957
"276",276,4795
"277",277,4974
"278",278,4393
"279",279,4435
"280",280,4583
"281",281,5213
"282",282,4090
"283",283,3609
"284",284,3874
"285",285,3828
"286",286,3425
"287",287,3436
"288",288,3509
"289",289,3685
"290",290,4020
"291",291,4758
"292",292,4687
"293",293,3995
"294",294,4440
"295",295,3983
"296",296,4462
"297",297,4304
"298",298,3984
"299",299,3953
"300",300,4363
"301",301,5322
"302",302,3953
"303",303,4638
"304",304,3676
"305",305,4005
"306",306,4069
"307",307,4304
"308",308,4739
"309",309,4665
"310",310,4508
"311",311,5118
"312",312,4183
"313",313,4458
"314",314,3841
"315",315,3764
"316",316,4063
"317",317,3885
"318",318,3657
"319",319,3724
"320",320,4117
"321",321,4235
"322",322,4218
"323",323,3788
"324",324,4131
"325",325,3919
"326",326,3324
"327",327,3577
"328",328,3887
"329",329,4170
"330",330,4525
"331",331,4418
"332",332,4120
"333",333,4143
"334",334,4279
"335",335,4473
"336",336,4829
"337",337,4537
"338",338,4497
"339",339,3923
"340",340,4474
"341",341,3983
"342",342,4122
"343",343,4123
"344",344,4809
"345",345,4386
"346",346,4996
"347",347,4387
"348",348,4219
"349",349,4601
"350",350,4596
"351",351,4396
"352",352,4615
"353",353,4835
"354",354,4321
"355",355,4461
"356",356,4111
"357",357,4183
"358",358,4229
"359",359,4483
"360",360,3995
"361",361,3830
"362",362,3864
"363",363,4105
"364",364,3920
"365",365,4432
"366",366,4472
"367",367,4665
"368",368,4995
"369",369,5026
"370",370,4787
"371",371,4955
"372",372,4709
"373",373,4733
"374",374,4899
"375",375,4857
"376",376,4745
"377",377,5257
"378",378,4439
"379",379,4088
"380",380,4532
"381",381,4037
"382",382,4325
"383",383,4707
"384",384,5216
"385",385,4374
"386",386,4244
"387",387,4014
"388",388,3932
"389",389,3732
"390",390,3824
"391",391,3625
"392",392,3503
"393",393,3439
"394",394,3737
"395",395,3799
"396",396,4028
"397",397,4260
"398",398,4219
"399",399,3900
"400",400,3839
"401",401,3865
"402",402,3586
"403",403,4202
"404",404,3985
"405",405,3980
"406",406,4056
"407",407,4223
"408",408,4467
"409",409,4749
"410",410,4268
"411",411,3867
"412",412,3596
"413",413,3887
"414",414,4387
"415",415,4805
"416",416,5127
"417",417,4555
"418",418,3816
"419",419,4581
"420",420,4496
"421",421,4598
"422",422,4069
"423",423,4202
"424",424,3867
"425",425,4436
"426",426,4249
"427",427,4194
"428",428,4175
"429",429,4220
"430",430,4554
"431",431,4034
"432",432,4338
"433",433,4614
"434",434,3906
"435",435,4148
"436",436,4853
"437",437,4964
"438",438,4880
"439",439,4121
"440",440,4621
"441",441,4595
"442",442,4332
"443",443,4441
"444",444,4676
"445",445,4150
"446",446,4233
"447",447,4393
"448",448,4583
"449",449,4875
"450",450,4919
"451",451,4684
"452",452,4930
"453",453,4779
"454",454,4928
"455",455,4672
"456",456,4440
"457",457,4980
"458",458,4933
"459",459,4407
"460",460,4566
"461",461,4793
"462",462,4543
"463",463,4363
"464",464,4111
"465",465,5011
"466",466,4485
"467",467,4780
"468",468,4567
"469",469,4907
"470",470,4741
"471",471,4560
"472",472,4741
"473",473,4741
"474",474,4744
"475",475,4388
"476",476,4627
"477",477,5250
"478",478,4677
"479",479,4768
"480",480,4695
"481",481,4794
"482",482,4562
"483",483,4708
"484",484,4697
"485",485,4830
"486",486,4354
"487",487,4760
"488",488,4782
"489",489,4716
"490",490,5069
"491",491,4827
"492",492,4742
"493",493,4643
"494",494,4367
"495",495,4549
"496",496,4725
"497",497,4184
"498",498,4403
"499",499,4351
"500",500,4459
"501",501,4413
"502",502,4441
"503",503,4246
"504",504,4506
"505",505,4508
"506",506,4132
"507",507,3996
"508",508,4413
"509",509,4220
"510",510,4518
"511",511,4222
"512",512,4726
"513",513,4492
"514",514,4769
"515",515,4669
"516",516,4712
"517",517,4268
"518",518,4314
"519",519,5469
"520",520,4056
"521",521,3737
"522",522,4129
"523",523,3908
"524",524,4261
"525",525,3682
"526",526,3592
"527",527,3763
"528",528,3944
"529",529,3882
"530",530,3550
"531",531,3834
"532",532,3920
"533",533,4314
"534",534,4340
"535",535,4478
"536",536,4827
"537",537,4216
"538",538,4598
"539",539,4249
"540",540,3752
"541",541,3972
"542",542,4180
"543",543,3860
"544",544,4587
"545",545,4720
"546",546,4409
"547",547,4095
"548",548,4126
"549",549,4445
"550",550,4252
"551",551,3897
"552",552,4208
"553",553,4362
"554",554,4768
"555",555,4380
"556",556,3968
"557",557,4113
"558",558,4352
"559",559,4250
"560",560,4490
"561",561,4592
"562",562,4235
"563",563,4499
"564",564,4818
"565",565,4573
"566",566,4119
"567",567,4763
"568",568,4331
"569",569,4780
"570",570,4625
"571",571,4121
"572",572,4104
"573",573,4620
"574",574,4171
"575",575,4550
"576",576,5173
"577",577,4767
"578",578,4744
"579",579,4506
"580",580,4278
"581",581,4133
"582",582,4142
"583",583,4996
"584",584,4558
"585",585,5130
"586",586,4931
"587",587,4914
"588",588,4240
"589",589,4293
"590",590,4514
"591",591,4175
"592",592,4611
"593",593,4988
"594",594,4456
"595",595,4513
"596",596,4749
"597",597,4419
"598",598,4525
"599",599,4172
"600",600,4229
"601",601,4084
"602",602,3952
"603",603,3940
"604",604,4114
"605",605,3969
"606",606,4320
"607",607,4610
"608",608,5133
"609",609,4254
"610",610,4101
"611",611,4901
"612",612,4691
"613",613,4383
"614",614,4758
"615",615,3908
"616",616,4038
"617",617,3988
"618",618,4619
"619",619,4928
"620",620,4734
"621",621,4549
"622",622,4301
"623",623,4572
"624",624,4872
"625",625,4964
"626",626,4841
"627",627,4600
"628",628,4532
"629",629,4090
"630",630,4392
"631",631,4354
"632",632,4753
"633",633,4628
"634",634,4950
"635",635,5096
"636",636,4433
"637",637,4789
"638",638,4333
"639",639,4091
"640",640,4741
"641",641,4634
"642",642,3906
"643",643,4610
"644",644,4844
"645",645,4389
"646",646,4763
"647",647,4597
"648",648,4351
"649",649,4747
"650",650,4777
"651",651,4445
"652",652,4757
"653",653,4816
"654",654,4839
"655",655,5630
"656",656,4384
"657",657,4388
"658",658,5021
"659",659,4716
"660",660,4367
"661",661,4265
"662",662,3779
"663",663,4181
"664",664,4234
"665",665,4097
"666",666,3982
"667",667,4445
"668",668,4373
"669",669,4694
"670",670,4340
"671",671,4219
"672",672,4258
"673",673,3971
"674",674,3894
"675",675,4019
"676",676,3835
"677",677,4147
"678",678,3863
"679",679,4120
"680",680,3668
"681",681,3878
"682",682,4550
"683",683,4259
"684",684,3667
"685",685,3368
"686",686,4069
"687",687,4166
"688",688,4358
"689",689,4015
"690",690,4540
"691",691,4124
"692",692,3804
"693",693,3570
"694",694,3630
"695",695,3456
"696",696,3553
"697",697,4028
"698",698,4408
"699",699,4005
"700",700,4113
"701",701,4136
"702",702,4526
"703",703,4176
"704",704,4705
"705",705,4410
"706",706,3629
"707",707,4643
"708",708,4817
"709",709,4529
"710",710,4565
"711",711,4939
"712",712,4190
"713",713,4071
"714",714,4144
"715",715,3613
"716",716,3489
"717",717,3632
"718",718,3666
"719",719,3783
"720",720,4979
"721",721,4685
"722",722,4449
"723",723,3930
"724",724,4323
"725",725,4398
"726",726,4762
"727",727,4402
"728",728,4558
"729",729,4228
"730",730,3988
"731",731,4297
"732",732,4221
"733",733,4308
"734",734,4860
"735",735,4239
"736",736,3941
"737",737,3699
"738",738,4196
"739",739,4538
"740",740,4772
"741",741,5000
"742",742,5207
"743",743,4414
"744",744,4515
"745",745,4433
"746",746,4021
"747",747,4520
"748",748,4200
"749",749,4601
"750",750,4522
"751",751,4200
"752",752,4229
"753",753,4737
"754",754,4238
"755",755,4440
"756",756,4709
"757",757,4588
"758",758,4205
"759",759,4446
"760",760,4651
"761",761,5073
"762",762,5024
"763",763,4816
"764",764,4317
"765",765,4994
"766",766,4417
"767",767,4689
"768",768,4862
"769",769,5312
"770",770,4272
"771",771,4325
"772",772,4336
"773",773,4987
"774",774,4567
"775",775,4975
"776",776,4861
"777",777,4653
"778",778,3990
"779",779,3885
"780",780,3684
"781",781,3968
"782",782,4155
"783",783,4222
"784",784,4096
"785",785,3593
"786",786,3668
"787",787,3625
"788",788,4741
"789",789,4592
"790",790,5000
"791",791,4613
"792",792,4946
"793",793,5129
"794",794,4838
"795",795,4601
"796",796,4188
"797",797,4051
"798",798,3740
"799",799,4005
"800",800,4788
"801",801,4606
"802",802,4380
"803",803,4879
"804",804,4243
"805",805,4449
"806",806,4701
"807",807,4915
"808",808,4648
"809",809,5105
"810",810,5100
"811",811,4853
"812",812,4707
"813",813,4705
"814",814,4967
"815",815,4574
"816",816,4298
"817",817,4098
"818",818,4076
"819",819,3754
"820",820,4214
"821",821,4368
"822",822,4878
"823",823,4439
"824",824,4852
"825",825,4069
"826",826,4334
"827",827,4404
"828",828,4074
"829",829,4153
"830",830,4473
"831",831,4022
"832",832,4135
"833",833,4645
"834",834,4752
"835",835,5201
"836",836,4385
"837",837,3850
"838",838,3741
"839",839,4467
"840",840,4478
"841",841,4836
"842",842,4878
"843",843,4463
"844",844,4372
"845",845,4241
"846",846,4550
"847",847,4159
"848",848,4097
"849",849,4551
"850",850,4135
"851",851,3990
"852",852,4146
"853",853,4223
"854",854,4769
"855",855,4645
"856",856,4405
"857",857,4189
"858",858,4429
"859",859,4150
"860",860,4338
"861",861,4051
"862",862,3641
"863",863,3583
"864",864,4211
"865",865,4622
"866",866,5054
"867",867,4629
"868",868,4513
"869",869,4273
"870",870,4186
"871",871,4918
"872",872,4431
"873",873,4818
"874",874,4655
"875",875,4762
"876",876,4427
"877",877,4629
"878",878,4359
"879",879,4547
"880",880,4730
"881",881,4658
"882",882,4000
"883",883,4530
"884",884,4327
"885",885,4799
"886",886,4304
"887",887,4628
"888",888,4233
"889",889,4311
"890",890,3952
"891",891,4760
"892",892,4620
"893",893,4639
"894",894,4882
"895",895,4830
"896",896,4824
"897",897,4668
"898",898,4731
"899",899,5521
"900",900,3976
"901",901,3978
"902",902,4263
"903",903,4407
"904",904,4529
"905",905,4354
"906",906,4243
"907",907,4499
"908",908,3713
"909",909,3874
"910",910,4393
"911",911,3950
"912",912,3736
"913",913,3680
"914",914,3952
"915",915,4216
"916",916,3693
"917",917,3544
"918",918,3310
"919",919,3757
"920",920,3607
"921",921,4192
"922",922,3852
"923",923,4013
"924",924,4295
"925",925,4116
"926",926,3966
"927",927,3720
"928",928,3961
"929",929,5253
"930",930,4265
"931",931,4373
"932",932,4089
"933",933,3852
"934",934,3957
"935",935,4494
"936",936,3881
"937",937,4036
"938",938,3790
"939",939,3503
"940",940,3861
"941",941,3835
"942",942,3403
"943",943,4039
"944",944,3288
"945",945,3866
"946",946,4298
"947",947,4321
"948",948,4382
"949",949,4205
"950",950,3871
"951",951,4074
"952",952,4083
"953",953,3798
"954",954,3687
"955",955,3831
"956",956,3612
"957",957,3695
"958",958,3705
"959",959,3990
"960",960,4492
"961",961,3899
"962",962,3311
"963",963,3502
"964",964,3375
"965",965,3884
"966",966,4153
"967",967,3772
"968",968,3911
"969",969,3899
"970",970,3780
"971",971,4258
"972",972,4372
"973",973,4470
"974",974,4189
"975",975,3814
"976",976,4263
"977",977,4362
"978",978,4869
"979",979,4921
"980",980,4578
"981",981,4953
"982",982,4429
"983",983,4677
"984",984,4555
"985",985,4381
"986",986,4285
"987",987,4430
"988",988,4463
"989",989,4255
"990",990,4012
"991",991,4446
"992",992,4214
"993",993,4522
"994",994,4369
"995",995,4277
"996",996,4440
"997",997,4823
"998",998,4075
"999",999,4303
"1000",1000,4544
"1001",1001,4674
"1002",1002,3961
"1003",1003,3739
"1004",1004,4072
"1005",1005,3974
"1006",1006,3987
"1007",1007,3394
"1008",1008,4013
"1009",1009,4375
"1010",1010,4244
"1011",1011,4767
"1012",1012,4240
"1013",1013,4062
"1014",1014,3843
"1015",1015,3765
"1016",1016,3498
"1017",1017,3471
"1018",1018,3945
"1019",1019,3774
"1020",1020,3319
"1021",1021,3295
"1022",1022,3560
"1023",1023,3448
"1024",1024,3574
"1025",1025,4301
"1026",1026,4373
"1027",1027,4342
"1028",1028,4140
"1029",1029,4188
"1030",1030,4222
"1031",1031,4348
"1032",1032,4839
"1033",1033,5129
"1034",1034,5240
"1035",1035,4470
"1036",1036,4430
"1037",1037,4458
"1038",1038,4462
"1039",1039,4648
"1040",1040,3942
"1041",1041,4226
"1042",1042,4494
"1043",1043,4103
"1044",1044,4046
"1045",1045,4105
"1046",1046,4208
"1047",1047,4077
"1048",1048,3820
"1049",1049,3538
"1050",1050,3825
"1051",1051,4188
"1052",1052,4006
"1053",1053,4008
"1054",1054,4149
"1055",1055,3625
"1056",1056,4119
"1057",1057,3758
"1058",1058,3185
"1059",1059,3454
"1060",1060,3476
"1061",1061,4237
"1062",1062,3986
"1063",1063,3573
"1064",1064,3410
"1065",1065,3652
"1066",1066,3719
"1067",1067,3610
"1068",1068,3224
"1069",1069,3317
"1070",1070,4047
"1071",1071,3997
"1072",1072,3676
"1073",1073,3639
"1074",1074,3875
"1075",1075,3756
"1076",1076,4099
"1077",1077,3475
"1078",1078,3421
"1079",1079,4169
"1080",1080,4139
"1081",1081,3727
"1082",1082,3359
"1083",1083,3440
"1084",1084,3518
"1085",1085,3543
"1086",1086,3056
"1087",1087,3210
"1088",1088,3178
"1089",1089,2968
"1090",1090,2431
"1091",1091,2585
"1092",1092,2314
"1093",1093,2175
"1094",1094,2076
"1095",1095,2429
"1096",1096,2382
"1097",1097,2559
"1098",1098,3145
"1099",1099,2783
"1100",1100,2303
"1101",1101,2218
"1102",1102,2214
"1103",1103,2511
"1104",1104,2511
"1105",1105,2168
"1106",1106,2007
"1107",1107,2008
"1108",1108,2104
"1109",1109,2270
"1110",1110,1954
"1111",1111,1858
"1112",1112,2118
"1113",1113,2285
"1114",1114,2028
"1115",1115,2470
"1116",1116,2607
"1117",1117,2273
"1118",1118,2104
"1119",1119,2259
"1120",1120,1949
"1121",1121,2091
"1122",1122,1798
"1123",1123,1664
"1124",1124,1848
"1125",1125,1831
"1126",1126,2233
"1127",1127,2267
"1128",1128,2396
"1129",1129,2219
"1130",1130,2334
"1131",1131,2459
"1132",1132,2683
"1133",1133,2377
"1134",1134,2102
"1135",1135,1842
"1136",1136,1619
"1137",1137,1563
"1138",1138,1835
"1139",1139,1727
"1140",1140,2000
"1141",1141,2174
"1142",1142,1987
"1143",1143,1918
"1144",1144,1928
"1145",1145,1820
"1146",1146,2069
"1147",1147,1851
"1148",1148,1598
"1149",1149,1535
"1150",1150,2176
"1151",1151,1845
"1152",1152,2032
"1153",1153,1858
"1154",1154,2022
"1155",1155,2086
"1156",1156,2026
"1157",1157,1917
"1158",1158,2001
"1159",1159,1714
"1160",1160,1516
"1161",1161,1921
"1162",1162,1649
"1163",1163,2124
"1164",1164,2282
"1165",1165,2005
"1166",1166,1967
"1167",1167,1811
"1168",1168,2065
"1169",1169,1904
"1170",1170,1741
"1171",1171,1874
"1172",1172,2102
"1173",1173,2039
"1174",1174,1659
"1175",1175,1865
"1176",1176,2110
"1177",1177,2043
"1178",1178,2268
"1179",1179,1871
"1180",1180,2023
"1181",1181,1731
"1182",1182,1948
"1183",1183,2110
"1184",1184,2391
"1185",1185,2157
"1186",1186,2004
"1187",1187,2088
"1188",1188,1939
"1189",1189,1993
"1190",1190,2076
"1191",1191,2157
"1192",1192,1996
"1193",1193,2011
"1194",1194,1867
"1195",1195,1768
"1196",1196,1942
"1197",1197,1811
"1198",1198,2173
"1199",1199,2130
"1200",1200,2351
"1201",1201,2297
"1202",1202,2648
"1203",1203,2140
"1204",1204,1827
"1205",1205,2107
"1206",1206,1956
"1207",1207,2055
"1208",1208,2151
"1209",1209,2028
"1210",1210,1905
"1211",1211,1992
"1212",1212,2080
"1213",1213,1876
"1214",1214,1831
"1215",1215,1915
"1216",1216,1843
"1217",1217,1574
"1218",1218,1823
"1219",1219,2022
"1220",1220,2029
"1221",1221,2406
"1222",1222,2607
"1223",1223,1953
"1224",1224,1927
"1225",1225,1969
"1226",1226,2233
"1227",1227,3008
"1228",1228,2652
"1229",1229,2342
"1230",1230,1958
"1231",1231,1901
"1232",1232,2003
"1233",1233,2099
"1234",1234,2053
"1235",1235,1719
"1236",1236,1977
"1237",1237,2232
"1238",1238,2169
"1239",1239,2363
"1240",1240,2223
"1241",1241,2342
"1242",1242,2051
"1243",1243,2143
"1244",1244,2223
"1245",1245,2114
"1246",1246,2338
"1247",1247,2321
"1248",1248,2373
"1249",1249,2085
"1250",1250,2787
"1251",1251,2179
"1252",1252,2575
"1253",1253,2247
"1254",1254,2456
"1255",1255,2301
"1256",1256,2241
"1257",1257,2526
"1258",1258,2536
"1259",1259,2250
"1260",1260,2189
"1261",1261,2196
"1262",1262,1973
"1263",1263,2170
"1264",1264,2003
"1265",1265,2142
"1266",1266,2484
"1267",1267,2314
"1268",1268,2853
"1269",1269,2709
"1270",1270,2441
"1271",1271,2047
"1272",1272,2400
"1273",1273,2634
"1274",1274,2449
"1275",1275,2470
"1276",1276,2263
"1277",1277,2417
"1278",1278,2199
"1279",1279,2049
"1280",1280,2570
"1281",1281,2250
"1282",1282,2224
"1283",1283,2384
"1284",1284,2635
"1285",1285,2588
"1286",1286,2610
"1287",1287,2343
"1288",1288,2457
"1289",1289,2106
"1290",1290,1878
"1291",1291,2127
"1292",1292,2326
"1293",1293,1928
"1294",1294,2061
"1295",1295,2042
"1296",1296,1903
"1297",1297,1790
"1298",1298,2330
"1299",1299,2571
"1300",1300,2378
"1301",1301,2354
"1302",1302,2210
"1303",1303,2361
"1304",1304,2309
"1305",1305,2326
"1306",1306,2301
"1307",1307,2346
"1308",1308,1978
"1309",1309,2190
"1310",1310,1937
"1311",1311,2589
"1312",1312,2038
"1313",1313,2353
"1314",1314,2570
"1315",1315,2379
"1316",1316,2486
"1317",1317,2176
"1318",1318,2192
"1319",1319,2297
"1320",1320,2034
"1321",1321,2012
"1322",1322,1994
"1323",1323,2090
"1324",1324,2014
"1325",1325,2063
"1326",1326,1881
"1327",1327,2168
"1328",1328,2243
"1329",1329,2482
"1330",1330,2370
"1331",1331,2064
"1332",1332,2050
"1333",1333,2463
"1334",1334,2573
"1335",1335,2408
"1336",1336,2322
"1337",1337,2195
"1338",1338,2281
"1339",1339,2221
"1340",1340,2058
"1341",1341,2159
"1342",1342,2065
"1343",1343,2531
"1344",1344,2378
"1345",1345,2180
"1346",1346,2229
"1347",1347,2170
"1348",1348,2539
"1349",1349,2046
"1350",1350,2668
"1351",1351,2596
"1352",1352,2300
"1353",1353,2274
"1354",1354,1907
"1355",1355,1980
"1356",1356,1826
"1357",1357,1842
"1358",1358,2473
"1359",1359,2018
"1360",1360,2007
"1361",1361,1835
"1362",1362,1848
"1363",1363,1920
"1364",1364,2074
"1365",1365,2146
"1366",1366,2164
"1367",1367,1936
"1368",1368,1961
"1369",1369,1702
"1370",1370,1802
"1371",1371,2170
"1372",1372,2349
"1373",1373,1987
"1374",1374,1925
"1375",1375,1781
"1376",1376,1914
"1377",1377,1975
"1378",1378,1788
"1379",1379,2044
"1380",1380,2311
"1381",1381,2177
"1382",1382,2130
"1383",1383,2116
"1384",1384,2079
"1385",1385,2206
"1386",1386,2279
"1387",1387,2201
"1388",1388,1898
"1389",1389,2195
"1390",1390,2126
"1391",1391,1790
"1392",1392,1877
"1393",1393,2107
"1394",1394,2227
"1395",1395,1975
"1396",1396,1905
"1397",1397,1802
"1398",1398,1823
"1399",1399,1965
"1400",1400,1943
"1401",1401,1846
"1402",1402,2002
"1403",1403,1798
"1404",1404,1731
"1405",1405,1760
"1406",1406,1841
"1407",1407,1676
"1408",1408,2103
"1409",1409,2325
"1410",1410,2414
"1411",1411,2211
"1412",1412,2077
"1413",1413,2064
"1414",1414,2046
"1415",1415,1999
"1416",1416,1997
"1417",1417,2285
"1418",1418,2198
"1419",1419,2749
"1420",1420,2558
"1421",1421,2250
"1422",1422,2449
"1423",1423,2463
"1424",1424,2074
"1425",1425,2202
"1426",1426,1879
"1427",1427,1863
"1428",1428,1778
"1429",1429,2543
"1430",1430,2857
"1431",1431,2963
"1432",1432,2534
"1433",1433,2863
"1434",1434,2271
"1435",1435,2272
"1436",1436,2687
"1437",1437,2817
"1438",1438,2395
"1439",1439,2483
"1440",1440,2423
"1441",1441,2412
"1442",1442,2477
"1443",1443,2219
"1444",1444,2438
"1445",1445,2614
"1446",1446,2741
"1447",1447,2995
"1448",1448,2613
"1449",1449,2624
"1450",1450,2637
"1451",1451,2615
"1452",1452,2281
"1453",1453,2533
"1454",1454,2146
"1455",1455,2207
"1456",1456,2005
"1457",1457,2520
"1458",1458,2445
"1459",1459,2534
"1460",1460,2457
"1461",1461,2258
"1462",1462,2857
"1463",1463,2603
"1464",1464,2793
"1465",1465,2936
"1466",1466,2535
"1467",1467,2605
"1468",1468,2521
"1469",1469,2236
"1470",1470,2174
"1471",1471,2319
"1472",1472,2112
"1473",1473,1885
"1474",1474,2173
"1475",1475,2068
"1476",1476,2177
"1477",1477,2833
"1478",1478,2431
"1479",1479,1975
"1480",1480,2100
"1481",1481,2417
"1482",1482,2118
"1483",1483,2126
"1484",1484,2402
"1485",1485,2565
"1486",1486,2648
"1487",1487,2381
"1488",1488,2494
"1489",1489,2173
"1490",1490,2151
"1491",1491,2624
"1492",1492,2136
"1493",1493,2687
"1494",1494,2621
"1495",1495,2438
"1496",1496,1989
"1497",1497,2169
"1498",1498,2135
"1499",1499,2025
"1500",1500,2022
"1501",1501,2718
"1502",1502,2495
"1503",1503,2229
"1504",1504,2159
"1505",1505,2584
"1506",1506,2547
"1507",1507,2417
"1508",1508,2482
"1509",1509,2386
"1510",1510,2490
"1511",1511,2655
"1512",1512,2444
"1513",1513,2961
"1514",1514,2665
"1515",1515,2451
"1516",1516,2545
"1517",1517,3171
"1518",1518,2740
"1519",1519,2362
"1520",1520,2182
"1521",1521,2341
"1522",1522,2196
"1523",1523,2431
"1524",1524,2425
"1525",1525,2950
"1526",1526,3128
"1527",1527,2821
"1528",1528,2428
"1529",1529,2385
"1530",1530,2985
"1531",1531,2390
"1532",1532,2896
"1533",1533,2785
"1534",1534,2435
"1535",1535,2572
"1536",1536,2687
"1537",1537,2352
"1538",1538,2136
"1539",1539,2124
"1540",1540,2283
"1541",1541,2423
"1542",1542,2517
"1543",1543,2386
"1544",1544,2323
"1545",1545,2718
"1546",1546,2417
"1547",1547,2893
"1548",1548,2800
"1549",1549,2489
"1550",1550,2371
"1551",1551,2618
"1552",1552,2454
"1553",1553,2323
"1554",1554,2637
"1555",1555,2758
"1556",1556,2986
"1557",1557,2696
"1558",1558,2685
"1559",1559,2776
"1560",1560,2479
"1561",1561,2802
"1562",1562,2948
"1563",1563,3046
"1564",1564,2919
"1565",1565,2666
"1566",1566,2345
"1567",1567,2637
"1568",1568,2617
"1569",1569,2574
"1570",1570,2447
"1571",1571,2408
"1572",1572,2854
"1573",1573,2742
"1574",1574,2667
"1575",1575,2500
"1576",1576,2388
"1577",1577,2296
"1578",1578,2185
"1579",1579,2291
"1580",1580,2223
"1581",1581,2653
"1582",1582,2708
"1583",1583,3047
"1584",1584,2766
"1585",1585,2620
"1586",1586,2256
"1587",1587,2594
"1588",1588,2754
"1589",1589,2608
"1590",1590,2554
"1591",1591,2666
"1592",1592,2294
"1593",1593,2989
"1594",1594,2617
"1595",1595,2715
"1596",1596,3053
"1597",1597,2780
"1598",1598,2726
"1599",1599,2889
"1600",1600,2963
"1601",1601,2733
"1602",1602,2899
"1603",1603,2994
"1604",1604,3058
"1605",1605,2787
"1606",1606,2331
"1607",1607,2749
"1608",1608,3210
"1609",1609,2953
"1610",1610,2781
"1611",1611,2786
"1612",1612,3205
"1613",1613,2728
"1614",1614,2843
"1615",1615,2634
"1616",1616,2641
"1617",1617,2830
"1618",1618,2981
"1619",1619,3331
"1620",1620,3382
"1621",1621,2672
"1622",1622,3092
"1623",1623,2892
"1624",1624,2757
"1625",1625,2801
"1626",1626,3286
"1627",1627,2870
"1628",1628,2969
"1629",1629,3262
"1630",1630,2922
"1631",1631,2715
"1632",1632,2951
"1633",1633,3544
"1634",1634,3108
"1635",1635,2822
"1636",1636,3015
"1637",1637,3081
"1638",1638,2798
"1639",1639,3062
"1640",1640,3323
"1641",1641,3324
"1642",1642,3340
"1643",1643,3412
"1644",1644,3189
"1645",1645,3125
"1646",1646,3044
"1647",1647,3221
"1648",1648,3138
"1649",1649,3192
"1650",1650,3147
"1651",1651,3074
"1652",1652,3466
"1653",1653,3492
"1654",1654,3622
"1655",1655,3009
"1656",1656,2914
"1657",1657,2871
"1658",1658,2854
"1659",1659,3493
"1660",1660,3301
"1661",1661,2928
"1662",1662,3286
"1663",1663,3047
"1664",1664,3051
"1665",1665,3139
"1666",1666,2993
"1667",1667,3314
"1668",1668,3063
"1669",1669,3481
"1670",1670,3815
"1671",1671,3326
"1672",1672,3224
"1673",1673,2729
"1674",1674,2498
"1675",1675,2723
"1676",1676,3015
"1677",1677,3427
"1678",1678,3452
"1679",1679,3507
"1680",1680,3580
"1681",1681,2927
"1682",1682,2714
"1683",1683,2810
"1684",1684,2477
"1685",1685,3455
"1686",1686,3926
"1687",1687,3410
"1688",1688,2948
"1689",1689,2909
"1690",1690,2991
"1691",1691,2890
"1692",1692,3174
"1693",1693,3143
"1694",1694,3099
"1695",1695,2831
"1696",1696,2546
"1697",1697,2957
"1698",1698,3176
"1699",1699,3563
"1700",1700,2928
"1701",1701,2804
"1702",1702,3461
"1703",1703,3257
"1704",1704,2991
"1705",1705,2869
"1706",1706,2686
"1707",1707,2998
"1708",1708,2624
"1709",1709,2568
"1710",1710,2907
"1711",1711,2644
"1712",1712,2693
"1713",1713,2689
"1714",1714,2588
"1715",1715,2399
"1716",1716,2585
"1717",1717,2504
"1718",1718,2487
"1719",1719,2878
"1720",1720,3071
"1721",1721,3040
"1722",1722,2915
"1723",1723,3416
"1724",1724,3272
"1725",1725,3001
"1726",1726,2797
"1727",1727,2858
"1728",1728,3448
"1729",1729,3316
"1730",1730,3194
"1731",1731,3011
"1732",1732,3784
"1733",1733,3252
"1734",1734,3491
"1735",1735,3940
"1736",1736,3093
"1737",1737,3593
"1738",1738,2989
"1739",1739,3078
"1740",1740,3084
"1741",1741,2990
"1742",1742,3087
"1743",1743,3102
"1744",1744,3106
"1745",1745,3283
"1746",1746,2890
"1747",1747,3179
"1748",1748,3198
"1749",1749,3695
"1750",1750,3519
"1751",1751,3540
"1752",1752,3454
"1753",1753,2935
"1754",1754,2811
"1755",1755,2907
"1756",1756,2772
"1757",1757,2983
"1758",1758,2766
"1759",1759,2738
"1760",1760,2779
"1761",1761,2956
"1762",1762,2659
"1763",1763,2757
"1764",1764,2955
"1765",1765,2712
"1766",1766,3128
"1767",1767,3044
"1768",1768,2846
"1769",1769,2600
"1770",1770,3341
"1771",1771,3231
"1772",1772,3439
"1773",1773,2996
"1774",1774,2784
"1775",1775,3073
"1776",1776,3288
"1777",1777,2896
"1778",1778,2912
"1779",1779,2880
"1780",1780,3293
"1781",1781,2931
"1782",1782,3091
"1783",1783,3358
"1784",1784,3356
"1785",1785,3151
"1786",1786,3423
"1787",1787,3160
"1788",1788,3233
"1789",1789,3369
"1790",1790,3435
"1791",1791,3493
"1792",1792,3639
"1793",1793,3216
"1794",1794,3076
"1795",1795,3284
"1796",1796,3182
"1797",1797,2976
"1798",1798,2901
"1799",1799,3124
"1800",1800,3999
"1801",1801,3478
"1802",1802,3692
"1803",1803,3161
"1804",1804,3795
"1805",1805,3241
"1806",1806,3102
"1807",1807,3272
"1808",1808,3532
"1809",1809,3334
"1810",1810,3135
"1811",1811,3684
"1812",1812,3270
"1813",1813,3216
"1814",1814,2676
"1815",1815,2931
"1816",1816,2724
"1817",1817,2866
"1818",1818,2792
"1819",1819,3058
"1820",1820,3244
"1821",1821,3449
"1822",1822,3252
"1823",1823,3271
"1824",1824,3274
"1825",1825,3164
"1826",1826,3113
"1827",1827,3120
"1828",1828,3482
"1829",1829,3489
"1830",1830,3782
"1831",1831,3409
"1832",1832,3034
"1833",1833,3369
"1834",1834,3759
"1835",1835,3727
"1836",1836,3264
"1837",1837,3244
"1838",1838,3390
"1839",1839,3269
"1840",1840,3190
"1841",1841,3027
"1842",1842,3362
"1843",1843,3201
"1844",1844,3455
"1845",1845,3343
"1846",1846,3563
"1847",1847,3232
"1848",1848,3398
"1849",1849,3036
"1850",1850,3215
"1851",1851,3018
"1852",1852,3049
"1853",1853,3262
"1854",1854,3050
"1855",1855,3302
"1856",1856,3801
"1857",1857,3425
"1858",1858,3512
"1859",1859,3481
"1860",1860,3127
"1861",1861,3379
"1862",1862,3112
"1863",1863,2898
"1864",1864,3176
"1865",1865,3262
"1866",1866,3220
"1867",1867,3525
"1868",1868,3595
"1869",1869,3669
"1870",1870,3710
"1871",1871,3813
"1872",1872,4006
"1873",1873,3831
"1874",1874,3378
"1875",1875,2862
"1876",1876,3604
"1877",1877,3413
"1878",1878,3746
"1879",1879,3602
"1880",1880,3763
"1881",1881,3943
"1882",1882,3616
"1883",1883,3102
"1884",1884,3609
"1885",1885,3582
"1886",1886,3570
"1887",1887,3820
"1888",1888,3875
"1889",1889,3549
"1890",1890,3756
"1891",1891,3485
"1892",1892,3583
"1893",1893,3489
"1894",1894,3053
"1895",1895,2949
"1896",1896,2936
"1897",1897,3434
"1898",1898,3414
"1899",1899,3142
"1900",1900,3580
"1901",1901,3284
"1902",1902,3853
"1903",1903,3633
"1904",1904,3641
"1905",1905,3069
"1906",1906,3195
"1907",1907,3405
"1908",1908,3252
"1909",1909,3526
"1910",1910,3773
"1911",1911,3537
"1912",1912,3242
"1913",1913,3872
"1914",1914,3605
"1915",1915,3938
"1916",1916,3295
"1917",1917,3768
"1918",1918,3590
"1919",1919,3294
"1920",1920,3436
"1921",1921,3559
"1922",1922,3556
"1923",1923,3588
"1924",1924,4159
"1925",1925,3795
"1926",1926,3400
"1927",1927,3352
"1928",1928,3713
"1929",1929,3297
"1930",1930,3298
"1931",1931,3398
"1932",1932,3412
"1933",1933,3487
"1934",1934,3400
"1935",1935,3508
"1936",1936,3578
"1937",1937,3346
"1938",1938,3506
"1939",1939,3506
"1940",1940,3183
"1941",1941,3803
"1942",1942,3577
"1943",1943,3620
"1944",1944,3516
"1945",1945,3642
"1946",1946,3253
"1947",1947,3407
"1948",1948,3621
"1949",1949,3614
"1950",1950,3547
"1951",1951,3900
"1952",1952,3836
"1953",1953,4680
"1954",1954,4339
"1955",1955,4114
"1956",1956,3568
"1957",1957,3848
"1958",1958,3772
"1959",1959,4011
"1960",1960,3353
"1961",1961,3779
"1962",1962,4170
"1963",1963,3901
"1964",1964,3657
"1965",1965,3691
"1966",1966,3606
"1967",1967,3557
"1968",1968,4148
"1969",1969,3731
"1970",1970,3749
"1971",1971,4129
"1972",1972,4139
"1973",1973,3516
"1974",1974,3364
"1975",1975,3630
"1976",1976,3975
"1977",1977,3466
"1978",1978,3384
"1979",1979,3480
"1980",1980,4286
"1981",1981,3842
"1982",1982,4016
"1983",1983,3836
"1984",1984,3431
"1985",1985,3721
"1986",1986,3488
"1987",1987,4032
"1988",1988,3713
"1989",1989,3852
"1990",1990,3599
"1991",1991,3933
"1992",1992,3646
"1993",1993,3722
"1994",1994,3410
"1995",1995,3221
"1996",1996,3234
"1997",1997,3651
"1998",1998,3568
"1999",1999,3479
"2000",2000,3189
