"","time","MR_mean_summ","MR_sd_summ","maladaptation_time"
"1",1,0.718992199669591,0.282407912016793,0
"2",2,0.718917915987167,0.281663912831686,1
"3",3,0.725003432147246,0.280996945319939,0
"4",4,0.705394974492792,0.27862250311113,0
"5",5,0.719986245086067,0.273402849920128,0
"6",6,0.716692790698565,0.278877895951308,0
"7",7,0.688778992599452,0.291630098547674,0
"8",8,0.707925691735538,0.280407512539074,1
"9",9,0.714300219113743,0.274879653425675,1
"10",10,0.693241127123986,0.283854412297053,1
"11",11,0.69230599450353,0.279406975419718,1
"12",12,0.706948274870651,0.277576322482257,1
"13",13,0.715946277899491,0.275989769661257,0
"14",14,0.70781688047095,0.274468643229556,1
"15",15,0.704918432725024,0.271825533061203,0
"16",16,0.709303239645641,0.271381897686061,1
"17",17,0.7018227283293,0.271426901839362,1
"18",18,0.709722783515108,0.269900907084856,1
"19",19,0.701963531178429,0.269396814538773,1
"20",20,0.680573006355184,0.288389213856322,0
"21",21,0.677413225709011,0.286322875184617,0
"22",22,0.676844010755816,0.283445139411928,0
"23",23,0.686141823714149,0.280205612559973,1
"24",24,0.690430859455448,0.280318183308594,0
"25",25,0.693313375407632,0.273761766261046,0
"26",26,0.702640906703327,0.271916524852442,0
"27",27,0.709781194201021,0.271798268614384,1
"28",28,0.701793794594256,0.271433859177843,1
"29",29,0.700763993860665,0.274062570748045,0
"30",30,0.704307178450664,0.276036409068414,0
"31",31,0.701340361424803,0.278306098471814,1
"32",32,0.70573042298432,0.274695432198033,1
"33",33,0.708923899767738,0.269525347764957,0
"34",34,0.695127521613458,0.271339459473603,1
"35",35,0.681907585010647,0.272813784554356,0
"36",36,0.677710439648775,0.282872309028478,0
"37",37,0.684499950894289,0.277903176982369,0
"38",38,0.692873556626294,0.274805268438965,0
"39",39,0.703926810411083,0.270442479867378,0
"40",40,0.703355311912893,0.276724358749187,0
"41",41,0.690156563897195,0.27692202894523,1
"42",42,0.684917292534247,0.27917606009076,1
"43",43,0.686350182634063,0.275118491280433,1
"44",44,0.660960781430197,0.287028353954077,0
"45",45,0.668837563780209,0.280740949705848,1
"46",46,0.675173781927504,0.279742685484971,1
"47",47,0.685811416272076,0.274931448949562,0
"48",48,0.679372504552227,0.277425819672973,1
"49",49,0.684663882963199,0.273395853397519,1
"50",50,0.678214448922649,0.276632297517123,1
"51",51,0.677426950629066,0.275649515590089,0
"52",52,0.693075868276138,0.2726385454321,0
"53",53,0.69006165611508,0.273633546356288,1
"54",54,0.695381313962322,0.272372129793015,0
"55",55,0.68839168483225,0.276263253530631,0
"56",56,0.686481614834315,0.273480255681357,1
"57",57,0.687185959375111,0.275277657032075,0
"58",58,0.686703566804031,0.275214365137082,1
"59",59,0.696153458203826,0.27361960406929,0
"60",60,0.68005744806481,0.272385754325823,0
"61",61,0.66740254936282,0.276183063914967,0
"62",62,0.676647692374187,0.274560461753893,0
"63",63,0.682258354291722,0.271935381083507,1
"64",64,0.670935564967615,0.27438116672645,0
"65",65,0.680630218260018,0.272506376109662,0
"66",66,0.684990751155606,0.273842111079354,1
"67",67,0.685230340026903,0.271593785306319,1
"68",68,0.690257592956943,0.270983600469251,1
"69",69,0.684773292151514,0.270194562334329,1
"70",70,0.687419498218846,0.273883949045104,0
"71",71,0.689886482747348,0.269816367369731,1
"72",72,0.703029481848099,0.26832974916919,0
"73",73,0.691819296343191,0.270992550902122,0
"74",74,0.686276021860254,0.271054598755388,0
"75",75,0.681506750405423,0.272110465445945,0
"76",76,0.68661900573309,0.271482226859606,1
"77",77,0.684213163327346,0.271424242277569,1
"78",78,0.689082826875135,0.269154532402764,0
"79",79,0.688136259567225,0.268748421046514,0
"80",80,0.68829242473658,0.266325444356292,0
"81",81,0.694098794146409,0.265641607360096,1
"82",82,0.690347381304739,0.26364805921186,1
"83",83,0.676013549858947,0.271366423452023,0
"84",84,0.684274371293223,0.267647212388651,0
"85",85,0.678786619824409,0.268085414850947,1
"86",86,0.681188904183011,0.267406982668317,1
"87",87,0.674922730845975,0.269440727012426,1
"88",88,0.672576282574137,0.274463578539327,0
"89",89,0.666194980227922,0.274046796270088,0
"90",90,0.668980405502997,0.272113965819265,1
"91",91,0.673691660616295,0.267658770466679,0
"92",92,0.670866775997935,0.268133147228527,1
"93",93,0.668916145565404,0.266474017268131,1
"94",94,0.667307174264468,0.268158331320281,1
"95",95,0.672798422740279,0.267501996375553,0
"96",96,0.670419403434645,0.270432453383857,0
"97",97,0.677721517622364,0.266158746144872,1
"98",98,0.682202199183423,0.266104559684142,0
"99",99,0.677006393661832,0.268453472218623,0
"100",100,0.685741047857045,0.266247040485225,0
"101",101,0.685777133173325,0.266310414042672,0
"102",102,0.682422722298856,0.267068072683423,1
"103",103,0.677253525106762,0.26999699007864,0
"104",104,0.675756308828938,0.269150005687557,0
"105",105,0.676775551775562,0.269631719135506,0
"106",106,0.676588759584491,0.269731535440929,1
"107",107,0.674558412879271,0.267148921997794,0
"108",108,0.673315230133138,0.267131969309048,1
"109",109,0.668213293975805,0.271313971219191,0
"110",110,0.667285159648071,0.26944166381536,1
"111",111,0.668311270261703,0.26989496623789,1
"112",112,0.676694050740956,0.267647497587055,0
"113",113,0.676139415974221,0.267976764432046,1
"114",114,0.67425888840387,0.26611683383326,0
"115",115,0.674886377484386,0.265084360084072,1
"116",116,0.667028197303622,0.270937083935842,0
"117",117,0.669037061267122,0.266615508043079,1
"118",118,0.67440041547323,0.266696313487524,0
"119",119,0.680939042250705,0.265611274933788,0
"120",120,0.676343009541821,0.265956449926095,0
"121",121,0.679053688112339,0.26258620836373,0
"122",122,0.677867350757036,0.263268910935934,1
"123",123,0.678847123312953,0.262785464367949,1
"124",124,0.678216993781866,0.265210106583266,0
"125",125,0.683682034705101,0.262471046778728,0
"126",126,0.676817252436369,0.264974524627566,1
"127",127,0.66617349110953,0.267190057114815,0
"128",128,0.661638710713982,0.267355714997469,0
"129",129,0.666722271256805,0.265210875298222,1
"130",130,0.670583233620719,0.265423385142105,1
"131",131,0.668441284068615,0.267245818925447,1
"132",132,0.666278285259012,0.26645697673744,0
"133",133,0.6724811145266,0.263576664536582,1
"134",134,0.670669479191006,0.265030901811643,1
"135",135,0.668136420866346,0.263807599130483,0
"136",136,0.664841107408927,0.264457964731,0
"137",137,0.649605998181944,0.271298454018247,0
"138",138,0.654724375257094,0.268188973873685,0
"139",139,0.663616082968259,0.266050870585384,0
"140",140,0.670907720012544,0.265079452131701,0
"141",141,0.670178910550329,0.265224660586684,1
"142",142,0.676339483204723,0.263125636181371,1
"143",143,0.677504680301235,0.262041426067035,0
"144",144,0.673161471449824,0.265415751182821,1
"145",145,0.677384745965428,0.264462517397043,0
"146",146,0.677679820354394,0.263558651453718,0
"147",147,0.68166378687996,0.263730496487631,0
"148",148,0.673023352312684,0.264032723899603,1
"149",149,0.673077126251699,0.265511446294509,0
"150",150,0.670753565847121,0.266042944878154,1
"151",151,0.674178315136734,0.264732746032802,1
"152",152,0.676070763774886,0.262985393731035,1
"153",153,0.678843427712634,0.261850558930967,0
"154",154,0.66938319997778,0.261126581385583,0
"155",155,0.670627101334562,0.261648775656536,1
"156",156,0.673275626333723,0.261993508332776,0
"157",157,0.672367564072735,0.26257628143355,1
"158",158,0.672712491609388,0.260651411880334,0
"159",159,0.672643077496905,0.260618810703866,1
"160",160,0.672614874919761,0.260438110581884,1
"161",161,0.670766592007396,0.261050452791492,1
"162",162,0.669424748271013,0.26076938323249,0
"163",163,0.668205100069788,0.261285634843187,1
"164",164,0.665077939181064,0.261913106622916,0
"165",165,0.663283550727962,0.264414544595227,1
"166",166,0.679193563377967,0.262225257627511,1
"167",167,0.6785218845966,0.260742843850716,1
"168",168,0.673070875915005,0.261933167757246,1
"169",169,0.673653122458931,0.261873860486435,1
"170",170,0.677090954742159,0.260746163889447,1
"171",171,0.686231354308566,0.26133339000644,1
"172",172,0.672677932537329,0.263327386532276,0
"173",173,0.677350651776135,0.261816493479534,1
"174",174,0.673977687322956,0.26014871312398,0
"175",175,0.679251315980963,0.259780562357558,0
"176",176,0.676815553037018,0.261047259172217,1
"177",177,0.674552479614541,0.260473601221716,0
"178",178,0.673008147235507,0.261551022743416,0
"179",179,0.672149486889267,0.263777293226056,0
"180",180,0.681652426169865,0.262475522790148,0
"181",181,0.672913350499044,0.26342572615683,1
"182",182,0.674521376723925,0.261159534053006,1
"183",183,0.673583219505791,0.262136212861086,0
"184",184,0.680907195474552,0.259774066325058,0
"185",185,0.675276971395444,0.26026005382311,0
"186",186,0.680166069234506,0.25828940067675,0
"187",187,0.688269330694829,0.258229668646854,0
"188",188,0.679638618417502,0.260233785213877,0
"189",189,0.680314576600117,0.260324389779294,1
"190",190,0.671509030048499,0.260318060419361,1
"191",191,0.669443877868958,0.261815890935945,1
"192",192,0.666809400647056,0.263167135518262,1
"193",193,0.671537849102085,0.260751949733602,0
"194",194,0.675622754401138,0.258178587386803,0
"195",195,0.675481808469826,0.258969967232525,0
"196",196,0.672676674914658,0.257111741708325,1
"197",197,0.662790038465256,0.260556043839707,1
"198",198,0.670733207648895,0.260938285083861,0
"199",199,0.666413957038553,0.260245650184805,1
"200",200,0.66443888107785,0.259753236719935,1
"201",201,0.667049380019368,0.260219114832456,0
"202",202,0.659635035579787,0.259905966694098,0
"203",203,0.660440978495059,0.259866535508017,0
"204",204,0.662346857021719,0.259826096721825,1
"205",205,0.670404725968912,0.258547412088689,0
"206",206,0.667637864013658,0.260031900952227,1
"207",207,0.679942102784569,0.258774132316129,0
"208",208,0.675712538656353,0.259090899528291,1
"209",209,0.67626332274211,0.257832821584699,0
"210",210,0.682028051520128,0.257346084284932,0
"211",211,0.683727858734522,0.255850054844918,0
"212",212,0.684093414800984,0.254178623527642,0
"213",213,0.673859542247747,0.260044315575305,0
"214",214,0.671063091109446,0.259115615153392,0
"215",215,0.678219526892724,0.256444269649344,0
"216",216,0.667575745227967,0.258913904724017,0
"217",217,0.66410840201039,0.260183009462317,0
"218",218,0.65728261137755,0.264643731929841,0
"219",219,0.659223734533179,0.259725814001118,0
"220",220,0.662575170765521,0.258758443102197,1
"221",221,0.663050037052006,0.259231175687722,1
"222",222,0.66721817698588,0.259444567161129,1
"223",223,0.664617097509195,0.260595674118678,0
"224",224,0.661826516832264,0.263310549764796,0
"225",225,0.663251406927075,0.261938056266412,1
"226",226,0.668768175544658,0.261343468391459,0
"227",227,0.668548744249422,0.262024741576506,0
"228",228,0.673850624156789,0.25766684031272,0
"229",229,0.669030006572771,0.258917652277714,1
"230",230,0.663808201070219,0.261359062768766,1
"231",231,0.668943254189217,0.259054830109737,1
"232",232,0.674628246411662,0.260760955121167,1
"233",233,0.678218737200041,0.258119259948257,1
"234",234,0.6760392073616,0.257236597883956,1
"235",235,0.677741131874719,0.259284391203593,0
"236",236,0.674912081218221,0.260103284044182,1
"237",237,0.679708353852618,0.25788327762288,1
"238",238,0.679528173735848,0.256556718673084,1
"239",239,0.673724056078767,0.258873210413021,1
"240",240,0.685999659476662,0.25617827829623,0
"241",241,0.675985027025623,0.258723757575954,1
"242",242,0.678174856146174,0.256601226925412,0
"243",243,0.669052420955925,0.259017964512783,0
"244",244,0.674975586952251,0.257752787851549,1
"245",245,0.671853708476711,0.259278373246548,1
"246",246,0.676270623543012,0.257644718006142,0
"247",247,0.673379952814164,0.256802923486916,1
"248",248,0.670632049751173,0.258724058134664,0
"249",249,0.671730026996789,0.2588235845399,1
"250",250,0.673738510539151,0.258429981354428,0
"251",251,0.676576629817681,0.258588912991288,1
"252",252,0.674522073055959,0.25730935592598,1
"253",253,0.672739873199087,0.257886239543765,1
"254",254,0.673873986798047,0.257722275310724,0
"255",255,0.67589087485077,0.255297734325228,0
"256",256,0.673484642189925,0.256249349757033,1
"257",257,0.668202940683233,0.255994161818438,1
"258",258,0.668521162921652,0.254370076986774,0
"259",259,0.671350102817263,0.253367817131948,1
"260",260,0.669689099893559,0.254405055029301,1
"261",261,0.674195253994483,0.252753507375648,0
"262",262,0.677068817800729,0.252779689865803,1
"263",263,0.66790032312185,0.253573292847845,1
"264",264,0.683450800885842,0.254058284202279,0
"265",265,0.68190626513249,0.252428943180606,1
"266",266,0.683120181728885,0.25150396128901,1
"267",267,0.680981039016046,0.25289593776531,1
"268",268,0.680180339560237,0.251896459705922,0
"269",269,0.679376556550167,0.252107730032231,0
"270",270,0.680981259461256,0.25034374759815,0
"271",271,0.68940848309308,0.247762960200672,0
"272",272,0.688027551078618,0.247074028459644,0
"273",273,0.684686065094201,0.247836826989845,1
"274",274,0.681304876469456,0.248876030247469,0
"275",275,0.684299159698758,0.250231323149133,0
"276",276,0.667977471280476,0.258562764753556,0
"277",277,0.672624857921228,0.255925446808445,1
"278",278,0.672906484342266,0.2558200769947,1
"279",279,0.67178012682543,0.255285387423405,1
"280",280,0.672065201716786,0.255884763203344,1
"281",281,0.671176282341439,0.255262198367471,0
"282",282,0.671922181574963,0.255519817507415,1
"283",283,0.674534013431364,0.25700106166627,0
"284",284,0.675864710979982,0.254364490142913,1
"285",285,0.671547836892409,0.255035365713084,1
"286",286,0.671366588316162,0.256560461904553,0
"287",287,0.672658553037308,0.254570961521168,1
"288",288,0.677052663584462,0.254063461909639,0
"289",289,0.683978238943022,0.254273413406217,0
"290",290,0.677794390000075,0.255650898756295,1
"291",291,0.67260173797908,0.25660503143048,0
"292",292,0.677492984853381,0.25575335743925,1
"293",293,0.689959107542383,0.253968107500432,0
"294",294,0.700264229946183,0.252576333129806,0
"295",295,0.686857669516151,0.257722620755164,0
"296",296,0.693852232319336,0.254803092892661,0
"297",297,0.686169113807518,0.254873483015355,1
"298",298,0.689491503903509,0.25326910463614,0
"299",299,0.676449314809377,0.257808307903477,0
"300",300,0.681341832572434,0.255578046941986,1
"301",301,0.693705162007383,0.253080053058813,0
"302",302,0.678374063762629,0.258027850843005,0
"303",303,0.678485769602211,0.253994329033907,0
"304",304,0.67745163866708,0.253758545719562,1
"305",305,0.677603649941334,0.253392678137425,1
"306",306,0.678484022321577,0.25355862653086,1
"307",307,0.68369028198708,0.253141741436322,0
"308",308,0.671865068394364,0.2560652427893,1
"309",309,0.680098592719627,0.255200112248012,0
"310",310,0.681836748395689,0.25511915615716,1
"311",311,0.678183806764414,0.254464317780698,1
"312",312,0.675081768134138,0.255182997452766,1
"313",313,0.678225297604261,0.255104481189641,1
"314",314,0.671057267371075,0.257841928634278,1
"315",315,0.675682656211929,0.254588491365459,0
"316",316,0.668144821883874,0.259006030097182,1
"317",317,0.664912037288154,0.260176702018182,1
"318",318,0.666481342786208,0.260943546985283,1
"319",319,0.670094894797881,0.258815392394023,1
"320",320,0.668406615142305,0.258168793484597,0
"321",321,0.668767218296234,0.257117663563412,0
"322",322,0.667577778692204,0.257800948151486,1
"323",323,0.669623046917943,0.256525192597423,1
"324",324,0.672080323158341,0.256858267719352,1
"325",325,0.674961902749604,0.257388384420321,1
"326",326,0.683351388621792,0.25467760325141,0
"327",327,0.678954506122593,0.253962083709729,1
"328",328,0.678523218902376,0.255087188769018,1
"329",329,0.676362314706825,0.2541819048812,1
"330",330,0.674914535301904,0.257745688989973,0
"331",331,0.6709259026144,0.259013789045243,1
"332",332,0.666638264976183,0.25828051022089,1
"333",333,0.674731993345718,0.255423614665176,1
"334",334,0.671130929157928,0.255732442731227,0
"335",335,0.66810185256976,0.258176131455202,0
"336",336,0.658334745241398,0.258117657867493,1
"337",337,0.664395461086539,0.256552424710275,1
"338",338,0.671732615760838,0.254173994315899,0
"339",339,0.674169215519123,0.255988240670445,0
"340",340,0.67168723979845,0.255450286289828,0
"341",341,0.659762256786345,0.259850171173916,1
"342",342,0.669042189524146,0.257297217123958,1
"343",343,0.668392441516441,0.257989891144427,0
"344",344,0.668245937844131,0.257076852240146,1
"345",345,0.666529919736881,0.255853449255617,1
"346",346,0.665282031108849,0.257147106744907,0
"347",347,0.65914168352002,0.256917237716256,0
"348",348,0.664621233649603,0.259875864616896,0
"349",349,0.670084059420728,0.259207201734359,1
"350",350,0.668618930649961,0.259661014593183,0
"351",351,0.659891624282051,0.261682442813355,1
"352",352,0.664812836599651,0.259650469485095,1
"353",353,0.665036000991517,0.259764821225894,0
"354",354,0.665827008743631,0.260816800355975,1
"355",355,0.657053828771616,0.262847061506674,1
"356",356,0.658579148595396,0.261344685761919,1
"357",357,0.6613159896577,0.258473602936628,0
"358",358,0.670326951060516,0.257792768834098,0
"359",359,0.673786210331625,0.256359013784154,0
"360",360,0.670562609816674,0.259569109810639,0
"361",361,0.666108912452062,0.264498889275451,0
"362",362,0.664095435286755,0.264161748123905,1
"363",363,0.669739211903407,0.261422441384691,1
"364",364,0.661766068685587,0.260695940367568,0
"365",365,0.67612371900867,0.257764950273999,1
"366",366,0.676602601867343,0.257882453014304,1
"367",367,0.669114884553019,0.258627189287048,1
"368",368,0.66046331365862,0.261124091740659,1
"369",369,0.671302635806004,0.258369982131743,1
"370",370,0.668500901274496,0.257535569547883,0
"371",371,0.661973597392813,0.258155058670329,1
"372",372,0.667491947426633,0.25813733270413,1
"373",373,0.671317342591322,0.255716545838123,1
"374",374,0.666029318386523,0.256954718810377,1
"375",375,0.664638484850068,0.257164600861317,1
"376",376,0.661290958210884,0.25870482837284,1
"377",377,0.661264367364583,0.257308693420587,0
"378",378,0.659853504838668,0.257962310823683,0
"379",379,0.664176268885154,0.256690776768815,0
"380",380,0.674599407472498,0.255609836576331,0
"381",381,0.67587200648966,0.254436402522267,0
"382",382,0.672229067066273,0.255624190212841,1
"383",383,0.670037240467827,0.259438781256236,1
"384",384,0.672148703450081,0.257277841821178,1
"385",385,0.668410878376215,0.256119511122999,1
"386",386,0.668237321553496,0.255303816286042,1
"387",387,0.663863371113399,0.25558717737467,0
"388",388,0.655324769991928,0.259339079628498,0
"389",389,0.657189133676661,0.260123735466197,1
"390",390,0.652337970169591,0.260802094998345,0
"391",391,0.65397044243233,0.262157331721584,1
"392",392,0.650880967934961,0.263612975692785,1
"393",393,0.652664594530622,0.260252459480346,0
"394",394,0.656651543351788,0.259023868767334,0
"395",395,0.656943945432624,0.260972399906122,0
"396",396,0.662914593764881,0.259411772328597,0
"397",397,0.669469153113504,0.257726433416554,0
"398",398,0.658947370855714,0.260642850934306,0
"399",399,0.654955360551885,0.264670216984374,1
"400",400,0.657255731521454,0.263014719407105,1
"401",401,0.659183266661971,0.260612686632198,0
"402",402,0.657139844385693,0.260620517167525,1
"403",403,0.656695182390898,0.260132013510036,1
"404",404,0.652423685953073,0.260404672852968,0
"405",405,0.647493839026461,0.258200657457352,0
"406",406,0.658052144634091,0.255790498244931,0
"407",407,0.656537552119446,0.256887755440006,1
"408",408,0.658242364057881,0.25739992939766,0
"409",409,0.66231403830408,0.256825828363459,1
"410",410,0.656526964061529,0.25721829585897,1
"411",411,0.659475480578246,0.256298951175849,0
"412",412,0.661724362919367,0.256322423720738,0
"413",413,0.663504191587266,0.255534156282064,1
"414",414,0.652467096922325,0.258149575793133,1
"415",415,0.658401598776354,0.256783006388913,1
"416",416,0.651420352487124,0.261123453180683,0
"417",417,0.660545707970742,0.259146334956262,0
"418",418,0.653199984935856,0.25962629513358,0
"419",419,0.663724260824909,0.258438930323174,0
"420",420,0.660859191757327,0.257857803566446,1
"421",421,0.666096855270797,0.257620135204033,0
"422",422,0.663371664678284,0.258236635929943,1
"423",423,0.660365030709763,0.259807698455367,1
"424",424,0.665166113674699,0.256525073965127,1
"425",425,0.657464721905346,0.259286472798494,0
"426",426,0.651739587911232,0.259866340220173,0
"427",427,0.657662920236093,0.258976283457042,1
"428",428,0.661936186158661,0.258140559455344,0
"429",429,0.66051686442766,0.258318993322093,0
"430",430,0.654558659068334,0.259141953767076,0
"431",431,0.651018083705809,0.261154564501463,0
"432",432,0.653898865057822,0.257865377927621,0
"433",433,0.651894213698107,0.259794340840387,0
"434",434,0.650958017149556,0.259340587191203,0
"435",435,0.645683108298622,0.2616957445334,1
"436",436,0.648685471917661,0.261351024859132,1
"437",437,0.643475488120717,0.260762220348152,0
"438",438,0.655390030637571,0.258688375876301,1
"439",439,0.662721456268099,0.259155410451444,0
"440",440,0.657093031177861,0.263438941179806,1
"441",441,0.657443087212645,0.26296455047322,1
"442",442,0.657285165623761,0.260419867227649,1
"443",443,0.656921731626619,0.26344799626559,0
"444",444,0.651289450020723,0.266430799273127,1
"445",445,0.644527615500054,0.268575661614517,0
"446",446,0.643657557342883,0.266625803583061,1
"447",447,0.649278783135046,0.264360880041341,0
"448",448,0.649478937819224,0.261582953591525,0
"449",449,0.653076241512967,0.259478000291538,1
"450",450,0.654899644575763,0.259335382689745,0
"451",451,0.659221543763321,0.259776475058914,0
"452",452,0.665022258125806,0.257133916611849,0
"453",453,0.663109441758365,0.257536569836795,0
"454",454,0.659400257023556,0.259413483168644,0
"455",455,0.661346400150975,0.258040152061973,1
"456",456,0.661009316585279,0.25837271482775,0
"457",457,0.657690260686591,0.256780628722479,1
"458",458,0.65344219143004,0.257054031360199,0
"459",459,0.649620489032155,0.257606827259006,1
"460",460,0.646735296601083,0.257679564696684,0
"461",461,0.647897600906609,0.258603665756241,1
"462",462,0.652013486349869,0.256919635599717,1
"463",463,0.651580484444221,0.256524779613728,0
"464",464,0.646803582686332,0.258097235087875,1
"465",465,0.649424758819649,0.256757711475894,1
"466",466,0.655658058417858,0.257303583018472,0
"467",467,0.652884820687609,0.257890768216863,1
"468",468,0.654785496014684,0.25613559225909,0
"469",469,0.64519658591689,0.262033422967157,1
"470",470,0.651464463560329,0.25931678035431,0
"471",471,0.653411867431104,0.259885127758707,0
"472",472,0.648961087345439,0.260896369713666,0
"473",473,0.658373899387312,0.259286207368561,0
"474",474,0.65617147237274,0.257393110130599,1
"475",475,0.649335133663222,0.262236826409653,0
"476",476,0.645314298167532,0.260952329807875,1
"477",477,0.646058240524115,0.260685015264971,1
"478",478,0.655423691129581,0.258194734978493,1
"479",479,0.655792433854441,0.258769000221607,1
"480",480,0.662811582864644,0.255788755212118,0
"481",481,0.661546639292818,0.254717401335957,1
"482",482,0.650322363157164,0.258604854921228,0
"483",483,0.648965205693318,0.261558541967972,0
"484",484,0.643257641251359,0.261524318509518,0
"485",485,0.641550000585396,0.263063443521485,0
"486",486,0.635185695532356,0.264835236580279,0
"487",487,0.642471536775591,0.262734094507984,0
"488",488,0.646665922801592,0.262149847446541,0
"489",489,0.648297141459735,0.260155694776496,1
"490",490,0.647038765036109,0.25986850497719,0
"491",491,0.651888803636559,0.257998582301117,0
"492",492,0.654697310498343,0.259192020638537,0
"493",493,0.652130119587378,0.260078593451326,0
"494",494,0.640297106988598,0.267215222006671,0
"495",495,0.646493351854045,0.262723387304547,1
"496",496,0.64681226387684,0.266230317976884,0
"497",497,0.640915044432702,0.264300038730214,0
"498",498,0.641820181343465,0.262891663796977,0
"499",499,0.64334756203253,0.261889272672194,0
"500",500,0.635734168738452,0.264892140459667,1
"501",501,0.642967968722438,0.262891815823308,0
"502",502,0.64194853497239,0.261124604358294,0
"503",503,0.646936058176912,0.260411316300592,1
"504",504,0.64753537903234,0.26086042295681,0
"505",505,0.649869381591213,0.260897603566817,1
"506",506,0.649595564654467,0.260531527065029,1
"507",507,0.660352142490096,0.260200434579953,0
"508",508,0.640377033193191,0.266365872529117,0
"509",509,0.640741969597496,0.267174503504136,0
"510",510,0.637878058765515,0.268397822570394,0
"511",511,0.645111367137457,0.2643801545181,1
"512",512,0.639238943045069,0.268016956996959,0
"513",513,0.640229262065619,0.264810505936836,0
"514",514,0.639102714536032,0.266354684025545,1
"515",515,0.641963303914913,0.266483111185837,0
"516",516,0.645445192519047,0.266401697226681,0
"517",517,0.648920115243552,0.264101154092606,1
"518",518,0.641430696610422,0.265602830862754,0
"519",519,0.643717735175931,0.263662271496782,1
"520",520,0.643439013605413,0.261098653086362,0
"521",521,0.640802453691104,0.261433666402008,0
"522",522,0.641331045907963,0.261440550502047,1
"523",523,0.647222184523812,0.260055975347726,1
"524",524,0.652197431253151,0.263340064592926,0
"525",525,0.648966883133765,0.26118993061806,1
"526",526,0.651516965378048,0.260754004974272,1
"527",527,0.648080352102185,0.261792267725364,0
"528",528,0.646477986711982,0.260815028162629,1
"529",529,0.638694164675142,0.262903359255815,1
"530",530,0.638758607734544,0.263443492799769,0
"531",531,0.640929270593431,0.262602976654894,1
"532",532,0.650628119277449,0.264096815601439,0
"533",533,0.651821397062404,0.259914169046671,1
"534",534,0.654041369640634,0.26078843365383,1
"535",535,0.650396727537265,0.260420826610257,1
"536",536,0.649816500352376,0.260683767760066,0
"537",537,0.653226717075888,0.260364566006629,1
"538",538,0.641715805330319,0.267168648418438,1
"539",539,0.642450904212103,0.266208911376096,1
"540",540,0.63774424401387,0.264690455595537,1
"541",541,0.645278358728387,0.265735067255608,0
"542",542,0.647428429861445,0.264243790449972,1
"543",543,0.644190697969979,0.263982087599875,1
"544",544,0.645237368372127,0.263390309097944,1
"545",545,0.649868502507014,0.26188943146644,0
"546",546,0.651941783011898,0.261030888804096,1
"547",547,0.650752831160295,0.260370783173001,0
"548",548,0.643385673053762,0.261028981087487,0
"549",549,0.638038600487321,0.266018321728939,0
"550",550,0.647199897395258,0.262971004402915,1
"551",551,0.645083248214782,0.263565259776637,1
"552",552,0.646705534777473,0.261491937121281,0
"553",553,0.639923510695478,0.262588020686539,0
"554",554,0.639583962839798,0.264624592063246,0
"555",555,0.64179666338215,0.262471057106091,0
"556",556,0.641981916817575,0.265654933526195,0
"557",557,0.63381883630755,0.26505477829278,1
"558",558,0.637939321178664,0.262923162594308,1
"559",559,0.641150438154627,0.263355232017948,1
"560",560,0.647481668419055,0.262155927868792,0
"561",561,0.646219405714132,0.261518443685118,1
"562",562,0.6485010167547,0.260444276932352,1
"563",563,0.649378863253246,0.262534092617432,1
"564",564,0.648714430133529,0.262132943906334,1
"565",565,0.644945237654941,0.263927168380782,1
"566",566,0.645589101077439,0.261971725893351,1
"567",567,0.64554762950282,0.265719646266465,1
"568",568,0.65158411732987,0.263998208964978,1
"569",569,0.650636251383274,0.263793683392975,0
"570",570,0.650279937729998,0.264232206558149,0
"571",571,0.649926772077116,0.263233627711303,0
"572",572,0.64457542916196,0.263736335526848,0
"573",573,0.640544073857511,0.262741987068082,0
"574",574,0.64267123671969,0.261011592238573,1
"575",575,0.643669704715786,0.264774105352541,1
"576",576,0.653022672625016,0.262451765738701,0
"577",577,0.651615029289347,0.262820154461755,0
"578",578,0.647806433695523,0.261346331367482,0
"579",579,0.643918914372561,0.261532490293617,1
"580",580,0.646677074877893,0.261848938850134,0
"581",581,0.64378491195515,0.263051865404457,1
"582",582,0.640652727156098,0.264291481911868,0
"583",583,0.643240157294452,0.261336103130254,0
"584",584,0.640121002685352,0.263792275256674,1
"585",585,0.641655321155677,0.263504740270134,1
"586",586,0.641675507417709,0.264699292097005,1
"587",587,0.641198467736303,0.267787590458773,1
"588",588,0.637449946859337,0.265390974982356,1
"589",589,0.63747171748191,0.265029723407889,0
"590",590,0.637098493412867,0.264315821450988,1
"591",591,0.646149549823759,0.262759109872296,1
"592",592,0.640718087448957,0.264062212447917,1
"593",593,0.637690312281824,0.263955172803387,0
"594",594,0.648269227973212,0.263436474717523,0
"595",595,0.645445865808123,0.261377235232277,0
"596",596,0.640657693843312,0.262163879540571,1
"597",597,0.638370466870304,0.260253558232217,0
"598",598,0.638473799759225,0.262039947331121,1
"599",599,0.647433445595508,0.260864239490215,0
"600",600,0.638968646357176,0.264580221574599,0
"601",601,0.640576920506492,0.263991344715481,1
"602",602,0.64490242325485,0.261833939716432,0
"603",603,0.646032840331496,0.259636383434378,1
"604",604,0.644842083217493,0.260157743407205,0
"605",605,0.643990212258674,0.260122357277944,1
"606",606,0.641665823558434,0.261416288664384,0
"607",607,0.645755248451994,0.261818279555651,1
"608",608,0.648823942855839,0.262236460233136,1
"609",609,0.642708694006595,0.263286639815593,0
"610",610,0.640808109843489,0.262314982862919,0
"611",611,0.641289303527836,0.261897579986475,0
"612",612,0.643973264971713,0.259088557392975,1
"613",613,0.643295409901882,0.260861808616909,0
"614",614,0.645404867335234,0.261331682511435,0
"615",615,0.635205441934177,0.266336000680054,1
"616",616,0.638284732165324,0.265130685949511,1
"617",617,0.639049005153892,0.264680218466531,0
"618",618,0.638046919803148,0.262942857402584,1
"619",619,0.632037823295974,0.265581341066847,0
"620",620,0.634323619351049,0.264461688272638,0
"621",621,0.634155511067264,0.264155027325086,0
"622",622,0.627224262044183,0.265864512398236,1
"623",623,0.631293288640995,0.267055759586829,0
"624",624,0.636617407312155,0.264341406629072,0
"625",625,0.636069111034515,0.263287991826062,0
"626",626,0.639273827100647,0.262211390413963,1
"627",627,0.646984372792542,0.260226587210219,0
"628",628,0.639521386359972,0.26226640460432,1
"629",629,0.633005113264142,0.260664151302379,0
"630",630,0.624679966768324,0.267910668016031,1
"631",631,0.631869304607279,0.26482467181785,1
"632",632,0.633922028015258,0.262787552712474,1
"633",633,0.638616065301695,0.261084808878298,1
"634",634,0.637188082772396,0.261926758494657,1
"635",635,0.635419051915236,0.262423689998085,0
"636",636,0.637987904099079,0.263192761414743,1
"637",637,0.633299950588503,0.265312500683727,1
"638",638,0.637212250479309,0.264305430395631,1
"639",639,0.63455306578233,0.264517578037002,1
"640",640,0.636474156093182,0.264017390429087,1
"641",641,0.64115926287981,0.262787807089345,1
"642",642,0.633920830661011,0.263791441433754,0
"643",643,0.640013328036038,0.263239276464997,0
"644",644,0.637113971375703,0.263414880704451,1
"645",645,0.636886747077112,0.262638065740602,1
"646",646,0.630016329076448,0.263275786186113,1
"647",647,0.630497421442789,0.267540670667443,0
"648",648,0.630418935800267,0.265996880492708,1
"649",649,0.635318479370939,0.263200648878516,0
"650",650,0.635961922599628,0.261643773812235,1
"651",651,0.637844504093159,0.260798947365857,1
"652",652,0.641412507608321,0.260069512845155,1
"653",653,0.638428342939368,0.260293015163449,0
"654",654,0.644317822248773,0.260340988049212,0
"655",655,0.638882395587367,0.266846180504987,1
"656",656,0.643920378753108,0.269433669781526,0
"657",657,0.641744008698026,0.266898677263488,1
"658",658,0.635512233581657,0.268650778899492,0
"659",659,0.634121217545675,0.269808005892609,0
"660",660,0.63566469072568,0.268145881967427,1
"661",661,0.642118490776495,0.268588381765044,1
"662",662,0.63338311380121,0.272625769413577,1
"663",663,0.62953132695466,0.271190091773599,0
"664",664,0.634196275611515,0.267787137981563,1
"665",665,0.62723187912535,0.27089650046653,0
"666",666,0.638565996001608,0.266978815007782,0
"667",667,0.632306894761945,0.273699559853521,0
"668",668,0.647265041476033,0.270135788611363,0
"669",669,0.642853832181308,0.268441229268386,0
"670",670,0.64007766405606,0.266547012426027,0
"671",671,0.637966989091932,0.265406320156107,1
"672",672,0.637480221044884,0.267976037002527,1
"673",673,0.636688269712979,0.267063924965701,1
"674",674,0.636236959945933,0.266736702046575,0
"675",675,0.63713403860293,0.268831065196525,1
"676",676,0.633601621186934,0.267728356896488,1
"677",677,0.641043940799904,0.265686843478372,0
"678",678,0.644920271086596,0.264737722689148,0
"679",679,0.642403143051252,0.264373191343645,1
"680",680,0.63745887335721,0.264337398428187,0
"681",681,0.639323567168147,0.263856582599806,1
"682",682,0.639106025234847,0.263846704822015,0
"683",683,0.641057969875581,0.265091538855257,1
"684",684,0.645177578762727,0.265473269489739,0
"685",685,0.641578468202145,0.265185734642472,1
"686",686,0.637295221834735,0.263608223493596,0
"687",687,0.629397874519496,0.266564046191238,1
"688",688,0.638633290402255,0.263343013775075,0
"689",689,0.634202651767607,0.264904420786179,0
"690",690,0.637461711004427,0.264206376633185,0
"691",691,0.63966563227167,0.263813021084259,0
"692",692,0.63168390211483,0.265858006633428,0
"693",693,0.63085532326719,0.267753861411598,1
"694",694,0.622768883155695,0.273464315762386,0
"695",695,0.622218913578427,0.269732797022494,1
"696",696,0.625148632316186,0.26903794354691,1
"697",697,0.628434614031256,0.268873088373358,1
"698",698,0.626839418290725,0.268650161454386,0
"699",699,0.626081052038252,0.268710399747018,1
"700",700,0.624744389786091,0.266646719794937,1
"701",701,0.620356218321825,0.267158390647513,0
"702",702,0.618341573041416,0.270189079266328,0
"703",703,0.624093276433228,0.271508695595415,1
"704",704,0.632496863856631,0.268079019984892,0
"705",705,0.630888708575045,0.268126341358669,0
"706",706,0.632431978341674,0.266496748390211,0
"707",707,0.633395055663739,0.264084217361514,1
"708",708,0.635004948569078,0.26369280581297,1
"709",709,0.631800574613276,0.26811894811907,1
"710",710,0.626804500879474,0.267447703224066,0
"711",711,0.624638881632618,0.268397321261496,0
"712",712,0.625995637012154,0.266302565782074,0
"713",713,0.628667229853209,0.265566731837384,0
"714",714,0.632239262614429,0.264080592381775,0
"715",715,0.632647158294944,0.263519111412224,1
"716",716,0.636583110943362,0.263156272516498,1
"717",717,0.626678557834468,0.264538378939648,0
"718",718,0.620884693566859,0.265219836814668,0
"719",719,0.613204984769107,0.267566338067186,0
"720",720,0.627761897923155,0.268290760848909,0
"721",721,0.622596374497162,0.268632193385731,1
"722",722,0.616267275242157,0.271593156701494,0
"723",723,0.620212914137472,0.267452447131349,0
"724",724,0.626116300918229,0.266561371841091,0
"725",725,0.630629920152185,0.265455164185994,1
"726",726,0.632342537130182,0.262998267603289,0
"727",727,0.619809136749115,0.26704568027905,0
"728",728,0.626965652089865,0.265251108058397,0
"729",729,0.626346706699235,0.262887786235905,0
"730",730,0.632101417420328,0.26342099846764,1
"731",731,0.633204582498103,0.261989278614889,1
"732",732,0.626838316113379,0.261806084676931,1
"733",733,0.637260784933584,0.261359828404762,0
"734",734,0.636292892763741,0.261935758022194,1
"735",735,0.632605560069416,0.260785065496638,0
"736",736,0.625658854781688,0.264253681786217,1
"737",737,0.613438501837345,0.269571869458799,0
"738",738,0.618187067030879,0.267434052699935,0
"739",739,0.62042515214889,0.267704302749923,1
"740",740,0.619755418603823,0.267556825694785,0
"741",741,0.618781685094953,0.266229196463642,1
"742",742,0.621587825138033,0.264732634606651,0
"743",743,0.624660541846645,0.266568464562838,0
"744",744,0.623870399285493,0.265669280175049,1
"745",745,0.623926627503114,0.263784886904648,0
"746",746,0.619255578580246,0.265510248637537,0
"747",747,0.623059606103282,0.266572677537252,1
"748",748,0.623571834400975,0.265470787012525,1
"749",749,0.617419237807383,0.268001500932173,0
"750",750,0.616852295390246,0.270343990097246,1
"751",751,0.620326201879211,0.26681235689748,1
"752",752,0.615203216855521,0.268121699420021,0
"753",753,0.612123468393035,0.268588498450619,0
"754",754,0.60765507081349,0.273020242164452,1
"755",755,0.621050920316627,0.270257965619063,0
"756",756,0.625046416640884,0.267529184011451,0
"757",757,0.616007233667407,0.267122020100645,1
"758",758,0.614546383191156,0.267828613317812,1
"759",759,0.613337962201018,0.266189950673259,1
"760",760,0.612641683915948,0.266551161436838,1
"761",761,0.615928429976101,0.264520543243027,0
"762",762,0.596315408464555,0.273959856196296,0
"763",763,0.606757561937328,0.269090750132516,1
"764",764,0.593635973174462,0.276788709116172,0
"765",765,0.608293243590192,0.272591271167624,0
"766",766,0.611763633164121,0.269905921514028,0
"767",767,0.612139181155608,0.268243279908904,0
"768",768,0.615145481523628,0.269410191464039,1
"769",769,0.609982077937883,0.269785706480466,0
"770",770,0.606946659753955,0.270652897165858,0
"771",771,0.607322025611914,0.268615175779479,0
"772",772,0.608936763166862,0.268422717030148,1
"773",773,0.608911334089516,0.270774724561385,1
"774",774,0.613153108169001,0.270405707617263,1
"775",775,0.61424286288797,0.268346087921533,0
"776",776,0.61491574427171,0.267586722502699,1
"777",777,0.613492690168503,0.270820204269893,0
"778",778,0.609925777777515,0.269724402756485,1
"779",779,0.608733927261612,0.270006746590562,0
"780",780,0.610716560696554,0.269725530783217,1
"781",781,0.609795328776151,0.267642341540448,1
"782",782,0.61374233680454,0.268256621303956,0
"783",783,0.616169173908236,0.269696063891289,0
"784",784,0.602300485247652,0.27177862516448,0
"785",785,0.602071594189405,0.269239007228889,1
"786",786,0.597863445581386,0.268779647555168,0
"787",787,0.599815351326084,0.268594213073806,1
"788",788,0.596347631460444,0.271411270186035,1
"789",789,0.607576287532964,0.270237749233418,0
"790",790,0.609919288239872,0.268900964636998,0
"791",791,0.608128199804907,0.273372737575144,1
"792",792,0.612739717923971,0.272673325046315,0
"793",793,0.602487239210022,0.273381243350986,0
"794",794,0.59180230173532,0.27542474287329,0
"795",795,0.602887694672634,0.270019081525376,0
"796",796,0.603444215992778,0.270036226031303,1
"797",797,0.60172534519852,0.270586027495664,0
"798",798,0.596042605469639,0.272192640064986,0
"799",799,0.598907882087961,0.26903272549327,1
"800",800,0.601664089705344,0.269930559346998,0
"801",801,0.600479417174561,0.268835611559827,0
"802",802,0.596498729166523,0.268975161028378,0
"803",803,0.583192416071869,0.273176736934097,0
"804",804,0.587885416188775,0.272756408663986,0
"805",805,0.586655350893959,0.270967083124575,1
"806",806,0.582707222609169,0.272994539354128,0
"807",807,0.593452592055113,0.271501688891489,0
"808",808,0.591166378988343,0.272577858478296,1
"809",809,0.595974446037967,0.269899728607531,1
"810",810,0.601754999815771,0.272511009708276,0
"811",811,0.592958414815111,0.269901463764295,0
"812",812,0.599606301566127,0.270748654845096,1
"813",813,0.59430787396655,0.274418448336508,0
"814",814,0.597111219068568,0.272107418909144,1
"815",815,0.590252346780722,0.272132223125913,1
"816",816,0.593298623628102,0.27080948425521,1
"817",817,0.591199003027155,0.270930523194806,1
"818",818,0.593346726424455,0.270179030169051,1
"819",819,0.600987995740218,0.27087124511868,0
"820",820,0.601478468817741,0.269933282090986,1
"821",821,0.598980125011017,0.266972650667634,0
"822",822,0.602202024424581,0.266857920185019,1
"823",823,0.599356293581024,0.267105112999226,1
"824",824,0.605499548095126,0.268777143261301,0
"825",825,0.602993380309448,0.269658590544996,0
"826",826,0.601235838843959,0.269760225786476,1
"827",827,0.597386384675387,0.270352836564821,1
"828",828,0.591011064467132,0.273300265265677,1
"829",829,0.591962961077201,0.270880433711999,0
"830",830,0.59377853570275,0.269511242659375,0
"831",831,0.594562118116809,0.268437856242711,1
"832",832,0.602216434937206,0.26983987486507,0
"833",833,0.599473411759372,0.271216048337645,1
"834",834,0.595436025957242,0.269164079395751,0
"835",835,0.594020910596187,0.271035901639453,0
"836",836,0.592050249115002,0.273216457211353,1
"837",837,0.598739819400033,0.268324391533036,0
"838",838,0.58966631832104,0.269800175767591,0
"839",839,0.594743555615859,0.268423723213754,1
"840",840,0.587213052797512,0.272284949463607,1
"841",841,0.59150628341994,0.270733700256683,0
"842",842,0.594132542520233,0.268716124030861,1
"843",843,0.595385471122022,0.269172213932067,1
"844",844,0.608608516312758,0.270347292703265,0
"845",845,0.593987143814402,0.27308691113322,1
"846",846,0.598867278125881,0.270319425740612,1
"847",847,0.598756636250189,0.26998904787913,1
"848",848,0.600522102253923,0.271419443423417,1
"849",849,0.597012988123805,0.271300487923099,1
"850",850,0.603223598327103,0.27010230532081,1
"851",851,0.602653400163682,0.269304001546969,1
"852",852,0.602539443682445,0.267973208781105,0
"853",853,0.591907946025157,0.271176175169454,1
"854",854,0.594781263753937,0.268418318702635,0
"855",855,0.598107591759157,0.267694453222092,1
"856",856,0.602027321812499,0.267060362081332,1
"857",857,0.597955878876419,0.269835113858398,1
"858",858,0.598087660123323,0.268129258461825,0
"859",859,0.604362158708871,0.270004289300263,0
"860",860,0.597191380548279,0.270198564617979,0
"861",861,0.593567528521909,0.270225099758628,0
"862",862,0.594090678521417,0.272816962400365,0
"863",863,0.593720743669837,0.270888817590187,1
"864",864,0.596164432885474,0.268744746756315,0
"865",865,0.591606188771322,0.268990045456756,0
"866",866,0.590931121585903,0.270103862485503,0
"867",867,0.593004023567295,0.271124568382747,1
"868",868,0.582993464605231,0.274169080604862,1
"869",869,0.589920793280529,0.273193534806186,1
"870",870,0.598384504559207,0.271833999817602,1
"871",871,0.60207028194719,0.272645750712612,1
"872",872,0.596031675458713,0.271708782482855,0
"873",873,0.59226249578306,0.272298898084402,0
"874",874,0.593592474811288,0.272343429879197,0
"875",875,0.590490886167786,0.270596703905549,0
"876",876,0.588333859847706,0.269892931406718,1
"877",877,0.59312548448763,0.267783912650007,1
"878",878,0.596226124480681,0.269147292045525,0
"879",879,0.598902198940103,0.267479142635538,1
"880",880,0.595623487766452,0.268754485108193,1
"881",881,0.602442091237764,0.267386633900717,0
"882",882,0.601082700381572,0.267108272116803,1
"883",883,0.597309350252942,0.268597134461058,1
"884",884,0.597062064608783,0.268752817450069,0
"885",885,0.606087503531746,0.269065338858939,0
"886",886,0.593571189458627,0.270626896542254,0
"887",887,0.589920798222373,0.269642157476498,0
"888",888,0.589863606935992,0.275225135040319,0
"889",889,0.59069309665366,0.275945829462802,1
"890",890,0.591059871942026,0.271856372580008,1
"891",891,0.600356798361375,0.270000729377795,0
"892",892,0.598236357839048,0.268177320930152,1
"893",893,0.600339564262401,0.267918117772917,1
"894",894,0.588918517280532,0.270053149263055,0
"895",895,0.59276225777211,0.268924722751632,1
"896",896,0.597752627409249,0.270383931413151,1
"897",897,0.596400297464064,0.270260840934419,0
"898",898,0.597619430062033,0.271786702378658,0
"899",899,0.602873012387154,0.269792988312166,1
"900",900,0.608873111592819,0.267116974404281,0
"901",901,0.609689583181426,0.266227136370068,1
"902",902,0.611188943194394,0.268127283857513,1
"903",903,0.6093823532453,0.267921284547514,1
"904",904,0.604071606387715,0.266328341999941,0
"905",905,0.601312117643207,0.266084556553881,1
"906",906,0.60195795281567,0.264970403659395,1
"907",907,0.609678235917255,0.265127514200986,0
"908",908,0.618812062824416,0.266014600425464,0
"909",909,0.608025245020341,0.265676857655201,1
"910",910,0.604684037785216,0.264753018563241,1
"911",911,0.601142715201724,0.264348974152091,0
"912",912,0.609918160418022,0.266204726443254,1
"913",913,0.605323652533217,0.266022820947936,1
"914",914,0.600801834206285,0.264065938328709,0
"915",915,0.597700976090003,0.264344571595416,0
"916",916,0.608730504995004,0.264595571713679,1
"917",917,0.608526909488603,0.267061987559002,1
"918",918,0.604100392405442,0.266508480998281,0
"919",919,0.6055953089937,0.266451419551625,0
"920",920,0.604151489653718,0.266866453439237,0
"921",921,0.604926515792155,0.266156276474106,1
"922",922,0.598940319569499,0.269988963543237,0
"923",923,0.603697711017009,0.26972361226219,1
"924",924,0.604847189738162,0.269092002643125,1
"925",925,0.601233888635402,0.270048440096301,0
"926",926,0.603511082356095,0.27020325480364,0
"927",927,0.603485038120345,0.272318245744708,0
"928",928,0.608794465765503,0.269815220992216,0
"929",929,0.603862892644868,0.267463455864287,0
"930",930,0.598375930945964,0.269178325245749,1
"931",931,0.594610456548616,0.270492507433742,0
"932",932,0.593951051892883,0.269374092048714,1
"933",933,0.613617490797941,0.26779197550928,0
"934",934,0.608806765209781,0.267340055981529,0
"935",935,0.609348404228391,0.265433719313845,1
"936",936,0.607497266947825,0.266017499979567,1
"937",937,0.605313946558943,0.265363450656279,1
"938",938,0.601315716488611,0.265230848830186,0
"939",939,0.599108823150237,0.265689548664023,0
"940",940,0.601973906843982,0.266234712005665,0
"941",941,0.60662799461172,0.266935952620618,1
"942",942,0.607800855733889,0.269301488060023,0
"943",943,0.609777282158929,0.266235477738573,0
"944",944,0.606385629949027,0.266963467519426,0
"945",945,0.604610837281746,0.266422411738671,1
"946",946,0.599337229708827,0.267655617997133,0
"947",947,0.603309503415286,0.264723350528832,1
"948",948,0.602402482401991,0.265875451401063,0
"949",949,0.605083983708613,0.266143237280772,1
"950",950,0.600330528092954,0.270150365783191,1
"951",951,0.603027460073037,0.268860641900259,1
"952",952,0.600158294465157,0.267407192365857,0
"953",953,0.598726393243879,0.266431794507451,1
"954",954,0.597798796050433,0.265708026802905,1
"955",955,0.602326908910031,0.264536555379943,0
"956",956,0.596856824185924,0.265026700222167,1
"957",957,0.590919224405986,0.266429259420749,0
"958",958,0.597854477145597,0.264695928866938,1
"959",959,0.608900141689922,0.267055382952703,0
"960",960,0.601153990270918,0.26661077974592,1
"961",961,0.598851932629262,0.265773303039317,1
"962",962,0.601428628341099,0.26669744006503,1
"963",963,0.598606709702188,0.266590154710863,1
"964",964,0.590472933317792,0.271015838775581,1
"965",965,0.586999727431333,0.270743481068373,0
"966",966,0.599389737199525,0.268937180070233,0
"967",967,0.587858087822501,0.271405083882546,0
"968",968,0.592753697603611,0.269760022359496,0
"969",969,0.588059879860486,0.269052016813022,0
"970",970,0.59262038167279,0.267633449934496,1
"971",971,0.596762010956404,0.268088639225983,0
"972",972,0.594381742350754,0.265946772449595,1
"973",973,0.598126878423921,0.266711169100114,1
"974",974,0.599415281404853,0.267490627551703,1
"975",975,0.596945460234736,0.268048408146938,1
"976",976,0.595828108953092,0.269207017817659,1
"977",977,0.600942341142889,0.268897420809811,0
"978",978,0.607083086008559,0.267355140148205,1
"979",979,0.600229868301531,0.267259241872632,0
"980",980,0.599677834271776,0.266305473409278,1
"981",981,0.603284111356088,0.264948573452186,1
"982",982,0.600936042048724,0.265864794906167,0
"983",983,0.601130544822428,0.267037823083381,0
"984",984,0.595848777852254,0.267369277212347,0
"985",985,0.595976686962336,0.26856003524349,1
"986",986,0.589833423740308,0.268862494032282,1
"987",987,0.582351706537691,0.270545711601859,0
"988",988,0.595266235637371,0.269263953819882,1
"989",989,0.594437631049664,0.267497253214286,1
"990",990,0.594189257383822,0.268329645213919,1
"991",991,0.596604139321279,0.267089739319322,1
"992",992,0.598203137669927,0.269547086491608,1
"993",993,0.597559184387053,0.268239200461285,0
"994",994,0.611020022390351,0.266772395279507,0
"995",995,0.600842390372502,0.268687341352959,1
"996",996,0.597912011366882,0.267739684230153,0
"997",997,0.592864616582486,0.267128585793747,1
"998",998,0.598916297310686,0.267717458024431,1
"999",999,0.597426166293826,0.266563162922719,0
"1000",1000,0.562837920777643,0.269502302996261,0
"1001",1001,0.548771907834549,0.269650935830109,1
"1002",1002,0.538408277252233,0.271889944763302,1
"1003",1003,0.522383825110329,0.274514382311281,1
"1004",1004,0.498989325676648,0.27223814374853,1
"1005",1005,0.501511314719564,0.277127637564591,0
"1006",1006,0.491264140064222,0.280710515443646,1
"1007",1007,0.46085704011488,0.27187722061524,0
"1008",1008,0.45518859190162,0.275397278662478,1
"1009",1009,0.463526555973331,0.276374206384803,1
"1010",1010,0.461231564479021,0.279150280339007,0
"1011",1011,0.421961381668104,0.272461413351767,0
"1012",1012,0.443697981792819,0.285395935146541,1
"1013",1013,0.436637356918069,0.281457029183609,0
"1014",1014,0.405976792172102,0.275070005926391,0
"1015",1015,0.376162349546744,0.262933755868922,1
"1016",1016,0.375424401049191,0.272555923756847,1
"1017",1017,0.389324683907677,0.278728577196149,0
"1018",1018,0.36006744088605,0.262006404533781,1
"1019",1019,0.360977053790166,0.266031319036041,1
"1020",1020,0.345697390420222,0.264330216399105,1
"1021",1021,0.340507292314037,0.260796916466956,1
"1022",1022,0.330061857735057,0.260706476027398,1
"1023",1023,0.340541790376648,0.267336441909682,1
"1024",1024,0.337537777004085,0.25877609880202,1
"1025",1025,0.300658532808051,0.25134077530176,0
"1026",1026,0.258749143281033,0.239660449626033,0
"1027",1027,0.252536883214416,0.239388427330939,0
"1028",1028,0.269500038086238,0.24948966895109,1
"1029",1029,0.258560829413854,0.24132309951026,1
"1030",1030,0.299332615061889,0.279068430168861,1
"1031",1031,0.271725059613838,0.24987389247209,1
"1032",1032,0.236977619768347,0.238238806465261,0
"1033",1033,0.260865014201557,0.249112291532987,0
"1034",1034,0.213458029962918,0.223764708990698,0
"1035",1035,0.197521889887413,0.217757427664273,0
"1036",1036,0.209277143174613,0.229272286097019,0
"1037",1037,0.216696619053913,0.226727403115078,1
"1038",1038,0.198856172565273,0.216415686164863,0
"1039",1039,0.211381908307413,0.227451404211056,1
"1040",1040,0.182754615406522,0.20989180194997,1
"1041",1041,0.220718753360531,0.237419771911427,1
"1042",1042,0.211850895361918,0.230938999348258,1
"1043",1043,0.179438697969202,0.207876813538897,1
"1044",1044,0.200022618962366,0.217778766477539,1
"1045",1045,0.194939145219533,0.215838512189868,1
"1046",1046,0.187992028384479,0.213467937464487,1
"1047",1047,0.166752625125744,0.201847322452916,1
"1048",1048,0.140315165391842,0.184299849525557,0
"1049",1049,0.14605247966968,0.181304539014466,1
"1050",1050,0.136549202434796,0.175095357134633,0
"1051",1051,0.129412476760022,0.171449004919122,1
"1052",1052,0.141717615025216,0.184594917269795,1
"1053",1053,0.145404258718868,0.186164251143963,1
"1054",1054,0.14531752223423,0.186147291057793,1
"1055",1055,0.125367289930991,0.170237195769259,0
"1056",1056,0.136014539583731,0.180071050031015,1
"1057",1057,0.117810838229118,0.162308694527495,1
"1058",1058,0.110254116565277,0.154857337706438,0
"1059",1059,0.11427017707549,0.160866175484041,1
"1060",1060,0.11909389892929,0.167200368121436,1
"1061",1061,0.130636144047971,0.181335218223901,1
"1062",1062,0.126756962686762,0.168681713944801,1
"1063",1063,0.116746166362135,0.163214267775093,1
"1064",1064,0.152240420093771,0.197337667412486,1
"1065",1065,0.145262536048088,0.187219436734221,1
"1066",1066,0.116004205620687,0.158050801811551,0
"1067",1067,0.117912429967321,0.157742554644895,1
"1068",1068,0.120667040714536,0.16824595659999,1
"1069",1069,0.130716017254115,0.181593272854743,1
"1070",1070,0.103690670032683,0.151670929799,1
"1071",1071,0.0897901997863546,0.137437306734678,1
"1072",1072,0.0879532779394855,0.136731780200973,1
"1073",1073,0.0915652129414981,0.139163115726392,1
"1074",1074,0.0911176057989869,0.136010013826002,1
"1075",1075,0.0842172290376096,0.130106284182836,1
"1076",1076,0.0858385530208439,0.137618720222489,1
"1077",1077,0.0809067902510213,0.130276930340985,1
"1078",1078,0.0937504742552306,0.141411217496824,1
"1079",1079,0.0926776011245824,0.142700584694489,0
"1080",1080,0.0752239883347404,0.121618997793768,0
"1081",1081,0.0752292938616365,0.122913902812511,1
"1082",1082,0.0685162256017864,0.115461425333453,1
"1083",1083,0.0890251931098004,0.142968592826168,1
"1084",1084,0.0762790255284117,0.127464368302422,1
"1085",1085,0.0731295386774981,0.124365775435527,1
"1086",1086,0.0843908334535189,0.137819022971648,1
"1087",1087,0.0663534113807981,0.11368808220753,0
"1088",1088,0.0740234706023422,0.129343302681431,1
"1089",1089,0.0598024652604535,0.107146408887436,0
"1090",1090,0.0573841699995678,0.106021539376568,1
"1091",1091,0.0879708898925517,0.156440955302008,1
"1092",1092,0.077432130615413,0.132199031331764,1
"1093",1093,0.0983412386115855,0.165210974568761,1
"1094",1094,0.0914427995751875,0.154774790867905,1
"1095",1095,0.0694492803252081,0.12590093024023,1
"1096",1096,0.073264198525104,0.13367818577024,1
"1097",1097,0.0598899890015817,0.112247154627163,1
"1098",1098,0.0583909674078001,0.108751312437066,1
"1099",1099,0.0480675389622865,0.0929463472916927,1
"1100",1100,0.0481601548569526,0.0927966664446072,1
"1101",1101,0.0436176252083395,0.086760254926485,0
"1102",1102,0.0582366942911843,0.108247383388351,1
"1103",1103,0.0592124627722428,0.1108262469891,1
"1104",1104,0.0667098503046431,0.122008829223998,1
"1105",1105,0.0700192852960045,0.127364449380767,1
"1106",1106,0.0680572655325355,0.124466265493481,1
"1107",1107,0.0722029739919108,0.129524058682344,1
"1108",1108,0.0575402888539809,0.109921180984382,1
"1109",1109,0.0511199712016785,0.0990425993679523,1
"1110",1110,0.0554750352360576,0.105647680120561,1
"1111",1111,0.0546072871101615,0.103854710346658,1
"1112",1112,0.0806754202327993,0.145250141786932,1
"1113",1113,0.0601075281755326,0.111909585388946,1
"1114",1114,0.0738669035147876,0.139776296983968,1
"1115",1115,0.0534541637824457,0.109982058624895,1
"1116",1116,0.0492837298819084,0.100599412077337,1
"1117",1117,0.0568755692189523,0.108259692076764,1
"1118",1118,0.0539688237381741,0.106335056775175,1
"1119",1119,0.0558309391676347,0.110800070050796,1
"1120",1120,0.0479447895734867,0.0997492268976754,0
"1121",1121,0.0519793746897691,0.104668812770473,1
"1122",1122,0.0582315490174012,0.116144211991255,1
"1123",1123,0.0462636183130242,0.0968267288928331,0
"1124",1124,0.0507364929339998,0.106774220725285,1
"1125",1125,0.0405390861361402,0.0893991966203465,1
"1126",1126,0.0386867882126338,0.0853497352093875,0
"1127",1127,0.0386851222805061,0.0854847434485188,0
"1128",1128,0.0477445357404257,0.101201629949676,1
"1129",1129,0.0441493239011271,0.0953934241555531,1
"1130",1130,0.0492445266384442,0.103374720353069,1
"1131",1131,0.042353963017838,0.0925329426367686,0
"1132",1132,0.0415687657909304,0.0912998233748113,1
"1133",1133,0.0497417402220214,0.103405208638593,1
"1134",1134,0.0450181480738892,0.096675922967032,1
"1135",1135,0.0471874991522677,0.0978413750360242,1
"1136",1136,0.0460022345350211,0.0958124824492932,0
"1137",1137,0.0544822655174629,0.109857993784276,1
"1138",1138,0.0465252177273833,0.0980315763523719,0
"1139",1139,0.0443308261497344,0.0941457904660389,1
"1140",1140,0.0381354756938347,0.0836031625307572,0
"1141",1141,0.0445955934650079,0.0951995256602688,1
"1142",1142,0.0460505214386612,0.0992989707545341,1
"1143",1143,0.0465005016073727,0.0966661244025232,1
"1144",1144,0.0433474322419614,0.0941753993279756,1
"1145",1145,0.0439122858597459,0.0927060908474674,1
"1146",1146,0.0404236339103024,0.0884489976697125,0
"1147",1147,0.0436995896375753,0.0942119658938241,1
"1148",1148,0.0475356835457409,0.104019100077381,1
"1149",1149,0.0399439399651416,0.0894129407674274,0
"1150",1150,0.0393374597074453,0.0870670419969521,0
"1151",1151,0.0411340544213346,0.0902862675589075,1
"1152",1152,0.0351486237032576,0.0812471590674134,1
"1153",1153,0.0428386941904276,0.0961455979817419,1
"1154",1154,0.0375270250767343,0.0858134567100301,0
"1155",1155,0.0423384572749404,0.0959429992398198,1
"1156",1156,0.0409993393933527,0.0917928974537097,1
"1157",1157,0.0352834192770986,0.0799911982054448,1
"1158",1158,0.0329910418160581,0.0764907709944952,0
"1159",1159,0.0385997240976016,0.088476026098094,1
"1160",1160,0.0356275549423083,0.0832057936203772,1
"1161",1161,0.0335414328220035,0.079061268194009,0
"1162",1162,0.0372632680597283,0.0842481048693549,0
"1163",1163,0.036561734994943,0.0829182567417974,1
"1164",1164,0.0336991729290718,0.0784607379346093,1
"1165",1165,0.0362641541710418,0.0845839179891274,1
"1166",1166,0.0371582689653588,0.0855574622416285,1
"1167",1167,0.0434475391851499,0.0959284290993337,1
"1168",1168,0.0393267550425726,0.0877756415605496,0
"1169",1169,0.033112514832134,0.0771142631229038,1
"1170",1170,0.0328291163913419,0.0764867939769061,0
"1171",1171,0.0329710033958096,0.0777772403886286,0
"1172",1172,0.0341985443956843,0.0791332202640512,1
"1173",1173,0.0358395675540798,0.0826716873384352,1
"1174",1174,0.0346284661776965,0.0814112827370072,1
"1175",1175,0.0371324456878534,0.0880522126373242,1
"1176",1176,0.0423307356038197,0.0981255117224058,1
"1177",1177,0.0376879135460556,0.0876016440755603,1
"1178",1178,0.0382386761308589,0.0874217963761267,0
"1179",1179,0.0332465326071361,0.0797931881800533,0
"1180",1180,0.0324207842407251,0.0779155363776256,0
"1181",1181,0.0468048020122255,0.107274667529616,1
"1182",1182,0.0380759461970979,0.0901611170660918,0
"1183",1183,0.0385292630816508,0.0917025626330335,1
"1184",1184,0.0425481212124751,0.0974943902941158,1
"1185",1185,0.0403300225818701,0.0927632283348453,1
"1186",1186,0.0412989396838952,0.0948309283674923,1
"1187",1187,0.0395814415774669,0.0901465481978396,1
"1188",1188,0.0377346578265323,0.0866870046165593,1
"1189",1189,0.0411898680615531,0.0918339864101937,1
"1190",1190,0.0372752761470098,0.0854364273335528,1
"1191",1191,0.035913021954257,0.0837054403662866,0
"1192",1192,0.036200827318615,0.0844113275975215,1
"1193",1193,0.0407462471919813,0.0930681893806965,1
"1194",1194,0.0426521892961607,0.0954791100012585,1
"1195",1195,0.0389679250845528,0.0886141691226282,1
"1196",1196,0.0339272100620512,0.0806372017734878,0
"1197",1197,0.0347896107779151,0.0824013129280115,0
"1198",1198,0.0370648467008057,0.0859511930523648,1
"1199",1199,0.0330342452028628,0.0801054359413576,1
"1200",1200,0.0339269527651218,0.0820783918054918,0
"1201",1201,0.0331795403940739,0.0804452751155032,0
"1202",1202,0.0349080427443641,0.0843556101375195,1
"1203",1203,0.038220282721493,0.0899059539543971,1
"1204",1204,0.0341844958493972,0.0818318145401618,0
"1205",1205,0.0327140954976406,0.0791030861383096,0
"1206",1206,0.0334508523981222,0.0798056368329016,0
"1207",1207,0.0322800086810853,0.0778355174174862,0
"1208",1208,0.0311893811441968,0.0765208529739052,1
"1209",1209,0.0334250118642629,0.080793104378854,1
"1210",1210,0.0399816346301974,0.0936610700850252,1
"1211",1211,0.0357369263041513,0.0853179621015689,0
"1212",1212,0.0351164999125314,0.084598774083707,0
"1213",1213,0.0404416110782327,0.0933775642890049,1
"1214",1214,0.0373283697906851,0.0866507334422538,0
"1215",1215,0.0390087593596273,0.0895853052145473,1
"1216",1216,0.0374510247728446,0.0866605887767021,0
"1217",1217,0.0333785419902784,0.0798624928492,0
"1218",1218,0.0367634759673178,0.0869935572709445,1
"1219",1219,0.0353208803495212,0.0848514235329538,1
"1220",1220,0.0411916727958269,0.095671382838441,1
"1221",1221,0.0406284342848716,0.092926156407768,1
"1222",1222,0.0387345123998859,0.0892320452291401,1
"1223",1223,0.0386516854772436,0.089109726518402,1
"1224",1224,0.0366026904671538,0.0871833905295169,1
"1225",1225,0.0343755016108855,0.0822428034692416,0
"1226",1226,0.0348407158173258,0.0831851461021943,1
"1227",1227,0.0346076230483139,0.0831985075321893,1
"1228",1228,0.0323606553278659,0.0783802596601782,0
"1229",1229,0.0353268869709614,0.0838125947467288,1
"1230",1230,0.03311523341245,0.0799143340566283,0
"1231",1231,0.0374888610270846,0.0877452199146484,1
"1232",1232,0.0357007585828744,0.0836669889418121,0
"1233",1233,0.0409243019156421,0.0940585020225229,1
"1234",1234,0.0403710815225957,0.0919247529739401,1
"1235",1235,0.0372593368874823,0.0858817561222885,0
"1236",1236,0.0336472956519559,0.0801818497600827,0
"1237",1237,0.0413243784007584,0.0939082160058025,1
"1238",1238,0.035035163762006,0.082449260466332,0
"1239",1239,0.0378401886250842,0.0883380568003762,1
"1240",1240,0.0349255103200182,0.0825503930286436,0
"1241",1241,0.0329634583534446,0.07922588329504,0
"1242",1242,0.0325850140082357,0.0795145441043428,1
"1243",1243,0.0375531814124185,0.0870169840879408,1
"1244",1244,0.0394609562374233,0.0897726422514806,1
"1245",1245,0.036788220483074,0.0851235464925294,0
"1246",1246,0.0326459083241951,0.0787927003883536,0
"1247",1247,0.0326541939677934,0.079150685571795,0
"1248",1248,0.0324164777645761,0.0798695519833874,1
"1249",1249,0.0351980126471876,0.0853247054187226,1
"1250",1250,0.0372562848736937,0.0878898003407814,1
"1251",1251,0.0341744241641581,0.0816069277055967,0
"1252",1252,0.0327612448127247,0.0795382032891812,0
"1253",1253,0.0355013156968197,0.0847892115274679,1
"1254",1254,0.0377076119116409,0.0890347087797477,1
"1255",1255,0.036681107929676,0.0868673096035213,1
"1256",1256,0.0349274200693935,0.083122975632165,0
"1257",1257,0.0390603498504009,0.0906629682492902,1
"1258",1258,0.0388794232457304,0.0901866178229431,1
"1259",1259,0.0362845782481415,0.0855539130568161,1
"1260",1260,0.0393546869127511,0.092957949462798,1
"1261",1261,0.0340230513433509,0.0819363754467051,0
"1262",1262,0.0317781813938037,0.0779185777536203,0
"1263",1263,0.0335823473768306,0.0830439246465056,1
"1264",1264,0.0346978906145674,0.0841055670111321,0
"1265",1265,0.0331156845548251,0.0805906751584005,0
"1266",1266,0.0374061358031423,0.088220328081642,1
"1267",1267,0.0337530982892601,0.0824676674946467,0
"1268",1268,0.0331027287288865,0.0806328722144565,0
"1269",1269,0.0319320372252545,0.0788506862977306,0
"1270",1270,0.0310282655916305,0.0765871088590993,0
"1271",1271,0.0299614785659602,0.0749313547012525,0
"1272",1272,0.0364922470253319,0.088807839928642,1
"1273",1273,0.0330189205549703,0.0815400272973965,0
"1274",1274,0.0311763489492231,0.0781945372406122,0
"1275",1275,0.0295696158500533,0.0748878415757142,0
"1276",1276,0.0299601521093329,0.0747377864588687,0
"1277",1277,0.028911226407644,0.0731240619924606,0
"1278",1278,0.0354814240431483,0.0858417655313154,1
"1279",1279,0.0365318613445621,0.0892319294287674,1
"1280",1280,0.0323689265303205,0.0804922571676335,0
"1281",1281,0.0332480979985992,0.0805500242349717,0
"1282",1282,0.0368272301435925,0.0893615816965906,1
"1283",1283,0.0326936792168646,0.081072513926162,0
"1284",1284,0.0331924040608431,0.082043744420585,1
"1285",1285,0.0315381923922334,0.0788048807587795,0
"1286",1286,0.0317888338059693,0.0790805109305665,0
"1287",1287,0.0314963276742588,0.0799904958448978,1
"1288",1288,0.0338606475684752,0.0827362142013483,0
"1289",1289,0.0329847016808806,0.0809039934753486,0
"1290",1290,0.0302629223942418,0.0758668514730194,0
"1291",1291,0.0309871833014696,0.0788745692456005,1
"1292",1292,0.0305971477471134,0.076357625192864,0
"1293",1293,0.0296760496951803,0.0752328352508566,1
"1294",1294,0.0325625576289462,0.0811828187215608,1
"1295",1295,0.0306286881223884,0.0772307412109173,0
"1296",1296,0.0307190979756994,0.0770442785588667,0
"1297",1297,0.0298781812865216,0.0751449287152234,0
"1298",1298,0.0299643752184,0.0756758465858948,0
"1299",1299,0.0291081928521104,0.0737698582673818,0
"1300",1300,0.0313473589519079,0.0789642162080967,1
"1301",1301,0.0320068761528914,0.0807338402960219,1
"1302",1302,0.031136369196072,0.0794115917707623,1
"1303",1303,0.0309418310960953,0.0792149554372845,1
"1304",1304,0.03579399456524,0.0877936313154245,1
"1305",1305,0.0335332344748751,0.0821145981197773,0
"1306",1306,0.0318521106974708,0.0803978808721899,1
"1307",1307,0.0364012820130993,0.0888516319336928,1
"1308",1308,0.0351675923599645,0.085393254980053,1
"1309",1309,0.0344547276998915,0.0841518976863897,1
"1310",1310,0.0300312174097272,0.0755334338987395,0
"1311",1311,0.0315621623127029,0.0783251149812307,0
"1312",1312,0.0320552721452583,0.0795254175077366,0
"1313",1313,0.0291120992545058,0.0739132506494192,0
"1314",1314,0.0329259195271104,0.0804568344559049,1
"1315",1315,0.0345329003385895,0.0834397709997809,1
"1316",1316,0.0358235722316695,0.0868039451276658,1
"1317",1317,0.0325897070958218,0.0794867175343216,0
"1318",1318,0.0354123696289297,0.0857783134843974,1
"1319",1319,0.0329416338625787,0.0803978581758849,0
"1320",1320,0.0404728621799641,0.0937414154645245,1
"1321",1321,0.0369155791564802,0.0872133055014736,0
"1322",1322,0.037187126573368,0.0879256352183812,1
"1323",1323,0.0339174721844122,0.0822840808504197,0
"1324",1324,0.0353702662001457,0.0853976742460722,1
"1325",1325,0.030536469574207,0.0769297832502927,0
"1326",1326,0.028518287360923,0.0724367173184328,0
"1327",1327,0.0333561659819629,0.0808535526719103,0
"1328",1328,0.0372720706059024,0.0873386397319708,1
"1329",1329,0.0344219165406093,0.0821603150970415,0
"1330",1330,0.0321842697559094,0.0790129113118927,0
"1331",1331,0.0347629519573071,0.082949412063136,1
"1332",1332,0.0377157622503024,0.0885770178133533,1
"1333",1333,0.0386719421019111,0.0918250856304474,1
"1334",1334,0.0350366862196921,0.0845591833650875,0
"1335",1335,0.0336887772947062,0.0814811077523733,0
"1336",1336,0.0311449907512868,0.0775632790064901,0
"1337",1337,0.0339917975696852,0.0828601544706815,1
"1338",1338,0.0329633220520297,0.0803841122910274,0
"1339",1339,0.0314427432149425,0.0770259751287561,0
"1340",1340,0.0368869857333856,0.0878201948539992,1
"1341",1341,0.0351601101728886,0.0835134328362475,0
"1342",1342,0.0378004851824274,0.0886634841171613,1
"1343",1343,0.0361318428247634,0.0869270072645392,1
"1344",1344,0.0325958191493163,0.0799535278147243,0
"1345",1345,0.0302112564145112,0.0755051819011069,0
"1346",1346,0.032857740420201,0.0810202517297639,1
"1347",1347,0.03081204007795,0.0770061766846936,0
"1348",1348,0.0317453411334662,0.0787059465385897,0
"1349",1349,0.0324730519776758,0.0810668514501559,1
"1350",1350,0.0321947472281772,0.0807778355592242,1
"1351",1351,0.0307511694412404,0.0772443363945963,0
"1352",1352,0.0355387885507525,0.0857552322816529,1
"1353",1353,0.0316106503959865,0.0783040965775297,0
"1354",1354,0.0300344733347984,0.0757700085859646,0
"1355",1355,0.0349206312563477,0.0854513332814183,1
"1356",1356,0.0326726769715846,0.0798896069494133,1
"1357",1357,0.0340298619381468,0.0820187772584041,0
"1358",1358,0.0333923622361561,0.080985812581526,0
"1359",1359,0.0329269851055345,0.0798994508668163,0
"1360",1360,0.0322139146660035,0.0790415937934317,1
"1361",1361,0.0338561292946503,0.081612677733831,0
"1362",1362,0.0358800448794113,0.086075709329937,1
"1363",1363,0.0340872144458822,0.0829900235740718,1
"1364",1364,0.0317917704506232,0.0788274266402453,1
"1365",1365,0.0366123245857497,0.0871921605186836,1
"1366",1366,0.0339097815115116,0.0816006210454059,0
"1367",1367,0.0352827862968434,0.0848824889608714,1
"1368",1368,0.0352078428223706,0.0855280383371929,1
"1369",1369,0.0335999459263639,0.081119330427302,0
"1370",1370,0.0355090669579848,0.0851935742356851,1
"1371",1371,0.0371280644289434,0.088905292861343,1
"1372",1372,0.0327300482105981,0.0804776550216149,0
"1373",1373,0.0308462638916333,0.0762473817161709,0
"1374",1374,0.0367307903862163,0.0880593393937714,1
"1375",1375,0.0351095850094912,0.0841783695586452,0
"1376",1376,0.0336770794770923,0.0810104028519724,0
"1377",1377,0.0356284216146498,0.0843442371764411,0
"1378",1378,0.032500243396767,0.0793775734842032,0
"1379",1379,0.0368267022114887,0.0866783403566804,1
"1380",1380,0.0383575445783591,0.0889268475306274,1
"1381",1381,0.0323034410524033,0.0785369531044904,0
"1382",1382,0.0378336176811833,0.092293768024254,1
"1383",1383,0.0397085321733835,0.0926177891805167,1
"1384",1384,0.0377527624699642,0.0895336151731036,1
"1385",1385,0.0391690400071564,0.0912466458376711,1
"1386",1386,0.0340346981812283,0.0823885664886555,0
"1387",1387,0.0362905917671178,0.0860227654681612,1
"1388",1388,0.0338337245753306,0.0810051152845074,0
"1389",1389,0.035033625548795,0.0827213144001878,1
"1390",1390,0.0330803912721183,0.0792881620666477,1
"1391",1391,0.0336187726693691,0.0812006450501013,1
"1392",1392,0.0321879419533743,0.078286154252741,0
"1393",1393,0.0337267462693147,0.0800266397714483,0
"1394",1394,0.032998110681379,0.0791535785517792,0
"1395",1395,0.0321892321783662,0.0789607189072572,0
"1396",1396,0.0330625157654917,0.0816418112886084,1
"1397",1397,0.0324784489470731,0.0795575336065953,0
"1398",1398,0.0313145226000736,0.077349199232956,0
"1399",1399,0.0344363351715248,0.0830350468988233,0
"1400",1400,0.0330644831627893,0.0793492726122314,0
"1401",1401,0.0356200035068425,0.0848762406905711,1
"1402",1402,0.0349790143523889,0.0836359341809358,1
"1403",1403,0.0351428042769919,0.0847107590066276,1
"1404",1404,0.0317132365143967,0.0779354266631194,0
"1405",1405,0.0309633978602589,0.0767489488381485,0
"1406",1406,0.0329382540474232,0.0808721790592497,1
"1407",1407,0.0372631530547938,0.0906233424178839,1
"1408",1408,0.0346959943153391,0.084804848993307,1
"1409",1409,0.0330594353768013,0.0805492786864684,0
"1410",1410,0.0341117830203345,0.0824632602353863,1
"1411",1411,0.0322063283048511,0.0787260149648451,0
"1412",1412,0.0338213694539338,0.0821295846684261,1
"1413",1413,0.0313059736500093,0.0775233785969798,0
"1414",1414,0.0330991657443485,0.0811943899191029,1
"1415",1415,0.0342150734768933,0.0825410756055568,0
"1416",1416,0.0315626363453348,0.0782759891188669,0
"1417",1417,0.0324332069518062,0.0796237197300518,1
"1418",1418,0.034412329812268,0.0841029533619213,1
"1419",1419,0.0302673317106782,0.0758056125107244,0
"1420",1420,0.0297202350636775,0.0747161247316939,0
"1421",1421,0.0307491740678471,0.0761765680600064,0
"1422",1422,0.0333010958818173,0.082275165648768,1
"1423",1423,0.0314126169081473,0.0784542687594026,0
"1424",1424,0.035427745538956,0.0869433907474237,1
"1425",1425,0.036861030647416,0.0877078809453698,1
"1426",1426,0.0319263498705749,0.079128266910536,0
"1427",1427,0.0327292339210842,0.0804018773467793,1
"1428",1428,0.0329966786490006,0.0804067370834562,0
"1429",1429,0.034565154534696,0.083816167363117,1
"1430",1430,0.0329681081599821,0.0801283686474967,0
"1431",1431,0.0334883530392984,0.0819982594770567,1
"1432",1432,0.031731368127905,0.0774743171350552,0
"1433",1433,0.0296327033765668,0.0737990396786687,0
"1434",1434,0.0329166315708083,0.0794360130153718,0
"1435",1435,0.0312971973707563,0.0767358782228652,0
"1436",1436,0.0344807677553934,0.0831692323843176,0
"1437",1437,0.0334767310712395,0.0804902815979508,0
"1438",1438,0.0343269761249143,0.082530814140622,0
"1439",1439,0.0308848599769559,0.0757894986599643,0
"1440",1440,0.0343429906137755,0.0822213613277811,0
"1441",1441,0.0338020298645016,0.0814469968456564,0
"1442",1442,0.034710123464198,0.0830941708759554,0
"1443",1443,0.033851046238696,0.0827794078838797,1
"1444",1444,0.0340219102286932,0.0819367611101779,0
"1445",1445,0.0326264004547867,0.0794603446770865,0
"1446",1446,0.0326378179349792,0.0805071986582543,1
"1447",1447,0.0313706452726816,0.078194787260551,1
"1448",1448,0.0297185616692863,0.0754899036655893,1
"1449",1449,0.0310095568599288,0.0772720440156079,1
"1450",1450,0.0322901477611184,0.0796687419580493,1
"1451",1451,0.0324938155822863,0.0802208939670343,0
"1452",1452,0.0398237608960251,0.0936284435017422,1
"1453",1453,0.0368810587451768,0.0871687036239555,1
"1454",1454,0.0338795722753836,0.0815383638584071,0
"1455",1455,0.0317157587039235,0.0774403695489199,0
"1456",1456,0.0302413412743628,0.0751200753920058,0
"1457",1457,0.0312919755049575,0.077962713533813,1
"1458",1458,0.0342928157755159,0.0848612831409552,1
"1459",1459,0.0359930583577745,0.0863964394416105,1
"1460",1460,0.0344012130490995,0.0823010866001734,0
"1461",1461,0.0384428519579623,0.0902582679523909,1
"1462",1462,0.0349186526461205,0.0835244217183042,1
"1463",1463,0.031768244573635,0.0774957254225259,0
"1464",1464,0.0315310237750111,0.0768335478598386,0
"1465",1465,0.0354684837991081,0.0842681524452993,1
"1466",1466,0.0350284834219668,0.08373996544779,1
"1467",1467,0.0341928265767866,0.0814378484923704,0
"1468",1468,0.0330942386215404,0.0789317174637356,0
"1469",1469,0.0344804750736657,0.0820091262194132,0
"1470",1470,0.0338975405473723,0.0818294372956896,0
"1471",1471,0.0342856892078354,0.0822582986918656,0
"1472",1472,0.0331136643870167,0.0801990474830015,0
"1473",1473,0.0353186209988228,0.0843009376049481,1
"1474",1474,0.0309192278443847,0.076616159000763,0
"1475",1475,0.0313388661990195,0.0767550483946781,0
"1476",1476,0.0359898205374653,0.087106155691812,1
"1477",1477,0.0335507441673643,0.0808741956216607,0
"1478",1478,0.0314111584546963,0.0772069620370897,0
"1479",1479,0.0334954893520535,0.0811640238492937,1
"1480",1480,0.0339357393889141,0.0817163537664745,1
"1481",1481,0.0344940498016052,0.0832553834036955,1
"1482",1482,0.0332462258817354,0.0797420401152459,0
"1483",1483,0.0349533265241133,0.0827344381491954,0
"1484",1484,0.0354017421004094,0.0847389483095514,1
"1485",1485,0.0327294196656946,0.0801146013470584,1
"1486",1486,0.0352971306742734,0.0864866056877501,1
"1487",1487,0.0333315115297624,0.0810003245034898,0
"1488",1488,0.0334281278017502,0.0816349504609383,1
"1489",1489,0.032061461780947,0.0788374773531762,0
"1490",1490,0.0330179869582237,0.0804687292550337,1
"1491",1491,0.0322742652559481,0.0791530228178492,1
"1492",1492,0.0380310970394447,0.0911623357571586,1
"1493",1493,0.0348809349913589,0.0840956490266501,0
"1494",1494,0.0368086144063963,0.0875539142196487,1
"1495",1495,0.0332671637949017,0.0810119222404058,0
"1496",1496,0.0324417303961283,0.080529388688843,1
"1497",1497,0.0313940722014652,0.0783211944959938,0
"1498",1498,0.0333883193298994,0.0816796584484254,0
"1499",1499,0.0365722057752578,0.0867796997155848,1
"1500",1500,0.0349948073981161,0.083608259317199,1
"1501",1501,0.0327585226223914,0.0802491697623363,0
"1502",1502,0.0367811537588403,0.0889037489044023,1
"1503",1503,0.0329659683071263,0.0813512515908179,0
"1504",1504,0.0328935071657993,0.0802581976183612,0
"1505",1505,0.0347358492267235,0.084718640288968,1
"1506",1506,0.0370474714759022,0.0891249909622138,1
"1507",1507,0.0355109627904123,0.0861021212877324,1
"1508",1508,0.0356225662847448,0.0862859500520164,1
"1509",1509,0.034135494480782,0.0827220771530031,0
"1510",1510,0.0376876342158027,0.0885082636277254,1
"1511",1511,0.0375485479599741,0.0885240628943635,1
"1512",1512,0.037655117883578,0.0878328491508647,1
"1513",1513,0.0355539368346993,0.0847666193963718,1
"1514",1514,0.0341490455026484,0.0825413362265608,1
"1515",1515,0.0355160934229721,0.0842090267673315,1
"1516",1516,0.0358257705467879,0.0844551431550384,0
"1517",1517,0.0322996758407504,0.0779028734452086,0
"1518",1518,0.0324088759134202,0.079059905822154,1
"1519",1519,0.0305546522334919,0.0760088525324424,0
"1520",1520,0.0306877016877012,0.0761871227932376,0
"1521",1521,0.0301789490486498,0.0754932724475647,0
"1522",1522,0.0333693896670475,0.081260412747448,1
"1523",1523,0.0303479862797511,0.0759789991327517,0
"1524",1524,0.0337176073370062,0.0822377759480892,1
"1525",1525,0.0331080680499243,0.0804666901064012,1
"1526",1526,0.0342960321587802,0.0835134545367734,1
"1527",1527,0.0400781088794735,0.0934750066740249,1
"1528",1528,0.0350528632350713,0.0836005893816898,0
"1529",1529,0.0331299837499457,0.0799505795768759,0
"1530",1530,0.0350929560937046,0.0849118501728484,1
"1531",1531,0.0339263217285346,0.0815027539305039,0
"1532",1532,0.0357174165433539,0.0853167780595106,1
"1533",1533,0.0362878688475045,0.0858581570764535,1
"1534",1534,0.0347747954729043,0.0831606498774154,1
"1535",1535,0.0340431400975791,0.0827854914954472,1
"1536",1536,0.0345716134571103,0.0825135175768376,1
"1537",1537,0.0388590380977406,0.0902016098040344,1
"1538",1538,0.0342334796944733,0.0819875951796347,0
"1539",1539,0.0337017366803249,0.0839948762778544,1
"1540",1540,0.0323344586797676,0.0796670090188024,1
"1541",1541,0.0298962720348128,0.0755521439330448,0
"1542",1542,0.0305317947901364,0.0771373282899911,0
"1543",1543,0.0292481777473891,0.0744901054014392,0
"1544",1544,0.032769968705141,0.0817511696848313,0
"1545",1545,0.0319267820448384,0.0786149854358552,0
"1546",1546,0.0375993963704808,0.0890053748403051,1
"1547",1547,0.033663826024597,0.0814496201185924,0
"1548",1548,0.0305378630400156,0.0767437078993253,1
"1549",1549,0.0320815862031625,0.0798430553917074,0
"1550",1550,0.0332531587149966,0.0815011044819548,1
"1551",1551,0.0328163393350074,0.0801553291612138,0
"1552",1552,0.037561025433541,0.0892883893155781,1
"1553",1553,0.0364475458601001,0.0859768059414893,0
"1554",1554,0.0331778952668642,0.0809330707395876,0
"1555",1555,0.0325005663169326,0.0791749265848207,0
"1556",1556,0.0326278622529714,0.079258544659626,0
"1557",1557,0.039341531631576,0.0909582084089061,1
"1558",1558,0.0345419056590007,0.0826074077789605,0
"1559",1559,0.0369007758322204,0.086740899215476,1
"1560",1560,0.0339234110719319,0.0817857132930838,1
"1561",1561,0.0326375340810859,0.0796774277922884,0
"1562",1562,0.0319195722839867,0.0783273669173834,1
"1563",1563,0.0314270491288693,0.0774548976021745,0
"1564",1564,0.0362877366122484,0.0864797007511595,1
"1565",1565,0.0379309676434196,0.089118655295791,1
"1566",1566,0.0345470401540855,0.0828715356407843,0
"1567",1567,0.0319894838148383,0.078678094841734,0
"1568",1568,0.0318143308692964,0.0791835639521693,1
"1569",1569,0.0327413157416768,0.0804930866597405,1
"1570",1570,0.032103922619105,0.079466703680186,0
"1571",1571,0.0347513746701979,0.0854958427651031,1
"1572",1572,0.028935040107375,0.0745285017790262,0
"1573",1573,0.0319991521496399,0.0794951009038422,0
"1574",1574,0.0327157169453749,0.0800713790327826,0
"1575",1575,0.0347862912791834,0.0843946393086886,1
"1576",1576,0.0346343817065358,0.0847143576939905,1
"1577",1577,0.0332269074212178,0.0811255797606167,0
"1578",1578,0.0324620767311332,0.0808289427932665,1
"1579",1579,0.0304661012092098,0.0769858225481449,1
"1580",1580,0.0353430285664551,0.0853882890824734,1
"1581",1581,0.0351444992135959,0.0854660140413647,1
"1582",1582,0.031994232655783,0.0792286732770377,0
"1583",1583,0.0316697578656962,0.0790542353419224,0
"1584",1584,0.0366131151654394,0.0906283495696315,1
"1585",1585,0.0310074834325205,0.0783900638969708,0
"1586",1586,0.0320450317646032,0.0791286839367195,0
"1587",1587,0.0313303001934013,0.0788438850880786,1
"1588",1588,0.0316631283764341,0.077662461200677,0
"1589",1589,0.0329991758880169,0.080521956490874,1
"1590",1590,0.0334617986631563,0.0813494085035928,0
"1591",1591,0.0348693221415413,0.0836723894859191,0
"1592",1592,0.0401018471580326,0.0924776310122954,1
"1593",1593,0.0348237946898543,0.0837331133115301,0
"1594",1594,0.0350039834266592,0.0844164027181785,1
"1595",1595,0.031012580941986,0.0770607055004585,0
"1596",1596,0.0295643728539386,0.0742748700123202,0
"1597",1597,0.0330434811584435,0.0815376086995702,1
"1598",1598,0.0383348624923417,0.0927063390652123,1
"1599",1599,0.0383461825891006,0.0918339987333683,1
"1600",1600,0.0362898798320489,0.087099326688221,1
"1601",1601,0.0330799745498767,0.0809234020562522,0
"1602",1602,0.0322022184466531,0.0793475669911782,0
"1603",1603,0.0342858647722404,0.0840175158957663,1
"1604",1604,0.0358272473572871,0.0862588123425678,1
"1605",1605,0.0393078044835159,0.0905177856435053,1
"1606",1606,0.0380250808855618,0.0892541623130199,1
"1607",1607,0.0348248142651831,0.0828000282100255,0
"1608",1608,0.0360954814033613,0.0855756361070379,1
"1609",1609,0.034053738107713,0.0819405006938357,0
"1610",1610,0.0361358881303455,0.0866128858898799,1
"1611",1611,0.0312505878138279,0.0769358495498191,0
"1612",1612,0.0306846074505976,0.0757684015381319,0
"1613",1613,0.033090976761218,0.0799634440946429,0
"1614",1614,0.0322229793628885,0.0783150292441678,0
"1615",1615,0.0310002962853226,0.0764979009662803,0
"1616",1616,0.0312332224206983,0.0765890013725406,0
"1617",1617,0.0323128856126816,0.0787417548658898,0
"1618",1618,0.0343671784898412,0.0823306821568817,0
"1619",1619,0.0329672603610694,0.0797078304140505,0
"1620",1620,0.0324434993989779,0.079204502706415,1
"1621",1621,0.0338184606763806,0.0840271094890363,1
"1622",1622,0.0336697046685574,0.0823086305257107,0
"1623",1623,0.0327142194727269,0.0804156049545487,0
"1624",1624,0.0307395496462032,0.0763163361860364,0
"1625",1625,0.0350315493302426,0.0849195256148516,1
"1626",1626,0.0327240380708628,0.0797272589243911,0
"1627",1627,0.0306133396159146,0.0761600137382944,0
"1628",1628,0.0314182654201254,0.0783561921163413,0
"1629",1629,0.0320028389394969,0.078949416145629,0
"1630",1630,0.0322946496664216,0.0794844544623746,0
"1631",1631,0.0330558746217907,0.0803219488229567,1
"1632",1632,0.030497384710016,0.0761251684054118,0
"1633",1633,0.0315371556846774,0.0786016878967938,0
"1634",1634,0.0367760277893586,0.0882919872905453,1
"1635",1635,0.0342551559702006,0.0828190095639434,0
"1636",1636,0.0358189233295451,0.086777064923879,1
"1637",1637,0.0328082858351162,0.0797819694768355,0
"1638",1638,0.0328033898353491,0.0796382262282253,0
"1639",1639,0.0301377488900239,0.0751889234932353,0
"1640",1640,0.0285922111232975,0.0729171986089043,0
"1641",1641,0.0347857028177759,0.0851993219977754,1
"1642",1642,0.030021768539418,0.0763559071725931,0
"1643",1643,0.0312446576282607,0.0790336732255832,0
"1644",1644,0.0310776766390382,0.0785731949546333,1
"1645",1645,0.0322712492709762,0.0806263684987527,1
"1646",1646,0.0321370382789898,0.0797454745938375,0
"1647",1647,0.0328928347888016,0.0795311104936141,0
"1648",1648,0.0311388384616625,0.0771823015335458,0
"1649",1649,0.0330689628423488,0.081337055713727,1
"1650",1650,0.0310367840477781,0.0775516566342284,0
"1651",1651,0.0284144840930962,0.0730636602561235,0
"1652",1652,0.0315001017434431,0.079362282215106,1
"1653",1653,0.031217038560867,0.0787649685767918,0
"1654",1654,0.031261063215777,0.0788647691675569,1
"1655",1655,0.0321915802983966,0.081386599287379,1
"1656",1656,0.0333145806069128,0.0818248506984493,1
"1657",1657,0.0337456332466751,0.0827565697552507,0
"1658",1658,0.032811528456916,0.0803212524330246,0
"1659",1659,0.0352102240053881,0.0842875966490796,1
"1660",1660,0.0366781858396272,0.0877507896481176,1
"1661",1661,0.0334621810254572,0.0810074247060908,0
"1662",1662,0.0309685057213952,0.0766055218429757,0
"1663",1663,0.0363192947862921,0.0864790666618568,1
"1664",1664,0.0300138752418612,0.0751872496394113,0
"1665",1665,0.0331948497002311,0.0830406794418467,1
"1666",1666,0.0326989671929588,0.0805622624017905,0
"1667",1667,0.0345181271883578,0.083570139998658,1
"1668",1668,0.0405814498433472,0.0928705516834142,1
"1669",1669,0.0394370639627792,0.0917872327495462,1
"1670",1670,0.0353805361250033,0.0850597645469563,1
"1671",1671,0.0341440717209059,0.0836681212102969,1
"1672",1672,0.0339737806296175,0.0816972609922946,0
"1673",1673,0.0346873189049035,0.0835179522896572,0
"1674",1674,0.0358180187095382,0.0859919312759818,1
"1675",1675,0.0367785774529644,0.08645699110948,1
"1676",1676,0.0340761759475113,0.082316597429926,1
"1677",1677,0.0357209895095935,0.0863268446513406,1
"1678",1678,0.0356644322256951,0.0846135721327312,0
"1679",1679,0.03635011616841,0.086663773501876,1
"1680",1680,0.0348213319506862,0.0838794467830673,1
"1681",1681,0.0326969114507498,0.0797840734510706,1
"1682",1682,0.0330400560175736,0.080945115207824,0
"1683",1683,0.0332297024982637,0.0806893313901157,0
"1684",1684,0.0306617459333778,0.0763831555681894,0
"1685",1685,0.0335673955506096,0.0816285819767479,0
"1686",1686,0.0321386436830964,0.0794917013464933,0
"1687",1687,0.035115314413073,0.0852717460345203,1
"1688",1688,0.0318794855563657,0.0787591883510964,0
"1689",1689,0.0332638794623613,0.0807597068801854,0
"1690",1690,0.0330221488177732,0.0793638960881804,0
"1691",1691,0.0334840995068051,0.0807807514546059,0
"1692",1692,0.0320522048692873,0.0785021428051432,0
"1693",1693,0.033139687099495,0.0807205696308366,1
"1694",1694,0.0320240549630084,0.0790223252018089,0
"1695",1695,0.0302177738223848,0.0764251802907371,0
"1696",1696,0.0388461113638865,0.093916170161135,1
"1697",1697,0.0367370315302137,0.0879965013589633,0
"1698",1698,0.0313819094433118,0.0785323574269702,0
"1699",1699,0.0326155710497094,0.0813828108315681,1
"1700",1700,0.0363501617884281,0.0868584252263798,1
"1701",1701,0.0324704424424893,0.0793597050363858,0
"1702",1702,0.0389220041669779,0.0907329341807958,1
"1703",1703,0.0385862381218398,0.090682612397343,1
"1704",1704,0.0339937973798592,0.0828120357090187,0
"1705",1705,0.031957380965784,0.0793917555968154,0
"1706",1706,0.0314452593072219,0.0779798224300628,0
"1707",1707,0.0308992842060736,0.0765891018100113,0
"1708",1708,0.0317391322104175,0.0777409497499815,0
"1709",1709,0.032651435729789,0.0796886590160837,0
"1710",1710,0.0369974141561736,0.0876092369047686,1
"1711",1711,0.0326994827133768,0.0785299735443233,0
"1712",1712,0.0327604133854011,0.079268435838388,0
"1713",1713,0.0349953667146782,0.0831517898101079,1
"1714",1714,0.040084661480146,0.0925885959401952,1
"1715",1715,0.0332652106054129,0.080773903793477,0
"1716",1716,0.0318827580301865,0.0782375306607702,0
"1717",1717,0.0329550240172202,0.0803177119452866,0
"1718",1718,0.0349920868699345,0.0832972061902114,1
"1719",1719,0.0381506485768054,0.0880664069542549,1
"1720",1720,0.0355961549958279,0.0836900324097867,0
"1721",1721,0.0341944913219573,0.0818735787004171,1
"1722",1722,0.0325550233568522,0.0787850233930827,0
"1723",1723,0.0310857842038619,0.0755951966898061,0
"1724",1724,0.0331456848094688,0.0801247419817787,1
"1725",1725,0.0355464818724771,0.0856188680676812,0
"1726",1726,0.0320409067036134,0.0788389989016159,0
"1727",1727,0.0313645018582165,0.0787356570806636,1
"1728",1728,0.0336523352630266,0.0817790270880026,1
"1729",1729,0.0340184196879586,0.0817170977932528,0
"1730",1730,0.0327242353112765,0.0787083523106039,0
"1731",1731,0.0307735169078576,0.0761173449250271,0
"1732",1732,0.0324027636841987,0.0794511924200251,0
"1733",1733,0.0354079036948329,0.0847645216923831,1
"1734",1734,0.0341115879868614,0.0817146353013704,0
"1735",1735,0.0306531363247066,0.0753831223390962,0
"1736",1736,0.0326674326087091,0.0793596428048107,0
"1737",1737,0.0382304401763039,0.0904279206037727,1
"1738",1738,0.037134846408912,0.0882213304888231,1
"1739",1739,0.0341368911995827,0.08153880418614,0
"1740",1740,0.0336504645286688,0.0808627878447835,0
"1741",1741,0.0309355673064057,0.0762014039923389,0
"1742",1742,0.03224039862254,0.0786651058847552,1
"1743",1743,0.0324724735775904,0.0801295442321847,1
"1744",1744,0.0315527687547388,0.0779930978019192,1
"1745",1745,0.0320548114665844,0.0788810170529619,0
"1746",1746,0.035888038276925,0.0861200775139882,1
"1747",1747,0.0368473189010223,0.0884377402264631,1
"1748",1748,0.0361542078046366,0.0863486284865767,0
"1749",1749,0.0341633027600565,0.0821143853097589,0
"1750",1750,0.031519671205587,0.0771058145500204,0
"1751",1751,0.0331060226465026,0.0805538258124748,0
"1752",1752,0.0325046627871059,0.0795894135564381,0
"1753",1753,0.029301835936981,0.0741019216185921,0
"1754",1754,0.0311681035276663,0.0770781631076177,0
"1755",1755,0.0300904643183753,0.0765979457687974,1
"1756",1756,0.0342326177111989,0.083253912976212,1
"1757",1757,0.0342187520474476,0.0821178904763478,0
"1758",1758,0.0318227684472151,0.0779061324700503,0
"1759",1759,0.034203329007057,0.082398510702145,1
"1760",1760,0.0374251883537262,0.0879693250124632,1
"1761",1761,0.0340059574134207,0.0815047447488964,0
"1762",1762,0.0348991332241505,0.082691245242646,0
"1763",1763,0.0364091140603066,0.0854753896990526,1
"1764",1764,0.034955597600518,0.0829323249163923,0
"1765",1765,0.0347351252044146,0.0829577900990463,0
"1766",1766,0.033438906054851,0.0810126636261754,0
"1767",1767,0.0336765754244156,0.0814067082602459,1
"1768",1768,0.0317387084164597,0.0780544735966553,0
"1769",1769,0.032415671107082,0.0793652206043158,0
"1770",1770,0.0318950832845267,0.0802312391463378,1
"1771",1771,0.033196824850977,0.0813812524422968,0
"1772",1772,0.0336292917731957,0.0813191795535257,0
"1773",1773,0.0322235316801634,0.0790951244096755,0
"1774",1774,0.0309967988578956,0.0773818255552308,1
"1775",1775,0.0339439687144121,0.0814620867859932,1
"1776",1776,0.0350625623587426,0.0841808747645369,1
"1777",1777,0.0400018070607087,0.0932047796850799,1
"1778",1778,0.0395032549889303,0.0926320174005316,1
"1779",1779,0.0359698371687036,0.0856289372581721,1
"1780",1780,0.0347878630182216,0.0831022519128233,1
"1781",1781,0.0359493534512894,0.0867856785536907,1
"1782",1782,0.0370476745305758,0.0878658613665594,1
"1783",1783,0.0353365340951361,0.0835640924155923,0
"1784",1784,0.0334266591328531,0.0799250661202393,0
"1785",1785,0.0319908994930409,0.0784430429453858,0
"1786",1786,0.0305802204517168,0.0760364581346494,0
"1787",1787,0.0365657431172479,0.0876871924222835,1
"1788",1788,0.0343214463737303,0.0842628766288925,1
"1789",1789,0.0325612463801423,0.0801104934521465,0
"1790",1790,0.0342335412706074,0.0832020268187157,1
"1791",1791,0.0335143177064691,0.0816865297467767,0
"1792",1792,0.0327354922715793,0.0795128876589678,0
"1793",1793,0.0332673958096651,0.0811931895267295,0
"1794",1794,0.0304925089846475,0.0764376463863234,0
"1795",1795,0.0313544214012776,0.0793844579051111,1
"1796",1796,0.0345457778188233,0.0851116566841146,1
"1797",1797,0.032104741323802,0.0787971044342221,0
"1798",1798,0.0315737657372248,0.0779390882821269,0
"1799",1799,0.0328476912607357,0.0798678111623591,0
"1800",1800,0.030777085145637,0.0766753952913499,0
"1801",1801,0.0320338674900508,0.0796383393621613,1
"1802",1802,0.0381514235163636,0.0904562936882828,1
"1803",1803,0.0366252893970886,0.0861833166871693,0
"1804",1804,0.0324895521058174,0.0796897047155968,0
"1805",1805,0.0314400159758236,0.0779954893788269,0
"1806",1806,0.0364092365922304,0.0879484173139087,1
"1807",1807,0.0324594824537046,0.0796624557372386,0
"1808",1808,0.0326671027870169,0.0810350341529364,1
"1809",1809,0.0315380062394913,0.0786374786766588,0
"1810",1810,0.0338412802421929,0.0814066887774824,1
"1811",1811,0.0398272660622172,0.0936459388505221,1
"1812",1812,0.0355461549218255,0.0843740915465971,0
"1813",1813,0.0364453562321791,0.0862545526828265,1
"1814",1814,0.0334912525541963,0.0810898080052167,0
"1815",1815,0.0304653927009296,0.0763332831519373,0
"1816",1816,0.0313815031808305,0.0775675297156157,1
"1817",1817,0.0327537118062526,0.0801211220260577,0
"1818",1818,0.0318927872034907,0.0791188297013986,0
"1819",1819,0.0287056631883498,0.0734631047339247,0
"1820",1820,0.0305031014956981,0.0776726246904682,1
"1821",1821,0.0357502428092909,0.0880548895489669,1
"1822",1822,0.0336349106394389,0.0836254933886302,0
"1823",1823,0.0346968410224262,0.0849118865957546,1
"1824",1824,0.0372235183521336,0.0893939123832822,1
"1825",1825,0.0346833283263363,0.0830284400063283,0
"1826",1826,0.039455071159357,0.0921229885856786,1
"1827",1827,0.0391383048096927,0.0903229403749851,1
"1828",1828,0.0404925284149646,0.0923627707702749,1
"1829",1829,0.040602614476893,0.0943521745511016,1
"1830",1830,0.0415415072731044,0.0959293479113525,1
"1831",1831,0.0347648435064828,0.0839165126177432,0
"1832",1832,0.0372601130003986,0.087202455757688,1
"1833",1833,0.0367161833393491,0.0868559131696348,1
"1834",1834,0.0373261688163518,0.087697697952586,1
"1835",1835,0.0367326026692414,0.0867850214325656,1
"1836",1836,0.0327577987181508,0.0798056299096437,0
"1837",1837,0.0343790657734062,0.0818611008435005,0
"1838",1838,0.0351090858306063,0.0831872050361436,0
"1839",1839,0.0345541139366854,0.083013285838147,1
"1840",1840,0.0334763818464356,0.0803609557961983,0
"1841",1841,0.0336075998915766,0.0810640908601519,1
"1842",1842,0.0353860596930449,0.0855257691011718,1
"1843",1843,0.0354135875923916,0.0838912858665941,0
"1844",1844,0.031954846774264,0.0779856914433337,0
"1845",1845,0.0352909754754514,0.0844302914321804,1
"1846",1846,0.0376526638168047,0.0880054987063908,1
"1847",1847,0.0341505081258826,0.0812177968642444,0
"1848",1848,0.0327006998817913,0.0781825853059148,0
"1849",1849,0.0331762612525061,0.0798892076565621,0
"1850",1850,0.0359375968483642,0.086203648051319,1
"1851",1851,0.0316612956743523,0.0782627146177009,0
"1852",1852,0.0306118629554238,0.0758889687407087,0
"1853",1853,0.0311739131422992,0.0775945341592173,0
"1854",1854,0.0343820631825757,0.0834886885407008,1
"1855",1855,0.0357144308702177,0.0853949973244883,1
"1856",1856,0.0339987200313195,0.0833858624612589,1
"1857",1857,0.0375034519261832,0.0898069362668686,1
"1858",1858,0.03456016532669,0.0832091481916358,1
"1859",1859,0.0329125864250188,0.0799634417941125,0
"1860",1860,0.0302278414635334,0.0753237198614454,0
"1861",1861,0.0326542417467197,0.0800994067697492,1
"1862",1862,0.0335282635485491,0.0811253891931084,0
"1863",1863,0.0335227421685261,0.0805339656185894,0
"1864",1864,0.0413444229367809,0.0942397605504038,1
"1865",1865,0.0403669673064429,0.0939807298151175,1
"1866",1866,0.0397059637046362,0.0916131697955242,1
"1867",1867,0.037528746504593,0.0890458911853929,1
"1868",1868,0.0393599850105707,0.0901798503094139,1
"1869",1869,0.0380968386691567,0.0882940069653156,0
"1870",1870,0.0347381399697158,0.0830861627396599,0
"1871",1871,0.0365754283589803,0.087046928646701,1
"1872",1872,0.0318984344403694,0.0785766778894179,0
"1873",1873,0.0309987604916117,0.0769383733940327,0
"1874",1874,0.0312346385206804,0.0767696249362884,0
"1875",1875,0.037354003211929,0.0894130684990171,1
"1876",1876,0.034865474014837,0.0838339477061397,0
"1877",1877,0.0372302062538559,0.0873194215718491,1
"1878",1878,0.0372803471999505,0.0870672919892888,1
"1879",1879,0.0363419847016326,0.0853952788267809,1
"1880",1880,0.0353435226147745,0.0832334146154193,0
"1881",1881,0.0391976800738879,0.0902834661429928,1
"1882",1882,0.040533092486143,0.0924339097890385,1
"1883",1883,0.037467006777095,0.0859182561376716,0
"1884",1884,0.0370606501880633,0.0860894081326661,0
"1885",1885,0.0357060924124409,0.0855199434726505,1
"1886",1886,0.0339463283921521,0.0809770199434656,0
"1887",1887,0.0349271420976068,0.0832180005783157,1
"1888",1888,0.034107899981026,0.0822386880166356,0
"1889",1889,0.0349524601188173,0.0830733770680313,1
"1890",1890,0.0349146265620261,0.083794938472619,1
"1891",1891,0.0350381165732404,0.0847284712485881,1
"1892",1892,0.0334057668124263,0.0814762561565169,0
"1893",1893,0.0341042576243893,0.0837179026780401,1
"1894",1894,0.0329168193917666,0.0824100781576371,1
"1895",1895,0.0336963443615431,0.0820542528966172,0
"1896",1896,0.0333726578633332,0.0809487690458273,0
"1897",1897,0.0344306145654303,0.0821609386506407,1
"1898",1898,0.0326152405211956,0.0788106639232853,0
"1899",1899,0.0332498889074034,0.0799142835457028,0
"1900",1900,0.0325347246692929,0.0790332818076774,0
"1901",1901,0.0365285899709475,0.086712524583801,1
"1902",1902,0.0353785582369093,0.0832861162166963,0
"1903",1903,0.0332905018790028,0.0801566027751742,1
"1904",1904,0.0335596355318918,0.0802577325164186,0
"1905",1905,0.0323412627724856,0.078605324509033,0
"1906",1906,0.0303736946413082,0.0758946245632589,0
"1907",1907,0.0311304567387506,0.0767465321364269,0
"1908",1908,0.0330221647499056,0.0803230360706672,1
"1909",1909,0.0320181721770412,0.0777260099099551,0
"1910",1910,0.0342645213991015,0.0831174555951891,0
"1911",1911,0.0336031712973923,0.0809644371636981,0
"1912",1912,0.0304484009399613,0.075407667687334,0
"1913",1913,0.0350296478902973,0.084407628490329,1
"1914",1914,0.0328647744839433,0.0799741067377792,0
"1915",1915,0.0331701477534838,0.0809077981791516,1
"1916",1916,0.0350399581297108,0.0846352562715938,1
"1917",1917,0.034858245231544,0.0844758503276124,1
"1918",1918,0.032641172697385,0.0797942039828753,0
"1919",1919,0.031227193853474,0.0773541379257897,0
"1920",1920,0.0361041366289623,0.0872135883414513,1
"1921",1921,0.0338467263668217,0.0833639657843626,1
"1922",1922,0.0334637471248112,0.0815316392683118,1
"1923",1923,0.033319943600982,0.082169768005741,1
"1924",1924,0.0341040811250079,0.08177868047758,0
"1925",1925,0.0402905305321968,0.092598478670756,1
"1926",1926,0.0349858318033989,0.0839339418273479,0
"1927",1927,0.0325013143270978,0.0793558566279975,0
"1928",1928,0.0317062927515647,0.0783412227184453,0
"1929",1929,0.0321251297545208,0.0798446901260759,1
"1930",1930,0.0320601686517225,0.0785273495762067,0
"1931",1931,0.0345610625301496,0.0834430840479124,1
"1932",1932,0.0344646596623364,0.0837319995297302,1
"1933",1933,0.0312503054584849,0.0769218538986708,0
"1934",1934,0.0340256569265079,0.0820672664214298,0
"1935",1935,0.0304837447928917,0.076421219258182,0
"1936",1936,0.0346991743444353,0.0832057571512312,0
"1937",1937,0.0362971371125951,0.0865555534291326,0
"1938",1938,0.036250095785438,0.0865381067767998,1
"1939",1939,0.0385422550552982,0.0897388155861618,1
"1940",1940,0.0340358216311319,0.0831438942382497,1
"1941",1941,0.0343120156993474,0.083150910582313,1
"1942",1942,0.0327360514750074,0.0791159125028424,0
"1943",1943,0.0336530014502688,0.080746362894194,1
"1944",1944,0.0319700272672789,0.0777113553726301,0
"1945",1945,0.0301088439092964,0.0747571110361532,0
"1946",1946,0.0293450287436541,0.0727631052309708,0
"1947",1947,0.0322917961180057,0.0785517236507024,1
"1948",1948,0.035269486798201,0.084397971904137,1
"1949",1949,0.0343934722482333,0.082820178994324,0
"1950",1950,0.0321943382980302,0.0784342482056022,0
"1951",1951,0.0362658163223159,0.0860298423702157,1
"1952",1952,0.0370267495307867,0.0856798379096804,1
"1953",1953,0.0380090555588359,0.0876662090456485,1
"1954",1954,0.0346270582752014,0.0816432800717458,0
"1955",1955,0.0352179426450185,0.0840799032019696,1
"1956",1956,0.0355541827882045,0.0852508392311514,1
"1957",1957,0.0350800536704004,0.0833138719226387,1
"1958",1958,0.0320151667467111,0.0780803932887413,0
"1959",1959,0.030405390183189,0.0750049061292675,0
"1960",1960,0.0322327058576535,0.0802330910620494,1
"1961",1961,0.0319684691522833,0.0791929267335864,1
"1962",1962,0.0381050886043477,0.0914873344647636,1
"1963",1963,0.0373104567336526,0.089248840855211,1
"1964",1964,0.0344486196532532,0.0847685424542076,1
"1965",1965,0.0322939147796823,0.0797133235074207,0
"1966",1966,0.0316192487779387,0.0778929698040471,0
"1967",1967,0.0303909970524064,0.0769263778036637,1
"1968",1968,0.028683582638869,0.0734651243970022,0
"1969",1969,0.0308878526780674,0.0786527566731138,1
"1970",1970,0.035724533391829,0.0869116634328338,1
"1971",1971,0.0319100465104419,0.0796137267505392,0
"1972",1972,0.0329702831537397,0.0818726014524156,1
"1973",1973,0.0343028708274467,0.0840925450621264,1
"1974",1974,0.0364821663788702,0.0875796382236334,1
"1975",1975,0.0367764046970795,0.0879414398697138,1
"1976",1976,0.0349174587331517,0.0831652789173733,0
"1977",1977,0.0374806214949872,0.0889972415539629,1
"1978",1978,0.0336000880136567,0.0820652307918266,1
"1979",1979,0.0354074750963243,0.085772374257688,1
"1980",1980,0.0340112688265901,0.0832392961851555,1
"1981",1981,0.0320734816130113,0.0795406193874287,0
"1982",1982,0.0345735679195359,0.085275976359438,1
"1983",1983,0.0360917992149135,0.0862677474199479,1
"1984",1984,0.0322729251058587,0.0789707404252996,0
"1985",1985,0.0325910197034075,0.0787615879120039,0
"1986",1986,0.0365738986289651,0.0875373606032219,1
"1987",1987,0.035245003047218,0.0838467117154955,1
"1988",1988,0.0319920110835231,0.0786681687511793,1
"1989",1989,0.0346715041809462,0.0846467529020134,1
"1990",1990,0.0384189595211735,0.0928030439517473,1
"1991",1991,0.0357179134111925,0.085535254901516,0
"1992",1992,0.0382603582161645,0.0888851359295089,1
"1993",1993,0.0329901966415764,0.0809219417909556,0
"1994",1994,0.0371731190915601,0.0886939198986709,1
"1995",1995,0.0359598330199909,0.0862859569928879,1
"1996",1996,0.0331454270398377,0.0809449923973699,0
"1997",1997,0.0317714409026048,0.0784914533346593,0
"1998",1998,0.0332280776130338,0.0813794972894231,0
"1999",1999,0.0301484073333047,0.0756030487251038,0
"2000",2000,0.031284632423135,0.0774874423100256,0
