"","time","mean_sumsize"
"1",1,5583.2
"2",2,5914
"3",3,6328.4
"4",4,6480.1
"5",5,6891.6
"6",6,6882.2
"7",7,7005.6
"8",8,7273.8
"9",9,7326.8
"10",10,7317.5
"11",11,7386
"12",12,7633.4
"13",13,7657.8
"14",14,8080.8
"15",15,8106.5
"16",16,8449.7
"17",17,8838.8
"18",18,8811.7
"19",19,8870
"20",20,8901.6
"21",21,9087.8
"22",22,8943
"23",23,9140
"24",24,9399.1
"25",25,9424.3
"26",26,9520.9
"27",27,9739.5
"28",28,9828.8
"29",29,9889.8
"30",30,10031.1
"31",31,10370.8
"32",32,10524.9
"33",33,10635.2
"34",34,10683.8
"35",35,10684.5
"36",36,10903
"37",37,11056.6
"38",38,11133
"39",39,11373.6
"40",40,11317.5
"41",41,11504.2
"42",42,11515
"43",43,11689.6
"44",44,11701.3
"45",45,11816.4
"46",46,12024.9
"47",47,12352.2
"48",48,12413.8
"49",49,12473.7
"50",50,12644.6
"51",51,12651.9
"52",52,12778.5
"53",53,12806.4
"54",54,12715.2
"55",55,12878.3
"56",56,13031.3
"57",57,13264.6
"58",58,13259.7
"59",59,13661
"60",60,13668.3
"61",61,13798.5
"62",62,14104.1
"63",63,13859.9
"64",64,13912.9
"65",65,14033.7
"66",66,14124.3
"67",67,14154.6
"68",68,14269.5
"69",69,14661.1
"70",70,14771.8
"71",71,14639.7
"72",72,14780.4
"73",73,15180.4
"74",74,15370.9
"75",75,15511.6
"76",76,15413.3
"77",77,15551.5
"78",78,15970.7
"79",79,16083.1
"80",80,16365
"81",81,16779.7
"82",82,16877.7
"83",83,17005.8
"84",84,16854.7
"85",85,16913.5
"86",86,17367
"87",87,17642.3
"88",88,17687.8
"89",89,17892.4
"90",90,17882.9
"91",91,18279
"92",92,18443.4
"93",93,18494.7
"94",94,18733.2
"95",95,19047.4
"96",96,18917
"97",97,19282.2
"98",98,19405.5
"99",99,20081.7
"100",100,20339.9
"101",101,20438.3
"102",102,20802.2
"103",103,20901.7
"104",104,20999.5
"105",105,21067.5
"106",106,21735
"107",107,22218.7
"108",108,22209.1
"109",109,22506.8
"110",110,22471
"111",111,22646.9
"112",112,22931.5
"113",113,23223.7
"114",114,23633.7
"115",115,23790.8
"116",116,23688.8
"117",117,23949.3
"118",118,24335.1
"119",119,24830.3
"120",120,24738
"121",121,24609.3
"122",122,24528
"123",123,24348
"124",124,24273.7
"125",125,24635.5
"126",126,24936.3
"127",127,24317.7
"128",128,24565
"129",129,24637.3
"130",130,24709.8
"131",131,24741.8
"132",132,25262.9
"133",133,24122.7
"134",134,24658
"135",135,24278.6
"136",136,24250.2
"137",137,24562.7
"138",138,24475.1
"139",139,24602.5
"140",140,24547
"141",141,24687.9
"142",142,24906.4
"143",143,24253.2
"144",144,24426.1
"145",145,24378.3
"146",146,24746.3
"147",147,24412.4
"148",148,24908.9
"149",149,24557.9
"150",150,24660
"151",151,24856.9
"152",152,24553.3
"153",153,24861.5
"154",154,24986.3
"155",155,24321.8
"156",156,24643
"157",157,24396
"158",158,24942.5
"159",159,24145.6
"160",160,24257.1
"161",161,24665.2
"162",162,24507.7
"163",163,24780.2
"164",164,24197.9
"165",165,24684.8
"166",166,24532.5
"167",167,24676.6
"168",168,24533.2
"169",169,25047.8
"170",170,24704.3
"171",171,24372
"172",172,24534.5
"173",173,24384.6
"174",174,24325.2
"175",175,24450.1
"176",176,24302.5
"177",177,24460
"178",178,24691.8
"179",179,24528.5
"180",180,24653.9
"181",181,24857.5
"182",182,25066.4
"183",183,24284.4
"184",184,24613.4
"185",185,24635
"186",186,24481
"187",187,24828.4
"188",188,24708.4
"189",189,24739.5
"190",190,24782.8
"191",191,25109.8
"192",192,24573.5
"193",193,24700.8
"194",194,24536.4
"195",195,24631.4
"196",196,24811.6
"197",197,24997.4
"198",198,24413.4
"199",199,24534.8
"200",200,25006.3
"201",201,25014.4
"202",202,24842.5
"203",203,24415.6
"204",204,24511.7
"205",205,24387.7
"206",206,24562.3
"207",207,24741.2
"208",208,24979.8
"209",209,24550.5
"210",210,24531.4
"211",211,24586.4
"212",212,24634
"213",213,24918
"214",214,25044.2
"215",215,24281.2
"216",216,24133
"217",217,24752
"218",218,24406.7
"219",219,24857.9
"220",220,24752.7
"221",221,24587.7
"222",222,24423.6
"223",223,24421.6
"224",224,24534.6
"225",225,24737.8
"226",226,24802.8
"227",227,24526.6
"228",228,24310
"229",229,24691.8
"230",230,24515.5
"231",231,24797.7
"232",232,24894.8
"233",233,24770.3
"234",234,24378.8
"235",235,24464.4
"236",236,24276.4
"237",237,24393.9
"238",238,24315.1
"239",239,24226.1
"240",240,24287.4
"241",241,24475.1
"242",242,24065
"243",243,24456.3
"244",244,24533.1
"245",245,24775.2
"246",246,24789.7
"247",247,24641.9
"248",248,24522.4
"249",249,24353.1
"250",250,24255.8
"251",251,24532.2
"252",252,24421.2
"253",253,24435.5
"254",254,25016.5
"255",255,24617.2
"256",256,24520.7
"257",257,24453.8
"258",258,24620.7
"259",259,24107.9
"260",260,24407.6
"261",261,24790.3
"262",262,25108.4
"263",263,24951.7
"264",264,24273.8
"265",265,24318.5
"266",266,23993
"267",267,24638.1
"268",268,24574.5
"269",269,24305.3
"270",270,24313.3
"271",271,24321.3
"272",272,24862.1
"273",273,24489.4
"274",274,24831.5
"275",275,24649.9
"276",276,24757.8
"277",277,24649.5
"278",278,25028.8
"279",279,24465.2
"280",280,24965.5
"281",281,24196.1
"282",282,24446.3
"283",283,24640.9
"284",284,24691.6
"285",285,24775.4
"286",286,24618.7
"287",287,24869.6
"288",288,25163.6
"289",289,24458.3
"290",290,24654.7
"291",291,24813.4
"292",292,24953
"293",293,24774.6
"294",294,24831.5
"295",295,24758.3
"296",296,24643.2
"297",297,24526.6
"298",298,24855
"299",299,24913.5
"300",300,24705.3
"301",301,24506.5
"302",302,24559.4
"303",303,24384.9
"304",304,24335.1
"305",305,24481.5
"306",306,24628.9
"307",307,24044
"308",308,24442.6
"309",309,24450.2
"310",310,24275.6
"311",311,24739.1
"312",312,24160.5
"313",313,24480.3
"314",314,24426.3
"315",315,24589.9
"316",316,24895.8
"317",317,24603.2
"318",318,24276.9
"319",319,24405
"320",320,24596.5
"321",321,24478.8
"322",322,24474.8
"323",323,24755.8
"324",324,24352.1
"325",325,24846.3
"326",326,25322.2
"327",327,24694.9
"328",328,24658.8
"329",329,24332.9
"330",330,24310.5
"331",331,24387
"332",332,24418.1
"333",333,24376
"334",334,24239.4
"335",335,24239.1
"336",336,24655.2
"337",337,24226.8
"338",338,24307.8
"339",339,24611.2
"340",340,24505.8
"341",341,24590.7
"342",342,25047.1
"343",343,24867
"344",344,24968.1
"345",345,24935.5
"346",346,24469.3
"347",347,24392.2
"348",348,24730.1
"349",349,24656.6
"350",350,24516.6
"351",351,24663.1
"352",352,24762
"353",353,24716
"354",354,24800.4
"355",355,24820.2
"356",356,24699.8
"357",357,24832.4
"358",358,24471.5
"359",359,24460.3
"360",360,24397.2
"361",361,24329.5
"362",362,24459.5
"363",363,24546.8
"364",364,24913.4
"365",365,24723.4
"366",366,24572.9
"367",367,24892
"368",368,24768.1
"369",369,25032.5
"370",370,24727.9
"371",371,24411.5
"372",372,24842
"373",373,24438.8
"374",374,24610
"375",375,24711.2
"376",376,24059
"377",377,24326.6
"378",378,24268.3
"379",379,24641.1
"380",380,24583
"381",381,24690.2
"382",382,24585
"383",383,24162.4
"384",384,24308.1
"385",385,24589.8
"386",386,24860.8
"387",387,24493
"388",388,24519.8
"389",389,24731.1
"390",390,24894.6
"391",391,24724.7
"392",392,24834.3
"393",393,24511.1
"394",394,24659.3
"395",395,24474.8
"396",396,24452.9
"397",397,24683.6
"398",398,24623.7
"399",399,24580.6
"400",400,24510.8
"401",401,24420.2
"402",402,24657.2
"403",403,24624.6
"404",404,24917.5
"405",405,24386.2
"406",406,24458.4
"407",407,24586.1
"408",408,24773.2
"409",409,24622
"410",410,24544.4
"411",411,24122.1
"412",412,24292.1
"413",413,24732
"414",414,24828.1
"415",415,25048.6
"416",416,24494.7
"417",417,24799.1
"418",418,24602.7
"419",419,24553.5
"420",420,24371
"421",421,24477.2
"422",422,24695.1
"423",423,24894.2
"424",424,24392.6
"425",425,24931.8
"426",426,24678.4
"427",427,24656.2
"428",428,24820.7
"429",429,24599.4
"430",430,24937.3
"431",431,24579.2
"432",432,24612.3
"433",433,24295.9
"434",434,24380.8
"435",435,24508.1
"436",436,24423.1
"437",437,24893.7
"438",438,24823.8
"439",439,24818.5
"440",440,24699.2
"441",441,24707.4
"442",442,24806.9
"443",443,24660.6
"444",444,24750.2
"445",445,24710.8
"446",446,24328.5
"447",447,24223.6
"448",448,24469.8
"449",449,24656.3
"450",450,24813.2
"451",451,24912
"452",452,24495.4
"453",453,24744.9
"454",454,24861.7
"455",455,24570.1
"456",456,24686.2
"457",457,24820
"458",458,24528.4
"459",459,24763
"460",460,24559.1
"461",461,24618.9
"462",462,24868.9
"463",463,24808.1
"464",464,24794.4
"465",465,25091
"466",466,24930.8
"467",467,24706.6
"468",468,24630.4
"469",469,24725.4
"470",470,24889.5
"471",471,25043.9
"472",472,24468.6
"473",473,24462
"474",474,24363.7
"475",475,24491.4
"476",476,24878.4
"477",477,24801
"478",478,24090.2
"479",479,24174.9
"480",480,24074.2
"481",481,24486.4
"482",482,24704.3
"483",483,24531.6
"484",484,24945.2
"485",485,24452.6
"486",486,24359.1
"487",487,24928.3
"488",488,24949.6
"489",489,25104
"490",490,24729.4
"491",491,24719.2
"492",492,24301.6
"493",493,24240.7
"494",494,24627.7
"495",495,24772.7
"496",496,24525.6
"497",497,24192.7
"498",498,24822.3
"499",499,24566.8
"500",500,24464.9
"501",501,24342.2
"502",502,24614.7
"503",503,24893.3
"504",504,24629.7
"505",505,24678
"506",506,24971.7
"507",507,24819.8
"508",508,24204.5
"509",509,24324.7
"510",510,24040.3
"511",511,24207.3
"512",512,24453.3
"513",513,24655.5
"514",514,24350.6
"515",515,24747
"516",516,24625.6
"517",517,24955.3
"518",518,24384.9
"519",519,24233.2
"520",520,24558.4
"521",521,24280.2
"522",522,24720.8
"523",523,24417.1
"524",524,24526.7
"525",525,24971
"526",526,24089
"527",527,24142.1
"528",528,24462.6
"529",529,24394.2
"530",530,25080.9
"531",531,24897.4
"532",532,24617.2
"533",533,24320.2
"534",534,24631.8
"535",535,24420.7
"536",536,24435
"537",537,24710
"538",538,24430.5
"539",539,24726
"540",540,24580.3
"541",541,24667.3
"542",542,24785
"543",543,24911.6
"544",544,24836.9
"545",545,24914
"546",546,24446
"547",547,24425.7
"548",548,24363.2
"549",549,24583.4
"550",550,24880.4
"551",551,24691
"552",552,24831.7
"553",553,24709
"554",554,24660.1
"555",555,24927.6
"556",556,24588.1
"557",557,24146.3
"558",558,24556.4
"559",559,24699.5
"560",560,24706.5
"561",561,24979.1
"562",562,24581.7
"563",563,24614.9
"564",564,24882.2
"565",565,24832.1
"566",566,24626
"567",567,24693.6
"568",568,24459.4
"569",569,24109
"570",570,24357.2
"571",571,24501.5
"572",572,24547.2
"573",573,24727.8
"574",574,25140
"575",575,24698.5
"576",576,24581.3
"577",577,24675.1
"578",578,24389.9
"579",579,24802.9
"580",580,24658.8
"581",581,24985.9
"582",582,24863.2
"583",583,25149.8
"584",584,24787.1
"585",585,24777.5
"586",586,24669.4
"587",587,24492.4
"588",588,24768.3
"589",589,24573.4
"590",590,24494.8
"591",591,24542.8
"592",592,24672.9
"593",593,24716.2
"594",594,24276
"595",595,24560.6
"596",596,24816.6
"597",597,24960.1
"598",598,25103.3
"599",599,24908.9
"600",600,24289.3
"601",601,24506
"602",602,24356.5
"603",603,24606.1
"604",604,24666.4
"605",605,24303.8
"606",606,24645.2
"607",607,24816
"608",608,24527.6
"609",609,24129.5
"610",610,24239.4
"611",611,24793.3
"612",612,24494.5
"613",613,24419.9
"614",614,24292.7
"615",615,24754
"616",616,24749.8
"617",617,24810.5
"618",618,24516.5
"619",619,24379.2
"620",620,24653.1
"621",621,24519.9
"622",622,24490
"623",623,24864.5
"624",624,25008.2
"625",625,24814.3
"626",626,24567.5
"627",627,24171.4
"628",628,24307.7
"629",629,24671.3
"630",630,24367.3
"631",631,24251.9
"632",632,23964.1
"633",633,24231.2
"634",634,24658.3
"635",635,24502.3
"636",636,24894.7
"637",637,25010.3
"638",638,24597.1
"639",639,24559.6
"640",640,24705
"641",641,24641.7
"642",642,24459.7
"643",643,24284.4
"644",644,24281.2
"645",645,24306.6
"646",646,24580.9
"647",647,24583.4
"648",648,24541.5
"649",649,24367.6
"650",650,24582.4
"651",651,24975.8
"652",652,24768.5
"653",653,24367.2
"654",654,24414.7
"655",655,24724
"656",656,24474.1
"657",657,24591.3
"658",658,24823.1
"659",659,24629.1
"660",660,24490.6
"661",661,24420.9
"662",662,24707.5
"663",663,24258.5
"664",664,24419.5
"665",665,24297.7
"666",666,24332.2
"667",667,24329.4
"668",668,24893.3
"669",669,25045.4
"670",670,25050.8
"671",671,24611.7
"672",672,24586.9
"673",673,24837.2
"674",674,24794.7
"675",675,24378.8
"676",676,24763.8
"677",677,24441.3
"678",678,24583.6
"679",679,24637.5
"680",680,24593.4
"681",681,24605.8
"682",682,25260.3
"683",683,24820.8
"684",684,24275.6
"685",685,24560.2
"686",686,24888.1
"687",687,24624.2
"688",688,24534.8
"689",689,24453.6
"690",690,24808.6
"691",691,24530.1
"692",692,24302.3
"693",693,24661.4
"694",694,24473.6
"695",695,24244.1
"696",696,24304.5
"697",697,24371.2
"698",698,24980
"699",699,24616.4
"700",700,24284.9
"701",701,24254.4
"702",702,24324.1
"703",703,24535.1
"704",704,24478.9
"705",705,25289.7
"706",706,24481.5
"707",707,24232.3
"708",708,24567
"709",709,24174.4
"710",710,24489.9
"711",711,24484.8
"712",712,24464.3
"713",713,24607.7
"714",714,24639.6
"715",715,25060.3
"716",716,24550
"717",717,24324.9
"718",718,24876.5
"719",719,24564.6
"720",720,24527.5
"721",721,24563.8
"722",722,24768.6
"723",723,24692
"724",724,24366.9
"725",725,24520.6
"726",726,24332.9
"727",727,24840.6
"728",728,24670
"729",729,24800.4
"730",730,24607
"731",731,24471.4
"732",732,24660.6
"733",733,24766.3
"734",734,24873.7
"735",735,24747.9
"736",736,24683.7
"737",737,24478.8
"738",738,24511
"739",739,24784.3
"740",740,24662.4
"741",741,24939
"742",742,24944.9
"743",743,24744.4
"744",744,24654.2
"745",745,25131.4
"746",746,24696.1
"747",747,24501.4
"748",748,24932
"749",749,24572.2
"750",750,24882.8
"751",751,24502.2
"752",752,24616
"753",753,24412.9
"754",754,24489.6
"755",755,24957.1
"756",756,24421.8
"757",757,24306.4
"758",758,24764.5
"759",759,24614.8
"760",760,24359.5
"761",761,24516.6
"762",762,24389.6
"763",763,24297.5
"764",764,24409.3
"765",765,24514.4
"766",766,24834.8
"767",767,24555.7
"768",768,24466.9
"769",769,24372.3
"770",770,24484.6
"771",771,24291.5
"772",772,24406.5
"773",773,24438.8
"774",774,24513.7
"775",775,24089.6
"776",776,24210
"777",777,24690.6
"778",778,24491.1
"779",779,24644.7
"780",780,24993.7
"781",781,24505.3
"782",782,24937
"783",783,24448.4
"784",784,24526.4
"785",785,24831.1
"786",786,24466.1
"787",787,24840.5
"788",788,24777
"789",789,25119.1
"790",790,24185.9
"791",791,23967.6
"792",792,24250.9
"793",793,23992.9
"794",794,24174.1
"795",795,24383
"796",796,24969.5
"797",797,24148.7
"798",798,24445.6
"799",799,24441.7
"800",800,24510.8
"801",801,24527
"802",802,25080.3
"803",803,24990.8
"804",804,25164.6
"805",805,24213.6
"806",806,24368.7
"807",807,24354.8
"808",808,24557.1
"809",809,24499.3
"810",810,24689.8
"811",811,24434.3
"812",812,24700.4
"813",813,24717.1
"814",814,24842.7
"815",815,24664.1
"816",816,24846.8
"817",817,24607.4
"818",818,24509.1
"819",819,24841.8
"820",820,24822.1
"821",821,24968.5
"822",822,24987.1
"823",823,24867.2
"824",824,24507.2
"825",825,24566.7
"826",826,24427.2
"827",827,24601.9
"828",828,24649.3
"829",829,24924.7
"830",830,24774.6
"831",831,24530.8
"832",832,24950.8
"833",833,24539.7
"834",834,24605.5
"835",835,24798.9
"836",836,24537.5
"837",837,25060.5
"838",838,24536.7
"839",839,24303.9
"840",840,24093.3
"841",841,24623.3
"842",842,24797.7
"843",843,24601.6
"844",844,24561.8
"845",845,24398.3
"846",846,24563.7
"847",847,24325.2
"848",848,24547.1
"849",849,24631.6
"850",850,24895.9
"851",851,24586
"852",852,24599.6
"853",853,24671.9
"854",854,24831.2
"855",855,24778.9
"856",856,24637.9
"857",857,24879.4
"858",858,24692.8
"859",859,24590.3
"860",860,24662.8
"861",861,24744.4
"862",862,24688.8
"863",863,24390.4
"864",864,24613.4
"865",865,24719.1
"866",866,24999.1
"867",867,24572.2
"868",868,24655
"869",869,24577.6
"870",870,24756.8
"871",871,24538.8
"872",872,24389.8
"873",873,24373.7
"874",874,24744.4
"875",875,24135.5
"876",876,24048.9
"877",877,24331.9
"878",878,24246.1
"879",879,23907.4
"880",880,23967.2
"881",881,24390.8
"882",882,24616.2
"883",883,24335
"884",884,24807.6
"885",885,24418.9
"886",886,24101.1
"887",887,24369.4
"888",888,24459.5
"889",889,24778.1
"890",890,24485.8
"891",891,24277.2
"892",892,24533.1
"893",893,24435.8
"894",894,24881.8
"895",895,24644.3
"896",896,24481
"897",897,24685.1
"898",898,24506.1
"899",899,24488
"900",900,24928.2
"901",901,24706.5
"902",902,24907.8
"903",903,24941.8
"904",904,24443.5
"905",905,24219.7
"906",906,24346.4
"907",907,24807.9
"908",908,24810.1
"909",909,24426.9
"910",910,24774.4
"911",911,24519.1
"912",912,24598
"913",913,24875.9
"914",914,24698.7
"915",915,24534.7
"916",916,24974.9
"917",917,24861.6
"918",918,24881.5
"919",919,24551.4
"920",920,24525.1
"921",921,24424.5
"922",922,24925.2
"923",923,24887.1
"924",924,24659.9
"925",925,24766.5
"926",926,24571.6
"927",927,24813.5
"928",928,24798.8
"929",929,25133.4
"930",930,24831.7
"931",931,24622.3
"932",932,24462
"933",933,24402
"934",934,24324.5
"935",935,24516.6
"936",936,24173.7
"937",937,24527.2
"938",938,24590.4
"939",939,24895.3
"940",940,25095.5
"941",941,24299.4
"942",942,24519.1
"943",943,24589.2
"944",944,24564.6
"945",945,24778.6
"946",946,24137.8
"947",947,24159.6
"948",948,25039.3
"949",949,24541.3
"950",950,24698.4
"951",951,24426.2
"952",952,24349.6
"953",953,24449.7
"954",954,24732.3
"955",955,24833
"956",956,24686.2
"957",957,24533.3
"958",958,24466.3
"959",959,24519.3
"960",960,25029.6
"961",961,24658
"962",962,24588.2
"963",963,24640.9
"964",964,24772.7
"965",965,24674.8
"966",966,24554.1
"967",967,24356.7
"968",968,24593.6
"969",969,24735.7
"970",970,24745.5
"971",971,24647.8
"972",972,24509
"973",973,24508.8
"974",974,24781.7
"975",975,24548.2
"976",976,24608
"977",977,24799.5
"978",978,24722.6
"979",979,24632.7
"980",980,24789.7
"981",981,24410.6
"982",982,24468.8
"983",983,24515.5
"984",984,24421.6
"985",985,24737.3
"986",986,24381
"987",987,24685.7
"988",988,24977
"989",989,24651.9
"990",990,24504.5
"991",991,24397.9
"992",992,24465.8
"993",993,24790.3
"994",994,24543.4
"995",995,24485.2
"996",996,24461
"997",997,24418.9
"998",998,24908.1
"999",999,24399
"1000",1000,24408.3
"1001",1001,23890.7
"1002",1002,23718.3
"1003",1003,23106.2
"1004",1004,23298.4
"1005",1005,22855.5
"1006",1006,22505.8
"1007",1007,22480.4
"1008",1008,22135.3
"1009",1009,22265.4
"1010",1010,22083.4
"1011",1011,22086.9
"1012",1012,22204.2
"1013",1013,21962.4
"1014",1014,21697.4
"1015",1015,21571.6
"1016",1016,21143.4
"1017",1017,21304.6
"1018",1018,21553.6
"1019",1019,21159.5
"1020",1020,21037
"1021",1021,21037.1
"1022",1022,20633.1
"1023",1023,20534.8
"1024",1024,20472.8
"1025",1025,20547.1
"1026",1026,20249.1
"1027",1027,20204.1
"1028",1028,20272
"1029",1029,20432.2
"1030",1030,20405.6
"1031",1031,20600
"1032",1032,20122.3
"1033",1033,20199.5
"1034",1034,20044.3
"1035",1035,19967.6
"1036",1036,19995.2
"1037",1037,19871
"1038",1038,19603.4
"1039",1039,19517.9
"1040",1040,19967.8
"1041",1041,19747.1
"1042",1042,19701.1
"1043",1043,19829.8
"1044",1044,19737.5
"1045",1045,19701.7
"1046",1046,19368
"1047",1047,19490.7
"1048",1048,19434
"1049",1049,19278.6
"1050",1050,19314.8
"1051",1051,19170
"1052",1052,19429.6
"1053",1053,19685.8
"1054",1054,19459.7
"1055",1055,19375.5
"1056",1056,19493.3
"1057",1057,19486.1
"1058",1058,19826
"1059",1059,19642
"1060",1060,19496.3
"1061",1061,19782.5
"1062",1062,19497
"1063",1063,19176.9
"1064",1064,19630.1
"1065",1065,19548.7
"1066",1066,19940.2
"1067",1067,19723.4
"1068",1068,19788.4
"1069",1069,19599.6
"1070",1070,19683.4
"1071",1071,19879.6
"1072",1072,20266.2
"1073",1073,20328.9
"1074",1074,20378.2
"1075",1075,20514.9
"1076",1076,20540.5
"1077",1077,20588.7
"1078",1078,20545.4
"1079",1079,20718.7
"1080",1080,20664.4
"1081",1081,20873.9
"1082",1082,21393.8
"1083",1083,21545.5
"1084",1084,21713
"1085",1085,21897.8
"1086",1086,21788.5
"1087",1087,21912.6
"1088",1088,21996.5
"1089",1089,21893.9
"1090",1090,22113.7
"1091",1091,22653.8
"1092",1092,22655.9
"1093",1093,22769.8
"1094",1094,22585.4
"1095",1095,22520.4
"1096",1096,22868.1
"1097",1097,23480.3
"1098",1098,23559.4
"1099",1099,23056.3
"1100",1100,23282.8
"1101",1101,23180.1
"1102",1102,23176.1
"1103",1103,23543.7
"1104",1104,23415.8
"1105",1105,22942.2
"1106",1106,23229.7
"1107",1107,23863.1
"1108",1108,23504.7
"1109",1109,23301
"1110",1110,23632.4
"1111",1111,23769.3
"1112",1112,23602.4
"1113",1113,23843.2
"1114",1114,24143.3
"1115",1115,23823.5
"1116",1116,23956.8
"1117",1117,24404.9
"1118",1118,24161.7
"1119",1119,24297.5
"1120",1120,24030.6
"1121",1121,24070.7
"1122",1122,24482.3
"1123",1123,24564.3
"1124",1124,24516.1
"1125",1125,24425.5
"1126",1126,24421.8
"1127",1127,23941.5
"1128",1128,24111
"1129",1129,24054.1
"1130",1130,24699.6
"1131",1131,24548.3
"1132",1132,24600.7
"1133",1133,24416.3
"1134",1134,24582.4
"1135",1135,24269.1
"1136",1136,24515.9
"1137",1137,24778.3
"1138",1138,24693.5
"1139",1139,25214.1
"1140",1140,25600.7
"1141",1141,24683.3
"1142",1142,24348
"1143",1143,24499.2
"1144",1144,24488.5
"1145",1145,23941.4
"1146",1146,24328
"1147",1147,24051.3
"1148",1148,24051.8
"1149",1149,24143.4
"1150",1150,25054.7
"1151",1151,24632.7
"1152",1152,24926.1
"1153",1153,24341.6
"1154",1154,24839.2
"1155",1155,25132.6
"1156",1156,24490.4
"1157",1157,24652.8
"1158",1158,24654.9
"1159",1159,24987.3
"1160",1160,24892.4
"1161",1161,24410.5
"1162",1162,24744.3
"1163",1163,25015.7
"1164",1164,24860.8
"1165",1165,24715.7
"1166",1166,24447.9
"1167",1167,24629.7
"1168",1168,24434.8
"1169",1169,24639
"1170",1170,24799.5
"1171",1171,24566.4
"1172",1172,24667.2
"1173",1173,24849.2
"1174",1174,24918.7
"1175",1175,25154.6
"1176",1176,24514.5
"1177",1177,24693.4
"1178",1178,24820.9
"1179",1179,24844.5
"1180",1180,24928.4
"1181",1181,24975
"1182",1182,24821.2
"1183",1183,24459.6
"1184",1184,24744.9
"1185",1185,24606.5
"1186",1186,24935.2
"1187",1187,24449
"1188",1188,24811.4
"1189",1189,24824.8
"1190",1190,24848.7
"1191",1191,24896.3
"1192",1192,24818.1
"1193",1193,25206.6
"1194",1194,24335.8
"1195",1195,24999.5
"1196",1196,25002.1
"1197",1197,24883.2
"1198",1198,24561.7
"1199",1199,24726.6
"1200",1200,24611.9
"1201",1201,24544.8
"1202",1202,25034.6
"1203",1203,24275.1
"1204",1204,24373.3
"1205",1205,25131.3
"1206",1206,24010.9
"1207",1207,24108.7
"1208",1208,24026.9
"1209",1209,24493.5
"1210",1210,24771.5
"1211",1211,24721.7
"1212",1212,24729.5
"1213",1213,24995.1
"1214",1214,24664.3
"1215",1215,25368.7
"1216",1216,24419.1
"1217",1217,24534.8
"1218",1218,25102.9
"1219",1219,25149.5
"1220",1220,25448.3
"1221",1221,24985.2
"1222",1222,24905.3
"1223",1223,24767.4
"1224",1224,24384.6
"1225",1225,24331
"1226",1226,24346.3
"1227",1227,24949.9
"1228",1228,24810.6
"1229",1229,24907.7
"1230",1230,24721.7
"1231",1231,24948.8
"1232",1232,24684.2
"1233",1233,24838.3
"1234",1234,24523.2
"1235",1235,24783.3
"1236",1236,24138.8
"1237",1237,24502.3
"1238",1238,24869.5
"1239",1239,24989.3
"1240",1240,24875.7
"1241",1241,24943.7
"1242",1242,24962.3
"1243",1243,24860.5
"1244",1244,24460.5
"1245",1245,24687.2
"1246",1246,24416.9
"1247",1247,24602.7
"1248",1248,24854.8
"1249",1249,25493.1
"1250",1250,24993.6
"1251",1251,24769.5
"1252",1252,24457.7
"1253",1253,24580.6
"1254",1254,23936
"1255",1255,24666.6
"1256",1256,24246.4
"1257",1257,24525.2
"1258",1258,24307
"1259",1259,25170
"1260",1260,24548.4
"1261",1261,24811.8
"1262",1262,24657.5
"1263",1263,24464.5
"1264",1264,24793.8
"1265",1265,25052.3
"1266",1266,25115.4
"1267",1267,24571.9
"1268",1268,24568.3
"1269",1269,24367.3
"1270",1270,24552
"1271",1271,24685.4
"1272",1272,24399.8
"1273",1273,24486.2
"1274",1274,24312.3
"1275",1275,24343.4
"1276",1276,25070.8
"1277",1277,24972.6
"1278",1278,24995.4
"1279",1279,25026.9
"1280",1280,25017.3
"1281",1281,24848.1
"1282",1282,24727.6
"1283",1283,25525.9
"1284",1284,24710.4
"1285",1285,24504.5
"1286",1286,24564.5
"1287",1287,24519
"1288",1288,24596.5
"1289",1289,25142.9
"1290",1290,24909
"1291",1291,24742.2
"1292",1292,25299.4
"1293",1293,24782.9
"1294",1294,24506.9
"1295",1295,24702
"1296",1296,24945.3
"1297",1297,25098.4
"1298",1298,24407.5
"1299",1299,25058.9
"1300",1300,24278.2
"1301",1301,24694.9
"1302",1302,24654.1
"1303",1303,24501.6
"1304",1304,24424.4
"1305",1305,24888.3
"1306",1306,24610.2
"1307",1307,24643.3
"1308",1308,25389.7
"1309",1309,24432.1
"1310",1310,24866.2
"1311",1311,24729.2
"1312",1312,25129.9
"1313",1313,25047.9
"1314",1314,24684.4
"1315",1315,24892.2
"1316",1316,24866.3
"1317",1317,24599.8
"1318",1318,24579
"1319",1319,24527.7
"1320",1320,24269.2
"1321",1321,24819.9
"1322",1322,24432.5
"1323",1323,25094.2
"1324",1324,25510.7
"1325",1325,24150.3
"1326",1326,24304.7
"1327",1327,23861
"1328",1328,24679.7
"1329",1329,25091.5
"1330",1330,24806.8
"1331",1331,24439.5
"1332",1332,24996.4
"1333",1333,24941
"1334",1334,25019.2
"1335",1335,24886.3
"1336",1336,24800.5
"1337",1337,24637.5
"1338",1338,24865.1
"1339",1339,24678.6
"1340",1340,24724.8
"1341",1341,24972.3
"1342",1342,24610.9
"1343",1343,24929
"1344",1344,25054.8
"1345",1345,25102.4
"1346",1346,24784
"1347",1347,24776.8
"1348",1348,25404.2
"1349",1349,24564
"1350",1350,25355.9
"1351",1351,24747.6
"1352",1352,24728.7
"1353",1353,24706.6
"1354",1354,25145.5
"1355",1355,24739.3
"1356",1356,24482.9
"1357",1357,25083.9
"1358",1358,25056.8
"1359",1359,25078.7
"1360",1360,24513.5
"1361",1361,24511.8
"1362",1362,25055.3
"1363",1363,24328.8
"1364",1364,24087.6
"1365",1365,24640
"1366",1366,24811.1
"1367",1367,24970.9
"1368",1368,25217.8
"1369",1369,24762.1
"1370",1370,24604.4
"1371",1371,24522.4
"1372",1372,24567
"1373",1373,25154.6
"1374",1374,24894.1
"1375",1375,24921.8
"1376",1376,25518.8
"1377",1377,24341.4
"1378",1378,24047.8
"1379",1379,24596.1
"1380",1380,24934
"1381",1381,24968.6
"1382",1382,24538
"1383",1383,24785.3
"1384",1384,24829.4
"1385",1385,24669.4
"1386",1386,24960.4
"1387",1387,25709.5
"1388",1388,24435.8
"1389",1389,24746.5
"1390",1390,24215.7
"1391",1391,24358.1
"1392",1392,24870.6
"1393",1393,24788.4
"1394",1394,24795.7
"1395",1395,24887
"1396",1396,25156.5
"1397",1397,24493.4
"1398",1398,24810.6
"1399",1399,24787.3
"1400",1400,23929.2
"1401",1401,24533.1
"1402",1402,24198.3
"1403",1403,24641.1
"1404",1404,23929
"1405",1405,24522.8
"1406",1406,24520.2
"1407",1407,24570.1
"1408",1408,24407.4
"1409",1409,24920.7
"1410",1410,24678.6
"1411",1411,24457
"1412",1412,24220.8
"1413",1413,24578.2
"1414",1414,24725.7
"1415",1415,24696.2
"1416",1416,24734.2
"1417",1417,24982.2
"1418",1418,24889.9
"1419",1419,24773
"1420",1420,25045.3
"1421",1421,24929.1
"1422",1422,25192.5
"1423",1423,24843.7
"1424",1424,24953.3
"1425",1425,25104.2
"1426",1426,25239
"1427",1427,24625.9
"1428",1428,24685.7
"1429",1429,24682.5
"1430",1430,25378.7
"1431",1431,25502.8
"1432",1432,24424
"1433",1433,24504.1
"1434",1434,24945.6
"1435",1435,24693.2
"1436",1436,24689
"1437",1437,24713
"1438",1438,24669.4
"1439",1439,24357.7
"1440",1440,25039
"1441",1441,24645.3
"1442",1442,24621.7
"1443",1443,24574.1
"1444",1444,24824.1
"1445",1445,24640.4
"1446",1446,24884.1
"1447",1447,25109.7
"1448",1448,24837
"1449",1449,25502.2
"1450",1450,24629.8
"1451",1451,24842.6
"1452",1452,24332.2
"1453",1453,24370
"1454",1454,24647.2
"1455",1455,24878.5
"1456",1456,25228.9
"1457",1457,24651.7
"1458",1458,24256
"1459",1459,24213
"1460",1460,24647.7
"1461",1461,24476.3
"1462",1462,24478.4
"1463",1463,24722
"1464",1464,25165.6
"1465",1465,24370.6
"1466",1466,24744.4
"1467",1467,24361.5
"1468",1468,24435.8
"1469",1469,24611.9
"1470",1470,24404.9
"1471",1471,24690.2
"1472",1472,24592.4
"1473",1473,24785.6
"1474",1474,25068.1
"1475",1475,24852
"1476",1476,24275.3
"1477",1477,24284
"1478",1478,24966.7
"1479",1479,24414.5
"1480",1480,24452
"1481",1481,24395.9
"1482",1482,24777.6
"1483",1483,25059.9
"1484",1484,24806
"1485",1485,25291.4
"1486",1486,24895.9
"1487",1487,24358.1
"1488",1488,24651.4
"1489",1489,24906.5
"1490",1490,24931.6
"1491",1491,24847.8
"1492",1492,25249.3
"1493",1493,24865.5
"1494",1494,24421.8
"1495",1495,25338.3
"1496",1496,24901.7
"1497",1497,24581
"1498",1498,24723.6
"1499",1499,24180.1
"1500",1500,24445.9
"1501",1501,24259.8
"1502",1502,24741.3
"1503",1503,24265.5
"1504",1504,24258.8
"1505",1505,25015.4
"1506",1506,24693.2
"1507",1507,24540.5
"1508",1508,24882
"1509",1509,25263.7
"1510",1510,24918.3
"1511",1511,24555.1
"1512",1512,24596
"1513",1513,24853.2
"1514",1514,25149.6
"1515",1515,24930.7
"1516",1516,24569.1
"1517",1517,24404.6
"1518",1518,24726.8
"1519",1519,24213.8
"1520",1520,24853.1
"1521",1521,24431.3
"1522",1522,24184.3
"1523",1523,24033.8
"1524",1524,24244.2
"1525",1525,24311.9
"1526",1526,24644.1
"1527",1527,24686
"1528",1528,24967.4
"1529",1529,24748.7
"1530",1530,24859.2
"1531",1531,25209.8
"1532",1532,25234.1
"1533",1533,24621.5
"1534",1534,24564.2
"1535",1535,24933.1
"1536",1536,24770.4
"1537",1537,24711.5
"1538",1538,24307.9
"1539",1539,24813.3
"1540",1540,24324
"1541",1541,24472.3
"1542",1542,24938.1
"1543",1543,24816.5
"1544",1544,24724
"1545",1545,24431.3
"1546",1546,24573.8
"1547",1547,24441.5
"1548",1548,25081.1
"1549",1549,25176.3
"1550",1550,24755.1
"1551",1551,24697
"1552",1552,24552.8
"1553",1553,24778.3
"1554",1554,24997.5
"1555",1555,24870.9
"1556",1556,24750.2
"1557",1557,25232.7
"1558",1558,24648.2
"1559",1559,24916.9
"1560",1560,24642.6
"1561",1561,24605.6
"1562",1562,25055.5
"1563",1563,24796.8
"1564",1564,25103.5
"1565",1565,24260.8
"1566",1566,24187.7
"1567",1567,24381.4
"1568",1568,24257.3
"1569",1569,24166
"1570",1570,24221.9
"1571",1571,25034.7
"1572",1572,24779.3
"1573",1573,24952.7
"1574",1574,25193.5
"1575",1575,24809.9
"1576",1576,24775
"1577",1577,25105.6
"1578",1578,24968.9
"1579",1579,25400.5
"1580",1580,24844.5
"1581",1581,24723.5
"1582",1582,24425.9
"1583",1583,24855.3
"1584",1584,25016.1
"1585",1585,24546.7
"1586",1586,24909.5
"1587",1587,24877.1
"1588",1588,24294.7
"1589",1589,24855.7
"1590",1590,25282.7
"1591",1591,24205.8
"1592",1592,23909.8
"1593",1593,24590
"1594",1594,24401.1
"1595",1595,25141.8
"1596",1596,24372.4
"1597",1597,24714.3
"1598",1598,24696.5
"1599",1599,23997.6
"1600",1600,24397.3
"1601",1601,24148.4
"1602",1602,24619.3
"1603",1603,24655.6
"1604",1604,24705.5
"1605",1605,25311.6
"1606",1606,24699.5
"1607",1607,24527.7
"1608",1608,24808.2
"1609",1609,25169.3
"1610",1610,24683.3
"1611",1611,24679.3
"1612",1612,25262.3
"1613",1613,24960.5
"1614",1614,24618.2
"1615",1615,24475.1
"1616",1616,24442.8
"1617",1617,24896.6
"1618",1618,24690.5
"1619",1619,25059.4
"1620",1620,25027.5
"1621",1621,25173.6
"1622",1622,24523
"1623",1623,24766.6
"1624",1624,25031.9
"1625",1625,24926
"1626",1626,24646.8
"1627",1627,24518.8
"1628",1628,25001.2
"1629",1629,25030.7
"1630",1630,24904.9
"1631",1631,25287.8
"1632",1632,25025.2
"1633",1633,24503.2
"1634",1634,24622.2
"1635",1635,24689.5
"1636",1636,24703.9
"1637",1637,25244.4
"1638",1638,24754.1
"1639",1639,25048.7
"1640",1640,24659.2
"1641",1641,24609.4
"1642",1642,24826.8
"1643",1643,24983.3
"1644",1644,24983.9
"1645",1645,25011.6
"1646",1646,24768.2
"1647",1647,25173
"1648",1648,24934.5
"1649",1649,24791.4
"1650",1650,24646.3
"1651",1651,25199
"1652",1652,25709.6
"1653",1653,24466.5
"1654",1654,24472.3
"1655",1655,24454.6
"1656",1656,24742.5
"1657",1657,24544.9
"1658",1658,24929.9
"1659",1659,24997.6
"1660",1660,24901
"1661",1661,24224.8
"1662",1662,24874
"1663",1663,24534.4
"1664",1664,24841.9
"1665",1665,24408.1
"1666",1666,24704.2
"1667",1667,24606.6
"1668",1668,24571.7
"1669",1669,24746.4
"1670",1670,24741.9
"1671",1671,24436.3
"1672",1672,24954.7
"1673",1673,24999.1
"1674",1674,25212.7
"1675",1675,24558
"1676",1676,25182.1
"1677",1677,24478.8
"1678",1678,24645
"1679",1679,24696.6
"1680",1680,25034.9
"1681",1681,24962.2
"1682",1682,24867
"1683",1683,24851.4
"1684",1684,24851.5
"1685",1685,24706.3
"1686",1686,24631.7
"1687",1687,24933.1
"1688",1688,24593.8
"1689",1689,24962.2
"1690",1690,24849.6
"1691",1691,24988.3
"1692",1692,24503.9
"1693",1693,24857.9
"1694",1694,24644.6
"1695",1695,24612.7
"1696",1696,24111.4
"1697",1697,24444.9
"1698",1698,24129.6
"1699",1699,24985.4
"1700",1700,24557.1
"1701",1701,24482.2
"1702",1702,24391.6
"1703",1703,24909.8
"1704",1704,24499.4
"1705",1705,24945
"1706",1706,24932.8
"1707",1707,25173.9
"1708",1708,24541
"1709",1709,24908.9
"1710",1710,24914.9
"1711",1711,24850.8
"1712",1712,24625.6
"1713",1713,24975
"1714",1714,24663.7
"1715",1715,24991.8
"1716",1716,24452.7
"1717",1717,24760
"1718",1718,24287.4
"1719",1719,24489.2
"1720",1720,24950.7
"1721",1721,24680.9
"1722",1722,24908.5
"1723",1723,24578.4
"1724",1724,24368.8
"1725",1725,24382.2
"1726",1726,24781.3
"1727",1727,25684.3
"1728",1728,24445.8
"1729",1729,24164.9
"1730",1730,24150.7
"1731",1731,24112.1
"1732",1732,24677.8
"1733",1733,25275.8
"1734",1734,24801
"1735",1735,24599.3
"1736",1736,25018.8
"1737",1737,24350.5
"1738",1738,24558.3
"1739",1739,24730.8
"1740",1740,24965.2
"1741",1741,24752.2
"1742",1742,24244.2
"1743",1743,24679
"1744",1744,25094.4
"1745",1745,24839.4
"1746",1746,25071.1
"1747",1747,25248.3
"1748",1748,24605.2
"1749",1749,24836.1
"1750",1750,24333
"1751",1751,25058
"1752",1752,25364.5
"1753",1753,24522.5
"1754",1754,24687.7
"1755",1755,25162.7
"1756",1756,24443.4
"1757",1757,24760.6
"1758",1758,24953.8
"1759",1759,24493.4
"1760",1760,24545.8
"1761",1761,24665.9
"1762",1762,25044.3
"1763",1763,25102.2
"1764",1764,24860.9
"1765",1765,25220
"1766",1766,24669.8
"1767",1767,24531.1
"1768",1768,24839
"1769",1769,24208.5
"1770",1770,24691.3
"1771",1771,25381.9
"1772",1772,24742.6
"1773",1773,24507.9
"1774",1774,24746.3
"1775",1775,24748.2
"1776",1776,25029.5
"1777",1777,25268.2
"1778",1778,25157.4
"1779",1779,25283.6
"1780",1780,24426.3
"1781",1781,24223.1
"1782",1782,24208.6
"1783",1783,24783.7
"1784",1784,24747.4
"1785",1785,24654.1
"1786",1786,24816.2
"1787",1787,24987.3
"1788",1788,25288.8
"1789",1789,24765.6
"1790",1790,24791.1
"1791",1791,24508.1
"1792",1792,25064.7
"1793",1793,24564.6
"1794",1794,24704.8
"1795",1795,24860
"1796",1796,24918.4
"1797",1797,24284.1
"1798",1798,24580.4
"1799",1799,25019.3
"1800",1800,25190
"1801",1801,25092.6
"1802",1802,24761.3
"1803",1803,24647.6
"1804",1804,24981.9
"1805",1805,24373.8
"1806",1806,24861.3
"1807",1807,24809.6
"1808",1808,25221.1
"1809",1809,24404
"1810",1810,24473.8
"1811",1811,25168.1
"1812",1812,25069.2
"1813",1813,24997.1
"1814",1814,24408.2
"1815",1815,24179.1
"1816",1816,24633.9
"1817",1817,24289.9
"1818",1818,24151.2
"1819",1819,24546
"1820",1820,24308.2
"1821",1821,25161.3
"1822",1822,24493.9
"1823",1823,24872
"1824",1824,24666.5
"1825",1825,24777.5
"1826",1826,24823.5
"1827",1827,24813.2
"1828",1828,24673
"1829",1829,24926.4
"1830",1830,24740
"1831",1831,24722.8
"1832",1832,24942.5
"1833",1833,24720.2
"1834",1834,24449.7
"1835",1835,24744.4
"1836",1836,24486.1
"1837",1837,24822.4
"1838",1838,24922.4
"1839",1839,25561.6
"1840",1840,24760.2
"1841",1841,24332.2
"1842",1842,24629.1
"1843",1843,24483.4
"1844",1844,24755.1
"1845",1845,24590.7
"1846",1846,25038.6
"1847",1847,24837
"1848",1848,24696
"1849",1849,24493.4
"1850",1850,24751.5
"1851",1851,25155.2
"1852",1852,24912.4
"1853",1853,23999.7
"1854",1854,24333
"1855",1855,24225.6
"1856",1856,24782.1
"1857",1857,24406.8
"1858",1858,23994.6
"1859",1859,24090
"1860",1860,24416.7
"1861",1861,24641.1
"1862",1862,24258.2
"1863",1863,24975.8
"1864",1864,25068.3
"1865",1865,24661
"1866",1866,24953.1
"1867",1867,25283.4
"1868",1868,24595.1
"1869",1869,24325.9
"1870",1870,24468.9
"1871",1871,24627.8
"1872",1872,24762.3
"1873",1873,24833.8
"1874",1874,24647.4
"1875",1875,25128.2
"1876",1876,25104.2
"1877",1877,24479.7
"1878",1878,24838
"1879",1879,25128.6
"1880",1880,24965.4
"1881",1881,24867.3
"1882",1882,24826.9
"1883",1883,24539.4
"1884",1884,24524.3
"1885",1885,25146.2
"1886",1886,24458.1
"1887",1887,24979.5
"1888",1888,24852
"1889",1889,24806.4
"1890",1890,24875.9
"1891",1891,25068.2
"1892",1892,24889.1
"1893",1893,25376.8
"1894",1894,24261
"1895",1895,24475.6
"1896",1896,24304.7
"1897",1897,25015.7
"1898",1898,24511.5
"1899",1899,24446.5
"1900",1900,25040.9
"1901",1901,24925.9
"1902",1902,24773.3
"1903",1903,24746.2
"1904",1904,25143.4
"1905",1905,25410.8
"1906",1906,24859
"1907",1907,24658.5
"1908",1908,24511.3
"1909",1909,24773.6
"1910",1910,25004.2
"1911",1911,25049.8
"1912",1912,24916
"1913",1913,24124.1
"1914",1914,24212.8
"1915",1915,24892.1
"1916",1916,24867.4
"1917",1917,24807.1
"1918",1918,24531.1
"1919",1919,25310.6
"1920",1920,24616.2
"1921",1921,24662.6
"1922",1922,24876.7
"1923",1923,24510.7
"1924",1924,24661.7
"1925",1925,24045.2
"1926",1926,24222
"1927",1927,24343.5
"1928",1928,24534.7
"1929",1929,24981.5
"1930",1930,24607.6
"1931",1931,24923.4
"1932",1932,24716.6
"1933",1933,24675
"1934",1934,25080.5
"1935",1935,24532.4
"1936",1936,25287.9
"1937",1937,25039.7
"1938",1938,24696.7
"1939",1939,24648.2
"1940",1940,24587.5
"1941",1941,25179.2
"1942",1942,24152
"1943",1943,23963.5
"1944",1944,24251.1
"1945",1945,24717
"1946",1946,24537.1
"1947",1947,24972.8
"1948",1948,24748.4
"1949",1949,24427.8
"1950",1950,25232.7
"1951",1951,24744.6
"1952",1952,24652.5
"1953",1953,24379.5
"1954",1954,25199.8
"1955",1955,24604.1
"1956",1956,24358.3
"1957",1957,24827.5
"1958",1958,24582.9
"1959",1959,24884.6
"1960",1960,24900.5
"1961",1961,24339
"1962",1962,24539.9
"1963",1963,24971.1
"1964",1964,24639.2
"1965",1965,25246.4
"1966",1966,24986.1
"1967",1967,24979.4
"1968",1968,24939
"1969",1969,25265.9
"1970",1970,24776.8
"1971",1971,24641.5
"1972",1972,24444.8
"1973",1973,24261.5
"1974",1974,24632.2
"1975",1975,24576.5
"1976",1976,24320.1
"1977",1977,25138.7
"1978",1978,24704.1
"1979",1979,24849.2
"1980",1980,25366.5
"1981",1981,24886.7
"1982",1982,24693.4
"1983",1983,24741.4
"1984",1984,24488.9
"1985",1985,25037.9
"1986",1986,24837
"1987",1987,25410.5
"1988",1988,24727.3
"1989",1989,24707.1
"1990",1990,24606.8
"1991",1991,24728.7
"1992",1992,24211.2
"1993",1993,24714
"1994",1994,24756.9
"1995",1995,25227.3
"1996",1996,24681.7
"1997",1997,24362.9
"1998",1998,25086.1
"1999",1999,24814.9
"2000",2000,24946.2
