"V1","V2","V3","V4","V5"
"MqA_CHR05:14273695-14273995_MR",-0.0542895555301501,0.499999999999906,1.34768076297265,0.808160944968506
"MqA_CHR10:5970527-5970827_MR",-0.0521392982882003,0.499999999999996,1.34768076297265,-0.722472523503877
"MqA_CHR06:311571-311871_MR",-0.0517151922196799,0.5,1.34768076297265,0.982842315276242
"MqA_CHR11:6163325-6163625_BG",-0.0512377464045799,0.499999999999996,1.34768076297265,0.902825190465357
"MqA_CHR07:20555347-20555647_MR",-0.04935919523904,0.5,1.34768076297265,-0.835619982227084
"MqA_CHR07:20555127-20555427_MR",-0.0474660015599397,0.5,1.34768076297265,0.0285132933992208
"MqA_CHR08:25593292-25593592_MR",-0.0464987456026598,0.500000000000215,1.34768076297265,-0.217753340969007
"MqA_CHR03:7543047-7543347_MR",-0.0462822194696502,0.499999999999894,1.34768076297265,0.825799202494523
"MqA_CHR07:18067259-18067559_MR",-0.04625494569237,0.499999999999885,1.34768076297265,-0.0959688032386394
"MqA_CHR02:11599221-11599521_MR",-0.0457111014443297,0.500000000000112,1.34768076297265,0.672095210588484
"MqA_CHR07:21819248-21819548_MR",-0.0451749999945599,0.500000000000005,1.34768076297265,0.475273535751537
"MqA_CHR07:5339569-5339869_MR",-0.0449166274480999,0.500000000000005,1.34768076297265,0.622190987788624
"MqA_CHR05:17036341-17036641_MR",-0.0448975121172297,0.499999999999886,1.34768076297265,-0.223718297795037
"MqA_CHR08:25580279-25580579_MR",-0.0446029959405796,0.499999999999995,1.34768076297265,0.370507534309834
"MqA_CHR02:21887258-21887558_MR",-0.0445680241439597,0.5,1.34768076297265,-0.991903455892404
"MqA_CHR10:7118146-7118446_epistatic",-0.0440300133474802,0.499999999999995,1.34768076297265,0.655176852256272
"MqA_CHR02:3569326-3569626_MR",-0.0427167074202499,0.500000000000114,1.34768076297265,-0.998959005071476
"MqA_CHR05:3680680-3680980_MR",-0.0425142062565698,0.500000000000115,1.34768076297265,-0.576533003475597
"MqA_CHR06:11442610-11442910_MR",-0.0421580190028097,0.499999999999884,1.34768076297265,0.813438592718128
"MqA_CHR02:11587645-11587945_MR",-0.04188276507722,0.499999999999995,1.34768076297265,0.223801114452981
"MqA_CHR02:6635999-6636299_MR",-0.0418284176197399,0.499999999999995,1.34768076297265,-0.292284383080489
"MqA_CHR07:3126928-3127228_MR",-0.0417609369450997,0.500000000000005,1.34768076297265,-0.13520065962264
"MqA_CHR03:7543331-7543631_MR",-0.0414357795519398,0.499999999999995,1.34768076297265,-0.931565056855721
"MqA_CHR07:20555338-20555638_MR",-0.04127158878405,0.500000000000118,1.34768076297265,0.948131605163967
"MqA_CHR06:11857701-11858001_MR",-0.0412192575733501,0.500000000000118,1.34768076297265,-0.133297257449343
"MqA_CHR08:19339271-19339571_MR",-0.0410219700024101,0.500000000000124,1.34768076297265,0.915459077329797
"MqA_CHR04:10102280-10102580_BG",-0.0408817384540101,0.499999999999875,1.34768076297265,0.775882694821998
"MqA_CHR08:10951686-10951986_MR",-0.04077340257016,0.5,1.34768076297265,0.280399630876419
"MqA_CHR11:4676594-4676894_MR",-0.0402900638850801,0.5,1.34768076297265,0.940907395032376
"MqA_CHR07:4467850-4468150_MR",-0.0392875496063199,0.499999999999994,1.34768076297265,0.238978311450249
"MqA_CHR11:5951489-5951789_epistatic",-0.0392112737230601,0.5,1.34768076297265,-0.331445482486839
"MqA_CHR04:16742841-16743141_MR",-0.03846162335909,0.499999999999867,1.34768076297265,-0.305612552929777
"MqA_CHR08:15434168-15434468_MR",-0.03831100854919,0.499999999999872,1.34768076297265,-0.201972871063511
"MqA_CHR09:9095974-9096274_BG",-0.0379571401074399,0.5,1.34768076297265,0.571279681418651
"MqA_CHR02:11292786-11293086_BG",-0.03759118686895,0.500000000000124,1.34768076297265,-0.921070316088465
"MqA_CHR07:4837576-4837876_MR",-0.0371398736347599,0.499999999999725,1.34768076297265,0.498626369880576
"MqA_CHR08:19727160-19727460_MR",-0.0368438555048498,0.500000000000139,1.34768076297265,0.344358644902217
"MqA_CHR09:8915087-8915387_BG",-0.0365056413701299,0.50000000000014,1.34768076297265,-0.647102737029744
"MqA_CHR02:6978808-6979108_BG",-0.03641891589798,0.5,1.34768076297265,-0.478095814125219
"MqA_CHR08:19336455-19336755_MR",-0.0363687490503199,0.5,1.34768076297265,0.0298244470183146
"MqA_CHR08:10952178-10952478_MR",-0.0359309069287099,0.500000000000142,1.34768076297265,0.352113203721156
"MqA_CHR03:23608958-23609258_MR",-0.0359207288493804,0.500000000000006,1.34768076297265,0.966476760569392
"MqA_CHR05:8052751-8053051_MR",-0.03589463601711,0.499999999999864,1.34768076297265,0.519124518774064
"MqA_CHR02:6785602-6785902_BG",-0.0358409688983601,0.5,1.34768076297265,0.134724694049832
"MqA_CHR05:22469264-22469564_BG",-0.0357775994015199,0.5,1.34768076297265,0.700445997541835
"MqA_CHR03:313779-314079_BG",-0.0356954986089204,0.499999999999994,1.34768076297265,-0.620215694794223
"MqA_CHR02:7282663-7282963_MR",-0.0356294152700998,0.499999999999994,1.34768076297265,-0.456605182967276
"MqA_CHR06:11783520-11783820_MR",-0.0355215514846798,0.499999999999994,1.34768076297265,0.668388969764186
"MqA_CHR02:6636027-6636327_MR",-0.0354494549569297,0.500000000000138,1.34768076297265,0.389078976388832
"MqA_CHR07:21444748-21445048_BG",-0.0352794173620397,0.499999999999994,1.34768076297265,-0.515704723690055
"MqA_CHR05:3660673-3660973_MR",-0.0351576062350101,0.500000000000133,1.34768076297265,-0.909415248237334
"MqA_CHR08:15434715-15435015_MR",-0.0351016155098001,0.500000000000006,1.34768076297265,-0.711984396722811
"MqA_CHR06:20808632-20808932_BG",-0.0349351250987402,0.499999999999708,1.34768076297265,-0.565887771488323
"MqA_CHR05:18588151-18588451_epistatic",-0.0348801922611699,0.499999999999847,1.34768076297265,-0.0488434530931281
"MqA_CHR10:16616629-16616929_MR",-0.0347883201676398,0.5,1.34768076297265,-0.604372631125609
"MqA_CHR05:19257581-19257881_MR",-0.0347500452148699,0.500000000000141,1.34768076297265,0.43948740941954
"MqA_CHR11:6355542-6355842_MR",-0.0347224461262301,0.499999999999853,1.34768076297265,-0.983459518024383
"MqA_CHR07:1866286-1866586_BG",-0.0345318326558499,0.500000000000135,1.34768076297265,-0.239300234215042
"MqA_CHR02:10060715-10061015_BG",-0.0342000848591799,0.499999999999708,1.34768076297265,0.0371899930340512
"MqA_CHR11:4041191-4041491_BG",-0.03418780264826,0.5,1.34768076297265,-0.996085883276474
"MqA_CHR04:12773540-12773840_BG",-0.0341800020522598,0.500000000000299,1.34768076297265,0.163927746740539
"MqA_CHR08:17032902-17033202_MR",-0.0341527228759801,0.5,1.34768076297265,-0.683467238309783
"MqA_CHR11:21382202-21382502_MR",-0.0341282252885402,0.500000000000293,1.34768076297265,-0.281261497211728
"MqA_CHR11:21382739-21383039_MR",-0.0339480755532899,0.50000000000015,1.34768076297265,0.294286868828614
"MqA_CHR07:20553846-20554146_MR",-0.0338417404465998,0.499999999999698,1.34768076297265,0.552289506698197
"MqA_CHR06:10627277-10627577_MR",-0.0337993263276499,0.500000000000151,1.34768076297265,0.127891576988998
"MqA_CHR02:16882924-16883224_MR",-0.0337595144786698,0.500000000000151,1.34768076297265,-0.532062909054887
"MqA_CHR10:16625804-16626104_MR",-0.0333710948363501,0.499999999999854,1.34768076297265,-0.819576969646982
"MqA_CHR08:8663565-8663865_BG",-0.0332936311232599,0.5,1.34768076297265,-0.828333254083812
"MqA_CHR07:20898867-20899167_BG",-0.03304162286073,0.500000000000161,1.34768076297265,-0.384805629482955
"MqA_CHR02:17000811-17001111_MR",-0.0329908415170097,0.499999999999852,1.34768076297265,0.332838650828186
"MqA_CHR06:12585688-12585988_MR",-0.0328545891259799,0.499999999999993,1.34768076297265,-0.99907157116095
"MqA_CHR10:14687673-14687973_epistatic",-0.0327997177228099,0.499999999999851,1.34768076297265,-0.589135362348415
"MqA_CHR03:16448288-16448588_MR",-0.0327898724543303,0.499999999999851,1.34768076297265,0.867384283849618
"MqA_CHR09:14702470-14702770_MR",-0.03272151949681,0.500000000000156,1.34768076297265,0.85171437744891
"MqA_CHR07:18456570-18456870_BG",-0.0326999206240099,0.499999999999837,1.34768076297265,0.470258705654623
"MqA_CHR10:18166777-18167077_BG",-0.0325078440959898,0.499999999999843,1.34768076297265,-0.333426747797938
"MqA_CHR04:11429297-11429597_BG",-0.03226446023301,0.500000000000158,1.34768076297265,0.0305395089765824
"MqA_CHR06:1147483-1147783_BG",-0.0321653371301598,0.500000000000007,1.34768076297265,0.488362357905382
"MqA_CHR02:6636047-6636347_MR",-0.0321156862805196,0.499999999999696,1.34768076297265,0.241875342020495
"MqA_CHR08:24852902-24853202_MR",-0.0320622293974999,0.500000000000305,1.34768076297265,0.253143940857617
"MqA_CHR03:7588237-7588537_MR",-0.0320323144931902,0.499999999999841,1.34768076297265,-0.572046322975166
"MqA_CHR03:7539972-7540272_MR",-0.0319165974785101,0.500000000000167,1.34768076297265,-0.566446205281359
"MqA_CHR09:11182484-11182784_MR",-0.0318948385348201,0.499999999999993,1.34768076297265,-0.221793855585787
"MqA_CHR10:18045921-18046221_MR",-0.0317135723761002,0.5,1.34768076297265,0.885314746009584
"MqA_CHR02:22123981-22124281_MR",-0.0316602718969299,0.500000000000161,1.34768076297265,0.916316547643586
"MqA_CHR05:19257634-19257934_MR",-0.03155970682917,0.500000000000155,1.34768076297265,0.475678584886724
"MqA_CHR02:16989171-16989471_MR",-0.0315050116954798,0.499999999999993,1.34768076297265,0.467677330065469
"MqA_CHR02:16987529-16987829_MR",-0.0314378017972898,0.499999999999838,1.34768076297265,0.0719267002146333
"MqA_CHR06:10657749-10658049_MR",-0.0314347548335698,0.500000000000155,1.34768076297265,-0.995049077735684
"MqA_CHR05:5877487-5877787_MR",-0.03139127244898,0.5,1.34768076297265,0.219807300498677
"MqA_CHR09:8200346-8200646_MR",-0.0313676326072998,0.500000000000007,1.34768076297265,0.682571179093741
"MqA_CHR03:5981487-5981787_BG",-0.03105181555829,0.499999999999828,1.34768076297265,0.503451096283596
"MqA_CHR02:17166400-17166700_BG",-0.0310278084057298,0.500000000000157,1.34768076297265,-0.0859678193210981
"MqA_CHR10:4683026-4683326_MR",-0.0309575073956903,0.499999999999835,1.34768076297265,0.0635313281909337
"MqA_CHR03:12617706-12618006_BG",-0.0309226262934001,0.500000000000007,1.34768076297265,0.073581042122041
"MqA_CHR08:19161930-19162230_MR",-0.0309140064458702,0.499999999999835,1.34768076297265,-1.00577989786812
"MqA_CHR07:4349385-4349685_MR",-0.03087923510888,0.499999999999993,1.34768076297265,-0.288261030523469
"MqA_CHR02:6519596-6519896_BG",-0.0306926233509697,0.499999999999834,1.34768076297265,0.224659284787116
"MqA_CHR11:16931868-16932168_BG",-0.0305263697601599,0.500000000000327,1.34768076297265,0.660373562446919
"MqA_CHR03:7579382-7579682_BG",-0.0304678152986302,0.499999999999825,1.34768076297265,-0.286335856445797
"MqA_CHR04:16722679-16722979_MR",-0.0304578240117102,0.500000000000168,1.34768076297265,-0.178340255655254
"MqA_CHR05:9671697-9671997_BG",-0.0304496425865,0.499999999999993,1.34768076297265,0.147327608333471
"MqA_CHR10:16717270-16717570_MR",-0.03042528247496,0.5,1.34768076297265,0.179744158752632
"MqA_CHR02:9242306-9242606_BG",-0.0301814886810101,0.499999999999838,1.34768076297265,0.439674716138117
"MqA_CHR01:13750747-13751047_MR",-0.0299602805984702,0.50000000000017,1.34768076297265,-0.209813492131862
"MqA_CHR05:17142105-17142405_MR",-0.0298719241346501,0.499999999999844,1.34768076297265,0.837890156340935
"MqA_CHR06:22384368-22384668_MR",-0.0298606516102802,0.499999999999665,1.34768076297265,0.925488378565582
"MqA_CHR09:7661584-7661884_MR",-0.0298282032650801,0.500000000000335,1.34768076297265,-0.520979893695578
"MqA_CHR05:17142227-17142527_MR",-0.02973263321813,0.500000000000157,1.34768076297265,0.449331085165846
"MqA_CHR05:21620392-21620692_MR",-0.0296757931013198,0.500000000000329,1.34768076297265,0.809626349364841
"MqA_CHR03:494903-495203_BG",-0.0296328203030201,0.500000000000007,1.34768076297265,0.207935152482043
"MqA_CHR04:2517984-2518284_BG",-0.02957557868167,0.500000000000165,1.34768076297265,0.273414124909156
"MqA_CHR05:5882964-5883264_BG",-0.0293592977074097,0.499999999999826,1.34768076297265,0.875563363792998
"MqA_CHR10:4683120-4683420_MR",-0.0293395688517903,0.499999999999826,1.34768076297265,0.701283891165356
"MqA_CHR02:8439389-8439689_BG",-0.0291826762457101,0.499999999999825,1.34768076297265,0.159942377866224
"MqA_CHR08:15198839-15199139_MR",-0.0290793040876398,0.500000000000336,1.34768076297265,0.643102327837027
"MqA_CHR07:12642202-12642502_MR",-0.02905557885892,0.499999999999992,1.34768076297265,-0.772259442259593
"MqA_CHR07:5394927-5395227_MR",-0.0290119804304099,0.499999999999839,1.34768076297265,0.529312534757835
"MqA_CHR06:22384367-22384667_MR",-0.0289263392024099,0.499999999999823,1.34768076297265,0.24751284664427
"MqA_CHR04:16289717-16290017_MR",-0.0288718587327699,0.499999999999831,1.34768076297265,-0.699514271268193
"MqA_CHR05:10699675-10699975_MR",-0.02881550530621,0.49999999999983,1.34768076297265,-0.839218393092978
"MqA_CHR09:11182655-11182955_MR",-0.0286990948011003,0.500000000000008,1.34768076297265,-0.0715993509084005
"MqA_CHR08:19180662-19180962_MR",-0.0286542610847702,0.49999999999983,1.34768076297265,0.560129956651321
"MqA_CHR09:1807793-1808093_BG",-0.028437012565,0.500000000000359,1.34768076297265,0.472786546851285
"MqA_CHR02:3236242-3236542_BG",-0.0283942005942399,0.499999999999648,1.34768076297265,0.634702016409247
"MqA_CHR08:7179943-7180243_BG",-0.02837912084133,0.500000000000172,1.34768076297265,-0.659434436248008
"MqA_CHR07:9382726-9383026_BG",-0.02837105726256,0.5,1.34768076297265,0.889676011749205
"MqA_CHR04:2882951-2883251_BG",-0.0283564079356999,0.5,1.34768076297265,-0.412501118755097
"MqA_CHR06:16085238-16085538_BG",-0.0282236556047399,0.5,1.34768076297265,-0.701610583165289
"MqA_CHR07:8588060-8588360_BG",-0.02817291653164,0.500000000000008,1.34768076297265,0.441491123954825
"MqA_CHR09:11182543-11182843_MR",-0.0281515089273396,0.5,1.34768076297265,-0.350036097250386
"MqA_CHR09:16934151-16934451_BG",-0.0281232979415198,0.500000000000008,1.34768076297265,0.557855264981587
"MqA_CHR09:15234072-15234372_MR",-0.02809662796076,0.500000000000008,1.34768076297265,-0.210871423864954
"MqA_CHR02:16865429-16865729_MR",-0.02805568880652,0.499999999999644,1.34768076297265,0.36046500813723
"MqA_CHR08:19173867-19174167_MR",-0.0279632286745999,0.5,1.34768076297265,0.540674962472495
"MqA_CHR10:6071017-6071317_BG",-0.0279612985874702,0.499999999999817,1.34768076297265,-0.618357267782268
"MqA_CHR03:5313572-5313872_BG",-0.0279232930724804,0.5,1.34768076297265,-0.941576504720571
"MqA_CHR07:9454325-9454625_MR",-0.02782940742394,0.500000000000008,1.34768076297265,-0.728315179814144
"MqA_CHR11:4677102-4677402_MR",-0.0278116637197598,0.5,1.34768076297265,0.359882018066327
"MqA_CHR05:21619946-21620246_MR",-0.0277546553407397,0.5,1.34768076297265,0.869908585179141
"MqA_CHR06:24806517-24806817_MR",-0.0276308885016703,0.499999999999815,1.34768076297265,-0.0992155548990057
"MqA_CHR10:20432913-20433213_BG",-0.02757491118598,0.500000000000008,1.34768076297265,0.204876483386419
"MqA_CHR09:6086944-6087244_MR",-0.0275310275163401,0.499999999999629,1.34768076297265,-0.605742812236068
"MqA_CHR04:1239179-1239479_BG",-0.0275237346177999,0.5,1.34768076297265,0.0775698453530539
"MqA_CHR06:10633264-10633564_MR",-0.0273772050349499,0.499999999999813,1.34768076297265,-0.640614694436936
"MqA_CHR02:24298999-24299299_MR",-0.0273727145041898,0.499999999999822,1.34768076297265,-0.0959474877022703
"MqA_CHR06:11093267-11093567_MR",-0.0273601377306001,0.5,1.34768076297265,-0.360986424880092
"MqA_CHR08:13820939-13821239_BG",-0.0273420978861401,0.5,1.34768076297265,-0.764295700501399
"MqA_CHR07:10773409-10773709_BG",-0.0272107374214801,0.499999999999992,1.34768076297265,-0.624533903110493
"MqA_CHR02:15228970-15229270_MR",-0.0271823314837398,0.5,1.34768076297265,0.465236812691849
"MqA_CHR06:16560883-16561183_MR",-0.0271692251457099,0.49999999999982,1.34768076297265,-0.17091256064746
"MqA_CHR08:23284675-23284975_MR",-0.0271447239604496,0.50000000000018,1.34768076297265,-0.167731215150544
"MqA_CHR07:10038049-10038349_MR",-0.0269434136912499,0.50000000000019,1.34768076297265,-0.0397814845384457
"MqA_CHR04:16476028-16476328_MR",-0.0268145286710899,0.499999999999818,1.34768076297265,-0.147171450247101
"MqA_CHR05:4581547-4581847_MR",-0.0267522180069597,0.499999999999992,1.34768076297265,-0.721853944950922
"MqA_CHR11:4675960-4676260_MR",-0.02668799495728,0.5,1.34768076297265,0.654310344300986
"MqA_CHR06:22674751-22675051_BG",-0.0264602848371798,0.5,1.34768076297265,0.189414112626176
"MqA_CHR07:2579181-2579481_MR",-0.02641479868675,0.499999999999807,1.34768076297265,0.59346294623631
"MqA_CHR04:15414547-15414847_BG",-0.0263663932949498,0.499999999999815,1.34768076297265,0.532712926357846
"MqA_CHR03:2146603-2146903_MR",-0.0263515321865002,0.5,1.34768076297265,0.837459398991661
"MqA_CHR05:10786004-10786304_MR",-0.0263053214508799,0.500000000000388,1.34768076297265,0.729821438191667
"MqA_CHR09:14723896-14724196_MR",-0.02612489780434,0.499999999999992,1.34768076297265,-0.365797582255778
"MqA_CHR10:8484903-8485203_BG",-0.0260980596265301,0.499999999999804,1.34768076297265,-0.477022384896441
"MqA_CHR05:3519295-3519595_MR",-0.0260375538848296,0.500000000000196,1.34768076297265,0.492392078588012
"MqA_CHR05:17141741-17142041_MR",-0.0260148964310196,0.500000000000009,1.34768076297265,0.499074943973853
"MqA_CHR06:24754266-24754566_MR",-0.0260067776980599,0.500000000000009,1.34768076297265,0.836961289730334
"MqA_CHR10:20427773-20428073_MR",-0.0259304324724199,0.500000000000009,1.34768076297265,0.590600361886398
"MqA_CHR10:4682736-4683036_MR",-0.0258313647832003,0.499999999999605,1.34768076297265,-0.729222376526893
"MqA_CHR11:14140612-14140912_BG",-0.02582221665498,0.5,1.34768076297265,-0.415814269223857
"MqA_CHR07:5395032-5395332_MR",-0.0257985258868101,0.500000000000198,1.34768076297265,-0.606775412669793
"MqA_CHR06:5271913-5272213_BG",-0.02578387441537,0.499999999999793,1.34768076297265,0.571932960266958
"MqA_CHR08:7981919-7982219_MR",-0.0257073569608397,0.499999999999991,1.34768076297265,-0.742009615125329
"MqA_CHR07:13160205-13160505_BG",-0.0256485331471299,0.499999999999801,1.34768076297265,-0.741554268393697
"MqA_CHR05:10927904-10928204_MR",-0.0256192323003703,0.499999999999801,1.34768076297265,-0.851130372022045
"MqA_CHR11:6354660-6354960_MR",-0.02561736197024,0.5,1.34768076297265,-0.891185241738934
"MqA_CHR11:9744806-9745106_BG",-0.02557321297291,0.499999999999809,1.34768076297265,0.0673732966598635
"MqA_CHR08:19090310-19090610_MR",-0.02544796395425,0.500000000000201,1.34768076297265,-0.771881239879843
"MqA_CHR07:19620484-19620784_BG",-0.0253707496742197,0.499999999999991,1.34768076297265,0.489789732164979
"MqA_CHR09:845888-846188_MR",-0.0252660748195002,0.5,1.34768076297265,0.469534993857262
"MqA_CHR06:11435910-11436210_MR",-0.0252298570988998,0.5,1.34768076297265,0.771496234799926
"MqA_CHR06:12585773-12586073_MR",-0.0252192887966598,0.499999999999991,1.34768076297265,0.0374994198743576
"MqA_CHR08:19124300-19124600_MR",-0.0251981851741001,0.499999999999991,1.34768076297265,0.692509490078591
"MqA_CHR08:19714104-19714404_BG",-0.0251777608261601,0.500000000000397,1.34768076297265,-0.11723294610703
"MqA_CHR03:19366599-19366899_MR",-0.0251522792010603,0.500000000000397,1.34768076297265,-0.693914065959618
"MqA_CHR03:23609626-23609926_MR",-0.0251467672269401,0.5,1.34768076297265,-0.112157916924
"MqA_CHR03:7588153-7588453_MR",-0.0251099462040001,0.5,1.34768076297265,0.931874934041001
"MqA_CHR08:18827924-18828224_BG",-0.0250968287342599,0.500000000000009,1.34768076297265,-0.027745528304376
"MqA_CHR04:14515198-14515498_MR",-0.0250715806832802,0.500000000000009,1.34768076297265,-0.497469928438545
"MqA_CHR05:5636567-5636867_MR",-0.0250626643363701,0.499999999999787,1.34768076297265,-0.48670667192891
"MqA_CHR10:9471413-9471713_BG",-0.0249365833904602,0.499999999999991,1.34768076297265,0.0852215920852449
"MqA_CHR05:21271526-21271826_MR",-0.0249151958642497,0.499999999999795,1.34768076297265,0.300478014666875
"MqA_CHR09:5910852-5911152_MR",-0.0249128827806802,0.5,1.34768076297265,-0.324163876666636
"MqA_CHR05:12623603-12623903_BG",-0.0248183469643601,0.5,1.34768076297265,-0.879775465120653
"MqA_CHR10:4683044-4683344_MR",-0.0248090270822199,0.500000000000009,1.34768076297265,-0.0944485295955691
"MqA_CHR07:22171528-22171828_BG",-0.02479246908486,0.499999999999991,1.34768076297265,0.679353490467939
"MqA_CHR11:7962453-7962753_BG",-0.0247448824684602,0.5,1.34768076297265,0.152095609020424
"MqA_CHR04:998530-998830_BG",-0.02472360401319,0.500000000000207,1.34768076297265,-0.294340702023287
"MqA_CHR06:10663680-10663980_MR",-0.0246948283558597,0.5,1.34768076297265,0.0975029543960731
"MqA_CHR09:5911286-5911586_MR",-0.0246590045603701,0.500000000000207,1.34768076297265,0.787842590459126
"MqA_CHR05:7506029-7506329_MR",-0.02462318320435,0.500000000000207,1.34768076297265,-0.0198578001419676
"MqA_CHR10:16717259-16717559_MR",-0.0245536101850798,0.500000000000009,1.34768076297265,-0.654363786972885
"MqA_CHR01:1865976-1866276_BG",-0.0244684173077001,0.499999999999601,1.34768076297265,0.088305253848887
"MqA_CHR11:19118238-19118538_BG",-0.0243990505792602,0.500000000000009,1.34768076297265,0.918115543033145
"MqA_CHR10:17799985-17800285_BG",-0.0243890548491899,0.500000000000209,1.34768076297265,-0.367382073362814
"MqA_CHR07:10635142-10635442_BG",-0.0243725498153098,0.49999999999979,1.34768076297265,0.643121017086725
"MqA_CHR04:12709086-12709386_MR",-0.0243493777408701,0.50000000000021,1.34768076297265,-0.381523567712684
"MqA_CHR06:2530534-2530834_MR",-0.0243281122221002,0.499999999999991,1.34768076297265,-0.627123682747902
"MqA_CHR03:17975353-17975653_BG",-0.0243066212952603,0.499999999999991,1.34768076297265,-0.901406318327201
"MqA_CHR08:24821237-24821537_MR",-0.0242934150879499,0.499999999999799,1.34768076297265,-0.514342906960767
"MqA_CHR03:6467487-6467787_MR",-0.0242678908112302,0.49999999999978,1.34768076297265,-0.296061921285881
"MqA_CHR05:1049615-1049915_BG",-0.02422813085371,0.50000000000022,1.34768076297265,-0.680381740190402
"MqA_CHR01:14708275-14708575_BG",-0.0242194553203601,0.499999999999991,1.34768076297265,-0.390454505935654
"MqA_CHR07:10037474-10037774_MR",-0.0241521488120298,0.500000000000211,1.34768076297265,-0.963441960939811
"MqA_CHR02:24914574-24914874_BG",-0.0239894848153601,0.500000000000009,1.34768076297265,0.994514518974751
"MqA_CHR05:6406307-6406607_MR",-0.0239602831133299,0.499999999999796,1.34768076297265,0.61011647134544
"MqA_CHR06:2520331-2520631_MR",-0.0239221535088201,0.499999999999582,1.34768076297265,-0.82567054114645
"MqA_CHR09:15829271-15829571_BG",-0.0239144018195101,0.500000000000214,1.34768076297265,0.740896894115587
"MqA_CHR08:23007889-23008189_MR",-0.0238747459631301,0.499999999999805,1.34768076297265,0.111484554125458
"MqA_CHR05:4806232-4806532_MR",-0.0238455484067099,0.499999999999795,1.34768076297265,-0.156324725339204
"MqA_CHR06:23759872-23760172_BG",-0.02378575878488,0.500000000000009,1.34768076297265,-0.862815932163366
"MqA_CHR10:12984979-12985279_MR",-0.0237614799627801,0.5,1.34768076297265,0.120812088623728
"MqA_CHR01:15338531-15338831_MR",-0.0237287086161797,0.500000000000009,1.34768076297265,-0.857631553383586
"MqA_CHR08:15434857-15435157_MR",-0.0236619799984399,0.500000000000009,1.34768076297265,-0.575020332892947
"MqA_CHR07:10038793-10039093_MR",-0.0236394971535399,0.5,1.34768076297265,0.10002343165194
"MqA_CHR02:17973979-17974279_MR",-0.0235939537385397,0.5,1.34768076297265,-0.0310253064751955
"MqA_CHR10:16245102-16245402_MR",-0.02359043054792,0.500000000000009,1.34768076297265,-0.680316439311132
"MqA_CHR09:14918426-14918726_BG",-0.0235900757438401,0.5,1.34768076297265,-0.701577515225836
"MqA_CHR04:13091778-13092078_BG",-0.0235385820696901,0.499999999999783,1.34768076297265,-0.00078567852171155
"MqA_CHR01:16578040-16578340_BG",-0.0235351832318398,0.499999999999991,1.34768076297265,0.882451312270897
"MqA_CHR11:19486286-19486586_MR",-0.0235024563176602,0.500000000000425,1.34768076297265,-0.330904494787831
"MqA_CHR05:15090035-15090335_MR",-0.0234954072098703,0.499999999999783,1.34768076297265,-0.62255968040146
"MqA_CHR07:18067069-18067369_MR",-0.0234947666421896,0.499999999999783,1.34768076297265,-0.460022927791641
"MqA_CHR08:19827382-19827682_MR",-0.02345664370492,0.500000000000435,1.34768076297265,0.0619380946613973
"MqA_CHR04:495513-495813_BG",-0.0234405834054203,0.499999999999991,1.34768076297265,-0.956646201039674
"MqA_CHR02:7808433-7808733_BG",-0.0232221933646604,0.49999999999999,1.34768076297265,0.597890606930576
"MqA_CHR02:21144746-21145046_BG",-0.02320667916957,0.499999999999799,1.34768076297265,-0.776582001640694
"MqA_CHR03:7575343-7575643_MR",-0.0231448822245901,0.500000000000221,1.34768076297265,0.0799375564524387
"MqA_CHR05:6766311-6766611_BG",-0.0230685040821399,0.5,1.34768076297265,0.141794225777656
"MqA_CHR06:3434933-3435233_BG",-0.0230676118234698,0.499999999999779,1.34768076297265,0.24704928780945
"MqA_CHR11:7532412-7532712_BG",-0.02300225574926,0.5,1.34768076297265,0.430013409476281
"MqA_CHR06:22541524-22541824_MR",-0.02295018620931,0.499999999999787,1.34768076297265,-0.753112956605788
"MqA_CHR02:9745905-9746205_MR",-0.0228609457990303,0.500000000000223,1.34768076297265,-0.376668971254377
"MqA_CHR05:3517072-3517372_MR",-0.0228095613938804,0.5,1.34768076297265,0.89171152560126
"MqA_CHR10:9034399-9034699_BG",-0.02280199330208,0.5,1.34768076297265,0.000250865305582903
"MqA_CHR05:1786919-1787219_BG",-0.0228001472130299,0.500000000000205,1.34768076297265,-0.72401466011534
"MqA_CHR07:14348589-14348889_MR",-0.0226514066429098,0.500000000000225,1.34768076297265,0.737596302229101
"MqA_CHR05:10835768-10836068_MR",-0.0226220879320103,0.500000000000216,1.34768076297265,-0.589693188419041
"MqA_CHR01:4078402-4078702_BG",-0.0225672764684597,0.50000000000001,1.34768076297265,0.851816384034773
"MqA_CHR07:16626973-16627273_BG",-0.0225560527462099,0.499999999999764,1.34768076297265,0.773589121814027
"MqA_CHR02:20773678-20773978_BG",-0.02250348051798,0.500000000000444,1.34768076297265,-0.73001885402731
"MqA_CHR08:12227340-12227640_MR",-0.0224620628151899,0.500000000000227,1.34768076297265,0.570702106324468
"MqA_CHR07:320809-321109_BG",-0.0224501406915296,0.500000000000218,1.34768076297265,-0.0918388635025315
"MqA_CHR08:23338020-23338320_MR",-0.0223851554255798,0.500000000000436,1.34768076297265,-0.725638065833861
"MqA_CHR11:4410488-4410788_BG",-0.0223768458442102,0.499999999999762,1.34768076297265,0.770375678098341
"MqA_CHR06:10660408-10660708_MR",-0.0223645411897397,0.500000000000457,1.34768076297265,-0.326624395652494
"MqA_CHR10:12984971-12985271_MR",-0.02230512685786,0.499999999999552,1.34768076297265,-0.358703622396196
"MqA_CHR10:19092026-19092326_BG",-0.02228828958977,0.500000000000229,1.34768076297265,-0.192554052764921
"MqA_CHR10:12985013-12985313_MR",-0.0222850032377102,0.499999999999771,1.34768076297265,-0.0453170627380359
"MqA_CHR01:13765204-13765504_MR",-0.0222702858616302,0.499999999999781,1.34768076297265,-0.266867689435562
"MqA_CHR01:13425945-13426245_BG",-0.0222680020217103,0.499999999999781,1.34768076297265,-0.068798484249046
"MqA_CHR05:16299545-16299845_BG",-0.0222461179836699,0.49999999999976,1.34768076297265,-0.906476654077346
"MqA_CHR06:413377-413677_MR",-0.0222101837199902,0.50000000000023,1.34768076297265,-0.625897282073231
"MqA_CHR11:17597670-17597970_BG",-0.0222069024128499,0.50000000000022,1.34768076297265,0.963780004397166
"MqA_CHR10:4683133-4683433_MR",-0.0221983460023902,0.49999999999977,1.34768076297265,-0.345127278076648
"MqA_CHR03:7438490-7438790_MR",-0.0221498880696802,0.50000000000001,1.34768076297265,-0.654889606222349
"MqA_CHR08:4499050-4499350_BG",-0.0221351735349598,0.49999999999999,1.34768076297265,-0.0237448085103629
"MqA_CHR10:12984990-12985290_MR",-0.0220551558145199,0.499999999999547,1.34768076297265,-0.961325252047919
"MqA_CHR02:9745903-9746203_MR",-0.0220187811604702,0.499999999999768,1.34768076297265,-0.32126327394303
"MqA_CHR11:6790910-6791210_BG",-0.02199416901643,0.500000000000232,1.34768076297265,-0.941084294990793
"MqA_CHR11:20973950-20974250_MR",-0.0219068763270598,0.500000000000456,1.34768076297265,0.734125308619743
"MqA_CHR05:15103063-15103363_MR",-0.0218681915013099,0.500000000000234,1.34768076297265,0.463002467971732
"MqA_CHR11:11813014-11813314_BG",-0.02180716361792,0.5,1.34768076297265,-0.369927047941051
"MqA_CHR03:9002855-9003155_BG",-0.0218022975010199,0.500000000000458,1.34768076297265,-0.227621756055531
"MqA_CHR08:12228245-12228545_MR",-0.0217346208286702,0.499999999999765,1.34768076297265,-0.33573186501929
"MqA_CHR08:19196938-19197238_MR",-0.0216658165149499,0.500000000000236,1.34768076297265,-0.831672155024988
"MqA_CHR05:6447777-6448077_BG",-0.0216503473579599,0.49999999999999,1.34768076297265,0.515476845563965
"MqA_CHR07:4022592-4022892_BG",-0.0216367701896498,0.499999999999774,1.34768076297265,0.205284869495415
"MqA_CHR05:15101206-15101506_MR",-0.0215949029918203,0.5,1.34768076297265,-0.706965818443607
"MqA_CHR06:27617701-27618001_BG",-0.0215728319612198,0.5,1.34768076297265,-0.932713878462031
"MqA_CHR05:15100814-15101114_MR",-0.0215397085576203,0.5,1.34768076297265,-0.0330674150202248
"MqA_CHR05:21264611-21264911_MR",-0.0214997142438098,0.500000000000238,1.34768076297265,-0.102459423915895
"MqA_CHR10:5944140-5944440_MR",-0.0214121940838399,0.50000000000001,1.34768076297265,-0.879899640647231
"MqA_CHR04:4172172-4172472_BG",-0.0213577870767003,0.49999999999999,1.34768076297265,-0.34471463786322
"MqA_CHR05:10785956-10786256_MR",-0.0212590233239101,0.50000000000024,1.34768076297265,0.759257485218416
"MqA_CHR09:9704044-9704344_BG",-0.0211554942833798,0.5,1.34768076297265,0.863360639955275
"MqA_CHR06:24754090-24754390_MR",-0.0211432134621301,0.499999999999769,1.34768076297265,-0.216340261831876
"MqA_CHR08:15435818-15436118_MR",-0.0211208946800201,0.500000000000011,1.34768076297265,-0.683006426878146
"MqA_CHR05:5935793-5936093_MR",-0.0210759524233097,0.500000000000232,1.34768076297265,-0.358835700623293
"MqA_CHR09:8161223-8161523_MR",-0.0210527041084601,0.499999999999989,1.34768076297265,-0.378300536142191
"MqA_CHR10:4785477-4785777_BG",-0.0210500642310603,0.5,1.34768076297265,-0.783986995254492
"MqA_CHR05:3517283-3517583_MR",-0.0210444268841097,0.500000000000243,1.34768076297265,0.957944209245972
"MqA_CHR08:13798104-13798404_MR",-0.0210442530609201,0.500000000000011,1.34768076297265,-0.00696155568973028
"MqA_CHR05:3520206-3520506_MR",-0.0210156242545598,0.499999999999989,1.34768076297265,-0.811096015019352
"MqA_CHR10:4682737-4683037_MR",-0.0208670555244499,0.499999999999766,1.34768076297265,-0.577213866228158
"MqA_CHR09:5909671-5909971_MR",-0.0208422480745201,0.5,1.34768076297265,0.860198027622494
"MqA_CHR11:12962858-12963158_BG",-0.0206398020060301,0.500000000000247,1.34768076297265,-0.407129769141829
"MqA_CHR02:24296984-24297284_MR",-0.0206095386686598,0.499999999999989,1.34768076297265,0.307816255721294
"MqA_CHR06:1381080-1381380_MR",-0.0206085665723701,0.500000000000226,1.34768076297265,0.801300463870567
"MqA_CHR03:15650597-15650897_BG",-0.0205365227709602,0.500000000000011,1.34768076297265,0.980713442868405
"MqA_CHR10:16594485-16594785_MR",-0.0205308001331899,0.500000000000238,1.34768076297265,-0.140226587584912
"MqA_CHR03:2092678-2092978_MR",-0.0204451752463504,0.499999999999761,1.34768076297265,-0.213284160797368
"MqA_CHR04:10568044-10568344_MR",-0.0204268478194001,0.5,1.34768076297265,-0.716966684245449
"MqA_CHR06:26952176-26952476_BG",-0.0203949603720397,0.49999999999951,1.34768076297265,-0.4411994933661
"MqA_CHR05:3981488-3981788_BG",-0.02032111367236,0.499999999999989,1.34768076297265,0.128794538363056
"MqA_CHR11:7097577-7097877_BG",-0.0202973090921201,0.5,1.34768076297265,0.86941475997484
"MqA_CHR10:12984984-12985284_MR",-0.0202821182545998,0.499999999999518,1.34768076297265,-0.284064850704266
"MqA_CHR03:22136043-22136343_MR",-0.0202655963501202,0.500000000000011,1.34768076297265,0.683099963848075
"MqA_CHR07:15386141-15386441_MR",-0.0202556553228899,0.499999999999737,1.34768076297265,0.443960632694128
"MqA_CHR04:6346790-6347090_BG",-0.0202271683823398,0.500000000000011,1.34768076297265,0.501736849587798
"MqA_CHR07:18336088-18336388_BG",-0.0202117596830997,0.499999999999989,1.34768076297265,0.84644251015288
"MqA_CHR08:16903136-16903436_MR",-0.0201493525027701,0.499999999999758,1.34768076297265,-0.995130903624039
"MqA_CHR11:18929583-18929883_BG",-0.0200898894617101,0.500000000000243,1.34768076297265,-0.688138840280894
"MqA_CHR02:14612446-14612746_BG",-0.0200223234057497,0.500000000000743,1.34768076297265,-0.202323704703955
"MqA_CHR10:3871388-3871688_BG",-0.0199978180609302,0.499999999999756,1.34768076297265,0.350684251001543
"MqA_CHR02:455014-455314_BG",-0.0199883635096398,0.5,1.34768076297265,-0.0401562507271534
"MqA_CHR05:19558531-19558831_MR",-0.01996352982002,0.499999999999989,1.34768076297265,0.0667680493271432
"MqA_CHR06:12582043-12582343_MR",-0.019954989236,0.5,1.34768076297265,-0.361813489882078
"MqA_CHR03:22844718-22845018_BG",-0.0199398089701104,0.500000000000245,1.34768076297265,0.628636766415821
"MqA_CHR03:8502829-8503129_BG",-0.0199112885068602,0.499999999999989,1.34768076297265,-0.413842773146463
"MqA_CHR02:13989897-13990197_BG",-0.0198571713532396,0.499999999999989,1.34768076297265,-0.182611893724836
"MqA_CHR08:22285371-22285671_MR",-0.0198441901545099,0.500000000000246,1.34768076297265,-0.819003627049876
"MqA_CHR08:17217993-17218293_BG",-0.0197944824956,0.5,1.34768076297265,0.596325634088215
"MqA_CHR06:20365332-20365632_MR",-0.0197772892074699,0.500000000000247,1.34768076297265,-0.276443372038312
"MqA_CHR07:21242725-21243025_MR",-0.0197532561446696,0.500000000000247,1.34768076297265,-0.915755856468442
"MqA_CHR04:5298542-5298842_BG",-0.0196947981645401,0.5,1.34768076297265,-0.91872049829266
"MqA_CHR08:20922573-20922873_BG",-0.0196609795840699,0.499999999999752,1.34768076297265,0.908064055333334
"MqA_CHR07:20288228-20288528_BG",-0.0196432191691196,0.5,1.34768076297265,-0.254168319266087
"MqA_CHR03:23606719-23607019_MR",-0.0196431725673603,0.500000000000509,1.34768076297265,0.611982952006123
"MqA_CHR03:2147012-2147312_MR",-0.0196321989229302,0.500000000000249,1.34768076297265,0.819850131055828
"MqA_CHR08:22655065-22655365_epistatic",-0.0196134108397401,0.499999999999491,1.34768076297265,-0.12068961647153
"MqA_CHR05:5935794-5936094_MR",-0.0196029866996197,0.5,1.34768076297265,0.151826713430645
"MqA_CHR05:10837842-10838142_MR",-0.01951225604292,0.5,1.34768076297265,-0.848161693450112
"MqA_CHR10:3991555-3991855_BG",-0.0195111912192698,0.499999999999738,1.34768076297265,-0.671576089661103
"MqA_CHR10:20427898-20428198_MR",-0.01950173737709,0.49999999999975,1.34768076297265,0.48207335149133
"MqA_CHR07:4767785-4768085_BG",-0.0194900649168699,0.500000000000239,1.34768076297265,-0.0493868814096784
"MqA_CHR08:25646932-25647232_BG",-0.0194816089239298,0.500000000000251,1.34768076297265,0.370254077020953
"MqA_CHR06:22543797-22544097_MR",-0.0194695162129501,0.499999999999738,1.34768076297265,0.897056000497211
"MqA_CHR10:12277650-12277950_MR",-0.0194632570714601,0.5,1.34768076297265,-0.00585499489556787
"MqA_CHR11:365050-365350_BG",-0.0193849116872298,0.500000000000263,1.34768076297265,-0.0597847353514706
"MqA_CHR08:13506065-13506365_MR",-0.0193610998992102,0.499999999999736,1.34768076297265,0.119619200413352
"MqA_CHR06:859016-859316_MR",-0.01934841156891,0.499999999999736,1.34768076297265,0.306359268793318
"MqA_CHR02:4800514-4800814_BG",-0.0193199321125701,0.499999999999736,1.34768076297265,-0.43663494835192
"MqA_CHR11:4679292-4679592_MR",-0.0193187470887501,0.499999999999747,1.34768076297265,0.955376628380607
"MqA_CHR10:18891220-18891520_BG",-0.0193097097422998,0.499999999999483,1.34768076297265,0.286961921370676
"MqA_CHR11:20982195-20982495_MR",-0.0193080104114398,0.499999999999482,1.34768076297265,0.166467192115035
"MqA_CHR07:5689708-5690008_BG",-0.0192989332367501,0.500000000000253,1.34768076297265,0.230975302982763
"MqA_CHR06:26284779-26285079_MR",-0.0192930037877002,0.5,1.34768076297265,0.852126511465813
"MqA_CHR02:12851267-12851567_BG",-0.01925753164402,0.500000000000507,1.34768076297265,-0.220720824775164
"MqA_CHR05:21270805-21271105_MR",-0.0192546698736797,0.499999999999988,1.34768076297265,-0.424908481988333
"MqA_CHR11:3857028-3857328_MR",-0.0192369761833602,0.5,1.34768076297265,-0.816245586748048
"MqA_CHR01:13122558-13122858_BG",-0.0192317331990597,0.500000000000012,1.34768076297265,-0.356661074715514
"MqA_CHR07:13951578-13951878_MR",-0.0192254513623897,0.499999999999215,1.34768076297265,0.519973010701323
"MqA_CHR02:14311808-14312108_BG",-0.0192103770864898,0.500000000000266,1.34768076297265,-0.79188385215247
"MqA_CHR07:15115467-15115767_BG",-0.0191618268718798,0.5,1.34768076297265,0.420749609222434
"MqA_CHR01:2085660-2085960_MR",-0.0191330013861299,0.499999999999733,1.34768076297265,0.932264425666535
"MqA_CHR03:16447214-16447514_MR",-0.0191277547284701,0.499999999999745,1.34768076297265,-0.595820102881281
"MqA_CHR08:10131974-10132274_BG",-0.0190801201428599,0.5,1.34768076297265,-0.781190849556452
"MqA_CHR10:16243207-16243507_MR",-0.01907627446686,0.5,1.34768076297265,-0.890095818352603
"MqA_CHR07:14349659-14349959_MR",-0.0190317967337998,0.5,1.34768076297265,0.658776253153983
"MqA_CHR02:22548320-22548620_MR",-0.0189916309803002,0.499999999999988,1.34768076297265,0.161744491867592
"MqA_CHR11:5740051-5740351_BG",-0.0189393092424401,0.5,1.34768076297265,-0.0604463273887507
"MqA_CHR07:3642778-3643078_BG",-0.0189100745317297,0.49999999999973,1.34768076297265,-0.270582710635159
"MqA_CHR02:15173408-15173708_BG",-0.0189096414319199,0.5,1.34768076297265,-0.436181207996717
"MqA_CHR02:2931724-2932024_BG",-0.0188897476186698,0.500000000000259,1.34768076297265,0.198823855626808
"MqA_CHR04:3064639-3064939_BG",-0.01887760428006,0.499999999999988,1.34768076297265,0.62883241509635
"MqA_CHR08:4249078-4249378_MR",-0.0187885613390599,0.500000000000012,1.34768076297265,-0.804012134412957
"MqA_CHR11:1783755-1784055_BG",-0.0187792030570901,0.500000000000272,1.34768076297265,0.926795256891631
"MqA_CHR08:4249386-4249686_MR",-0.0186964398325897,0.500000000000273,1.34768076297265,-0.663107504445141
"MqA_CHR03:18564763-18565063_epistatic",-0.01862426395178,0.500000000000012,1.34768076297265,-0.825850804867574
"MqA_CHR07:7499021-7499321_BG",-0.0186097864168397,0.5,1.34768076297265,0.722433758042546
"MqA_CHR11:5951155-5951455_epistatic",-0.0186008859692701,0.499999999999725,1.34768076297265,0.0490220134889352
"MqA_CHR11:20028423-20028723_BG",-0.0185774531661598,0.499999999999462,1.34768076297265,0.317398216000076
"MqA_CHR09:8158909-8159209_MR",-0.0185567641408499,0.500000000000275,1.34768076297265,-0.536301263110671
"MqA_CHR11:16808921-16809221_BG",-0.0185302501730802,0.500000000000012,1.34768076297265,0.44191423739703
"MqA_CHR06:11443637-11443937_MR",-0.0184873897025497,0.499999999999736,1.34768076297265,-0.0190155091241686
"MqA_CHR06:14686705-14687005_BG",-0.0184268176417799,0.5,1.34768076297265,0.929999765968971
"MqA_CHR05:19657330-19657630_BG",-0.0184143333823399,0.499999999999988,1.34768076297265,0.813390263590712
"MqA_CHR02:25094921-25095221_BG",-0.01841305687427,0.500000000000253,1.34768076297265,0.104114088340515
"MqA_CHR06:10834630-10834930_BG",-0.0183980691060497,0.500000000000278,1.34768076297265,-0.849291250889323
"MqA_CHR04:10569056-10569356_MR",-0.0183948615323701,0.500000000000278,1.34768076297265,-0.955066823013421
"MqA_CHR02:24297129-24297429_MR",-0.0183858082770798,0.499999999999988,1.34768076297265,0.0260349567465992
"MqA_CHR10:7803053-7803353_BG",-0.0183467005392801,0.5,1.34768076297265,0.261031090271848
"MqA_CHR06:21175179-21175479_BG",-0.0183146205548503,0.500000000000267,1.34768076297265,-0.162854942188798
"MqA_CHR07:10038417-10038717_MR",-0.0183140665377897,0.500000000000267,1.34768076297265,0.758152345930773
"MqA_CHR08:21105444-21105744_BG",-0.01822863730033,0.50000000000028,1.34768076297265,-0.780826067486508
"MqA_CHR03:2144840-2145140_MR",-0.01822814451979,0.49999999999972,1.34768076297265,0.960200973938443
"MqA_CHR03:15019373-15019673_BG",-0.0181928583405502,0.499999999999719,1.34768076297265,-0.470390239042994
"MqA_CHR04:10294172-10294472_BG",-0.0181503695752201,0.499999999999988,1.34768076297265,-0.831735292721459
"MqA_CHR05:21268758-21269058_MR",-0.0181432600114499,0.499999999999706,1.34768076297265,-0.226048812691087
"MqA_CHR06:8257576-8257876_BG",-0.0181018810118299,0.499999999999718,1.34768076297265,-0.750481179931623
"MqA_CHR08:16304593-16304893_BG",-0.0180955639387199,0.499999999999988,1.34768076297265,0.167562245521254
"MqA_CHR07:4855489-4855789_MR",-0.0180307542470497,0.499999999999717,1.34768076297265,-0.519939368028675
"MqA_CHR03:22150099-22150399_MR",-0.0180276223784301,0.500000000000283,1.34768076297265,0.443571639631279
"MqA_CHR10:8111552-8111852_BG",-0.0180161415042299,0.500000000000296,1.34768076297265,-0.708301327783079
"MqA_CHR04:14009902-14010202_BG",-0.0180082812009501,0.500000000000826,1.34768076297265,-0.692622471915287
"MqA_CHR01:2596861-2597161_BG",-0.0180068489516501,0.500000000000271,1.34768076297265,-0.481689531133093
"MqA_CHR04:16290288-16290588_MR",-0.01793055161742,0.5,1.34768076297265,0.554098113078483
"MqA_CHR05:17141834-17142134_MR",-0.0178938465011798,0.499999999999988,1.34768076297265,-0.147156186811243
"MqA_CHR01:8591692-8591992_BG",-0.0178364612949,0.5,1.34768076297265,-0.879968279348028
"MqA_CHR11:4776090-4776390_BG",-0.0177868637060099,0.499999999999725,1.34768076297265,-0.770364607755542
"MqA_CHR06:19350473-19350773_BG",-0.0177717851844998,0.500000000000562,1.34768076297265,-0.0344919754459513
"MqA_CHR05:10838469-10838769_MR",-0.0177598139909203,0.499999999999988,1.34768076297265,0.958365397088128
"MqA_CHR05:21269758-21270058_MR",-0.0177594570887298,0.500000000000288,1.34768076297265,0.620801686539918
"MqA_CHR05:21271225-21271525_MR",-0.01772340686282,0.5,1.34768076297265,0.0858795853193023
"MqA_CHR05:2150339-2150639_BG",-0.0177047571484197,0.499999999999423,1.34768076297265,-0.855187820836875
"MqA_CHR07:7980265-7980565_BG",-0.0176704107930101,0.499999999999724,1.34768076297265,-0.065230078560493
"MqA_CHR05:19559053-19559353_MR",-0.0176648352233397,0.500000000000566,1.34768076297265,-0.324066051001222
"MqA_CHR08:13506062-13506362_MR",-0.0175944577453202,0.499999999999987,1.34768076297265,0.379963119275085
"MqA_CHR06:20263686-20263986_BG",-0.0175402371322302,0.500000000000291,1.34768076297265,0.0300564440649266
"MqA_CHR10:16716174-16716474_MR",-0.0175122354928701,0.499999999999708,1.34768076297265,0.0343575913128682
"MqA_CHR02:24297061-24297361_MR",-0.0174928463711899,0.500000000000279,1.34768076297265,0.0927818085495888
"MqA_CHR02:5932160-5932460_BG",-0.01748146291333,0.500000000000305,1.34768076297265,-0.104935459126818
"MqA_CHR08:16609471-16609771_BG",-0.01745955778396,0.5,1.34768076297265,-0.832044267820678
"MqA_CHR08:19185012-19185312_MR",-0.0174235570335899,0.49999999999972,1.34768076297265,0.860489684552208
"MqA_CHR08:5111032-5111332_BG",-0.0174212082682996,0.499999999999987,1.34768076297265,-0.966857391752213
"MqA_CHR04:12160652-12160952_BG",-0.0173898437979898,0.500000000000294,1.34768076297265,-0.179817473385777
"MqA_CHR02:24297140-24297440_MR",-0.0173891358618699,0.499999999999719,1.34768076297265,-0.541151806698913
"MqA_CHR02:8136653-8136953_BG",-0.0173687395246303,0.500000000000281,1.34768076297265,-0.800141691221788
"MqA_CHR08:12228081-12228381_MR",-0.0173414859330401,0.500000000000013,1.34768076297265,-0.0334895720005344
"MqA_CHR07:11760418-11760718_BG",-0.0173348596782898,0.499999999999705,1.34768076297265,0.300939339304827
"MqA_CHR02:24295431-24295731_MR",-0.0172892648779897,0.499999999999717,1.34768076297265,0.833612202880886
"MqA_CHR11:12177408-12177708_BG",-0.01722947331172,0.5,1.34768076297265,-0.273007646447794
"MqA_CHR09:4814291-4814591_BG",-0.0172273529644502,0.499999999999704,1.34768076297265,0.713762310325552
"MqA_CHR01:18483614-18483914_BG",-0.0171966355477498,0.500000000000284,1.34768076297265,-0.396792246558566
"MqA_CHR05:15089959-15090259_MR",-0.0171940145646703,0.500000000000284,1.34768076297265,-0.0679328174022746
"MqA_CHR07:9756658-9756958_BG",-0.0171674181925199,0.500000000000013,1.34768076297265,-0.713803563943056
"MqA_CHR05:15090261-15090561_MR",-0.0171628052271902,0.500000000000298,1.34768076297265,0.616900569647546
"MqA_CHR11:3676476-3676776_BG",-0.0171575564445101,0.499999999999715,1.34768076297265,0.332343650933785
"MqA_CHR02:7340169-7340469_BG",-0.0171396854949601,0.499999999999417,1.34768076297265,-0.875395868402638
"MqA_CHR03:2087292-2087592_MR",-0.0171387293519101,0.499999999999728,1.34768076297265,-0.137432407722784
"MqA_CHR10:16716419-16716719_MR",-0.0170990053328302,0.499999999999714,1.34768076297265,-0.203478202675286
"MqA_CHR08:15435508-15435808_MR",-0.0170861516719301,0.499999999999714,1.34768076297265,0.394624737770311
"MqA_CHR07:19802079-19802379_BG",-0.01702208337761,0.4999999999997,1.34768076297265,0.318972825461388
"MqA_CHR10:9218266-9218566_BG",-0.0170196614700702,0.499999999999713,1.34768076297265,-0.186213794953573
"MqA_CHR03:8929758-8930058_BG",-0.01699682211561,0.499999999999713,1.34768076297265,-0.381371831760541
"MqA_CHR04:16289341-16289641_MR",-0.0169723939999198,0.5,1.34768076297265,-0.483846070636215
"MqA_CHR05:17029303-17029603_BG",-0.0169641199937898,0.499999999999712,1.34768076297265,0.346514526619612
"MqA_CHR03:1349862-1350162_BG",-0.0169436964459599,0.5,1.34768076297265,0.789493373147266
"MqA_CHR07:12062129-12062429_BG",-0.0169198171632701,0.499999999999685,1.34768076297265,0.69131816639473
"MqA_CHR05:12140872-12141172_BG",-0.01689273419563,0.500000000000315,1.34768076297265,-0.212776393678112
"MqA_CHR11:13017783-13018083_MR",-0.0168100781748701,0.499999999999696,1.34768076297265,-0.841210082126961
"MqA_CHR06:20581759-20582059_MR",-0.0167858044429701,0.499999999999696,1.34768076297265,0.656991500297013
"MqA_CHR08:4249298-4249598_MR",-0.0167792919751997,0.499999999999987,1.34768076297265,-0.853544324486138
"MqA_CHR03:1484446-1484746_MR",-0.01677643708876,0.5,1.34768076297265,-0.769805033248463
"MqA_CHR08:22252249-22252549_BG",-0.0167748757606501,0.500000000000887,1.34768076297265,0.281576296948518
"MqA_CHR04:10569347-10569647_MR",-0.0167389240445299,0.500000000000292,1.34768076297265,-0.360037201906474
"MqA_CHR03:2090710-2091010_MR",-0.0167309093522503,0.499999999999708,1.34768076297265,-0.621873255720457
"MqA_CHR09:16010835-16011135_BG",-0.0167308036876799,0.5,1.34768076297265,-0.211842411805479
"MqA_CHR08:16789590-16789890_BG",-0.0167248711761698,0.499999999999695,1.34768076297265,0.72561451838861
"MqA_CHR03:1832442-1832742_BG",-0.0167192747268801,0.500000000000013,1.34768076297265,-0.30357631089906
"MqA_CHR11:7036182-7036482_BG",-0.0166614065905502,0.500000000000307,1.34768076297265,-0.998729482952075
"MqA_CHR06:6028692-6028992_MR",-0.0166446656572998,0.499999999999987,1.34768076297265,0.823144311537365
"MqA_CHR06:1420132-1420432_MR",-0.0166422702293199,0.5,1.34768076297265,0.903998176531807
"MqA_CHR09:12013293-12013593_BG",-0.01659033558541,0.500000000000294,1.34768076297265,-0.0203633547698997
"MqA_CHR03:17817907-17818207_MR",-0.0165693950216901,0.500000000000308,1.34768076297265,-0.0721803214752681
"MqA_CHR07:13644092-13644392_BG",-0.0165517131932198,0.5,1.34768076297265,0.193712992306132
"MqA_CHR06:10622501-10622801_MR",-0.0164657899082399,0.500000000000607,1.34768076297265,0.81282901134807
"MqA_CHR05:14971409-14971709_BG",-0.0164656999688098,0.49999999999969,1.34768076297265,-0.653297382026235
"MqA_CHR10:12557346-12557646_BG",-0.0164652867840998,0.5,1.34768076297265,0.573010607411691
"MqA_CHR10:7608788-7609088_BG",-0.01646395751479,0.500000000000297,1.34768076297265,-0.53346824510268
"MqA_CHR08:12227842-12228142_MR",-0.01638138450781,0.500000000000312,1.34768076297265,0.15470926258188
"MqA_CHR10:16662967-16663267_epistatic",-0.0163577309594101,0.499999999999688,1.34768076297265,0.682296331658394
"MqA_CHR06:5139642-5139942_MR",-0.0163549099534599,0.5,1.34768076297265,-0.735764140299692
"MqA_CHR02:1011709-1012009_BG",-0.01634718109583,0.499999999999715,1.34768076297265,0.792258901820884
"MqA_CHR02:4516192-4516492_BG",-0.0163312930844803,0.5,1.34768076297265,-0.099654603903472
"MqA_CHR08:12228229-12228529_MR",-0.0163199317259202,0.499999999999986,1.34768076297265,0.786446341486216
"MqA_CHR07:1927223-1927523_BG",-0.0163076516779199,0.5,1.34768076297265,-0.498855975406071
"MqA_CHR09:5911918-5912218_MR",-0.0162821826467301,0.5000000000003,1.34768076297265,-0.832160033599902
"MqA_CHR09:6147230-6147530_BG",-0.0162694756075998,0.5,1.34768076297265,-0.902794304404776
"MqA_CHR08:19067593-19067893_MR",-0.0162547121222998,0.5,1.34768076297265,0.960067085223495
"MqA_CHR05:3519075-3519375_MR",-0.0162303724483297,0.500000000000315,1.34768076297265,-0.029302554331582
"MqA_CHR11:6581253-6581553_MR",-0.0162298889890602,0.5,1.34768076297265,0.691213602991842
"MqA_CHR08:24819802-24820102_MR",-0.0161977155167996,0.5,1.34768076297265,-0.167032859152916
"MqA_CHR11:4679028-4679328_MR",-0.0160568498983298,0.500000000000318,1.34768076297265,-0.0207693925959149
"MqA_CHR06:10656659-10656959_MR",-0.0160248039461499,0.499999999999681,1.34768076297265,-0.633046634149453
"MqA_CHR07:14349116-14349416_MR",-0.01597230314818,0.5,1.34768076297265,0.518801464296165
"MqA_CHR09:5339577-5339877_MR",-0.01594080679138,0.5,1.34768076297265,-0.3899384999753
"MqA_CHR11:918357-918657_BG",-0.0159072190751797,0.5,1.34768076297265,-0.668503729682272
"MqA_CHR05:20126423-20126723_BG",-0.0159018757133298,0.499999999999693,1.34768076297265,-0.933946487436058
"MqA_CHR11:6479098-6479398_BG",-0.0158985545213501,0.500000000000321,1.34768076297265,-0.727637515038842
"MqA_CHR09:5910527-5910827_MR",-0.0158848604359498,0.500000000000308,1.34768076297265,-0.645294850109458
"MqA_CHR08:19165549-19165849_MR",-0.0158628390060098,0.500000000000308,1.34768076297265,0.0395369291844567
"MqA_CHR09:13575793-13576093_BG",-0.0158082795589101,0.500000000000309,1.34768076297265,0.624205102615271
"MqA_CHR07:13371050-13371350_MR",-0.01579491207817,0.499999999999663,1.34768076297265,-0.768624918809519
"MqA_CHR11:10662189-10662489_BG",-0.0157850135729802,0.5,1.34768076297265,0.789689125830405
"MqA_CHR10:18967294-18967594_BG",-0.0157808249252498,0.499999999999676,1.34768076297265,0.150588942088983
"MqA_CHR05:10893831-10894131_BG",-0.0157527762010901,0.50000000000031,1.34768076297265,-0.706002838028588
"MqA_CHR03:16950306-16950606_MR",-0.0157327603920501,0.499999999999675,1.34768076297265,0.807565118628658
"MqA_CHR08:19169297-19169597_MR",-0.0157025417690502,0.500000000000311,1.34768076297265,-0.49320216964317
"MqA_CHR01:17967366-17967666_MR",-0.0156755603565797,0.5,1.34768076297265,-0.6981399259185
"MqA_CHR10:15010542-15010842_BG",-0.0156514178609699,0.500000000000312,1.34768076297265,0.538796542222259
"MqA_CHR05:21266011-21266311_MR",-0.0156363407439999,0.5,1.34768076297265,-0.538887152648876
"MqA_CHR06:19168331-19168631_BG",-0.01548546790869,0.50000000000033,1.34768076297265,-0.387725952513382
"MqA_CHR08:15435797-15436097_MR",-0.01548230820223,0.50000000000033,1.34768076297265,0.0374018874318792
"MqA_CHR05:21272410-21272710_MR",-0.0154704878763496,0.500000000000316,1.34768076297265,-0.324648615301598
"MqA_CHR08:19187195-19187495_MR",-0.0154571698198902,0.500000000000316,1.34768076297265,-0.690346989356648
"MqA_CHR11:1226309-1226609_BG",-0.0154033499769399,0.5,1.34768076297265,-0.46930642486736
"MqA_CHR10:12985061-12985361_MR",-0.0153356876608801,0.499999999999986,1.34768076297265,-0.299348640797308
"MqA_CHR07:13951769-13952069_MR",-0.0153263128699299,0.500000000000319,1.34768076297265,0.158404177787766
